stage,step,tau,sigma_tau,mse_x1,task,image,method
0,0,0.0,nan,1.6930122375488281,box_inpainting,breastplate_armor,wls
0,1,0.111,nan,2.2606072425842285,box_inpainting,breastplate_armor,wls
0,2,0.222,nan,3.6736066341400146,box_inpainting,breastplate_armor,wls
0,3,0.333,nan,7.178060054779053,box_inpainting,breastplate_armor,wls
0,4,0.444,nan,20.652145385742188,box_inpainting,breastplate_armor,wls
0,5,0.555,nan,94.3387451171875,box_inpainting,breastplate_armor,wls
0,6,0.666,nan,519.5133056640625,box_inpainting,breastplate_armor,wls
0,7,0.777,nan,3833.133544921875,box_inpainting,breastplate_armor,wls
0,8,0.888,nan,39964.2890625,box_inpainting,breastplate_armor,wls
0,9,0.999,nan,604048.625,box_inpainting,breastplate_armor,wls
1,0,0.0,nan,125244.4375,box_inpainting,breastplate_armor,wls
1,1,0.111,nan,232857.046875,box_inpainting,breastplate_armor,wls
1,2,0.222,nan,505202.59375,box_inpainting,breastplate_armor,wls
1,3,0.333,nan,1288548.0,box_inpainting,breastplate_armor,wls
1,4,0.444,nan,3876917.0,box_inpainting,breastplate_armor,wls
1,5,0.555,nan,13742990.0,box_inpainting,breastplate_armor,wls
1,6,0.666,nan,57054000.0,box_inpainting,breastplate_armor,wls
1,7,0.777,nan,274531776.0,box_inpainting,breastplate_armor,wls
1,8,0.888,nan,1509722880.0,box_inpainting,breastplate_armor,wls
1,9,0.999,nan,9330562048.0,box_inpainting,breastplate_armor,wls
2,0,0.0,nan,3762783744.0,box_inpainting,breastplate_armor,wls
2,1,0.111,nan,5398971392.0,box_inpainting,breastplate_armor,wls
2,2,0.222,nan,8036894208.0,box_inpainting,breastplate_armor,wls
2,3,0.333,nan,12344823808.0,box_inpainting,breastplate_armor,wls
2,4,0.444,nan,19440259072.0,box_inpainting,breastplate_armor,wls
2,5,0.555,nan,31161151488.0,box_inpainting,breastplate_armor,wls
2,6,0.666,nan,50454634496.0,box_inpainting,breastplate_armor,wls
2,7,0.777,nan,81886314496.0,box_inpainting,breastplate_armor,wls
2,8,0.888,nan,132237451264.0,box_inpainting,breastplate_armor,wls
2,9,0.999,nan,211159908352.0,box_inpainting,breastplate_armor,wls
3,0,0.0,nan,118554492928.0,box_inpainting,breastplate_armor,wls
3,1,0.111,nan,118065422336.0,box_inpainting,breastplate_armor,wls
3,2,0.222,nan,117495496704.0,box_inpainting,breastplate_armor,wls
3,3,0.333,nan,116809547776.0,box_inpainting,breastplate_armor,wls
3,4,0.444,nan,115975421952.0,box_inpainting,breastplate_armor,wls
3,5,0.555,nan,114966093824.0,box_inpainting,breastplate_armor,wls
3,6,0.666,nan,113763704832.0,box_inpainting,breastplate_armor,wls
3,7,0.777,nan,112375152640.0,box_inpainting,breastplate_armor,wls
3,8,0.888,nan,110961975296.0,box_inpainting,breastplate_armor,wls
3,9,0.999,nan,110961786880.0,box_inpainting,breastplate_armor,wls
0,0,0.0,nan,0.047321468591690063,box_inpainting,breastplate_armor,model
0,1,0.111,nan,0.03967740386724472,box_inpainting,breastplate_armor,model
0,2,0.222,nan,0.02933703176677227,box_inpainting,breastplate_armor,model
0,3,0.333,nan,0.024236885830760002,box_inpainting,breastplate_armor,model
0,4,0.444,nan,0.021461164578795433,box_inpainting,breastplate_armor,model
0,5,0.555,nan,0.017135797068476677,box_inpainting,breastplate_armor,model
0,6,0.666,nan,0.01572052389383316,box_inpainting,breastplate_armor,model
0,7,0.777,nan,0.013478982262313366,box_inpainting,breastplate_armor,model
0,8,0.888,nan,0.011949984356760979,box_inpainting,breastplate_armor,model
0,9,0.999,nan,0.011616181582212448,box_inpainting,breastplate_armor,model
1,0,0.0,nan,0.012250328436493874,box_inpainting,breastplate_armor,model
1,1,0.111,nan,0.011313056573271751,box_inpainting,breastplate_armor,model
1,2,0.222,nan,0.009831002913415432,box_inpainting,breastplate_armor,model
1,3,0.333,nan,0.008957422338426113,box_inpainting,breastplate_armor,model
1,4,0.444,nan,0.009250718168914318,box_inpainting,breastplate_armor,model
1,5,0.555,nan,0.00914222002029419,box_inpainting,breastplate_armor,model
1,6,0.666,nan,0.009408324025571346,box_inpainting,breastplate_armor,model
1,7,0.777,nan,0.009277783334255219,box_inpainting,breastplate_armor,model
1,8,0.888,nan,0.00965818390250206,box_inpainting,breastplate_armor,model
1,9,0.999,nan,0.010119169019162655,box_inpainting,breastplate_armor,model
2,0,0.0,nan,0.011257251724600792,box_inpainting,breastplate_armor,model
2,1,0.111,nan,0.011321383528411388,box_inpainting,breastplate_armor,model
2,2,0.222,nan,0.01151912473142147,box_inpainting,breastplate_armor,model
2,3,0.333,nan,0.011697369627654552,box_inpainting,breastplate_armor,model
2,4,0.444,nan,0.011914148926734924,box_inpainting,breastplate_armor,model
2,5,0.555,nan,0.01227436400949955,box_inpainting,breastplate_armor,model
2,6,0.666,nan,0.013363843783736229,box_inpainting,breastplate_armor,model
2,7,0.777,nan,0.014645739458501339,box_inpainting,breastplate_armor,model
2,8,0.888,nan,0.015584595501422882,box_inpainting,breastplate_armor,model
2,9,0.999,nan,0.016670184209942818,box_inpainting,breastplate_armor,model
3,0,0.0,nan,0.01691741868853569,box_inpainting,breastplate_armor,model
3,1,0.111,nan,0.01633983477950096,box_inpainting,breastplate_armor,model
3,2,0.222,nan,0.016169050708413124,box_inpainting,breastplate_armor,model
3,3,0.333,nan,0.016318030655384064,box_inpainting,breastplate_armor,model
3,4,0.444,nan,0.016424886882305145,box_inpainting,breastplate_armor,model
3,5,0.555,nan,0.016441931948065758,box_inpainting,breastplate_armor,model
3,6,0.666,nan,0.01645672507584095,box_inpainting,breastplate_armor,model
3,7,0.777,nan,0.016372131183743477,box_inpainting,breastplate_armor,model
3,8,0.888,nan,0.01621215045452118,box_inpainting,breastplate_armor,model
3,9,0.999,nan,0.01621425896883011,box_inpainting,breastplate_armor,model
0,0,0.0,1.0,0.07496578991413116,box_inpainting,breastplate_armor,alg2
0,1,0.111,0.9722500000000001,0.0752117782831192,box_inpainting,breastplate_armor,alg2
0,2,0.222,0.9445,0.07542155683040619,box_inpainting,breastplate_armor,alg2
0,3,0.333,0.9167500000000001,0.07543911039829254,box_inpainting,breastplate_armor,alg2
0,4,0.444,0.889,0.07569238543510437,box_inpainting,breastplate_armor,alg2
0,5,0.555,0.86125,0.07591584324836731,box_inpainting,breastplate_armor,alg2
0,6,0.666,0.8335,0.07899217307567596,box_inpainting,breastplate_armor,alg2
0,7,0.777,0.80575,0.08093570917844772,box_inpainting,breastplate_armor,alg2
0,8,0.888,0.778,0.08408018201589584,box_inpainting,breastplate_armor,alg2
0,9,0.999,0.75025,0.08831491321325302,box_inpainting,breastplate_armor,alg2
1,0,0.0,0.8571428571428572,3.052713394165039,box_inpainting,breastplate_armor,alg2
1,1,0.111,0.8175000000000001,2.4394118785858154,box_inpainting,breastplate_armor,alg2
1,2,0.222,0.7778571428571429,1.9427471160888672,box_inpainting,breastplate_armor,alg2
1,3,0.333,0.7382142857142858,2.1012063026428223,box_inpainting,breastplate_armor,alg2
1,4,0.444,0.6985714285714286,2.0911684036254883,box_inpainting,breastplate_armor,alg2
1,5,0.555,0.6589285714285714,1.8644136190414429,box_inpainting,breastplate_armor,alg2
1,6,0.666,0.6192857142857142,1.5228087902069092,box_inpainting,breastplate_armor,alg2
1,7,0.777,0.5796428571428571,1.250035285949707,box_inpainting,breastplate_armor,alg2
1,8,0.888,0.54,1.0568643808364868,box_inpainting,breastplate_armor,alg2
1,9,0.999,0.5003571428571428,0.8546541929244995,box_inpainting,breastplate_armor,alg2
2,0,0.0,0.6666666666666667,1.0215144157409668,box_inpainting,breastplate_armor,alg2
2,1,0.111,0.6204166666666668,1.9611176252365112,box_inpainting,breastplate_armor,alg2
2,2,0.222,0.5741666666666667,2.8080384731292725,box_inpainting,breastplate_armor,alg2
2,3,0.333,0.5279166666666668,2.165330410003662,box_inpainting,breastplate_armor,alg2
2,4,0.444,0.48166666666666674,1.5034946203231812,box_inpainting,breastplate_armor,alg2
2,5,0.555,0.4354166666666667,0.9880690574645996,box_inpainting,breastplate_armor,alg2
2,6,0.666,0.38916666666666666,0.6906490325927734,box_inpainting,breastplate_armor,alg2
2,7,0.777,0.34291666666666665,0.5071587562561035,box_inpainting,breastplate_armor,alg2
2,8,0.888,0.2966666666666667,0.4004628360271454,box_inpainting,breastplate_armor,alg2
2,9,0.999,0.2504166666666667,0.33272218704223633,box_inpainting,breastplate_armor,alg2
3,0,0.0,0.3999999999999999,0.5094029903411865,box_inpainting,breastplate_armor,alg2
3,1,0.111,0.3555999999999999,0.44520410895347595,box_inpainting,breastplate_armor,alg2
3,2,0.222,0.3111999999999999,0.3932771682739258,box_inpainting,breastplate_armor,alg2
3,3,0.333,0.2668,0.35488423705101013,box_inpainting,breastplate_armor,alg2
3,4,0.444,0.22239999999999996,0.33096790313720703,box_inpainting,breastplate_armor,alg2
3,5,0.555,0.17799999999999994,0.31606364250183105,box_inpainting,breastplate_armor,alg2
3,6,0.666,0.13359999999999997,0.3078805208206177,box_inpainting,breastplate_armor,alg2
3,7,0.777,0.08919999999999997,0.30445510149002075,box_inpainting,breastplate_armor,alg2
3,8,0.888,0.044799999999999986,0.3033546805381775,box_inpainting,breastplate_armor,alg2
3,9,0.999,0.0004000000000000003,0.3033546805381775,box_inpainting,breastplate_armor,alg2
0,0,0.0,nan,1.6409358978271484,box_inpainting,crane_structure,wls
0,1,0.111,nan,2.2024788856506348,box_inpainting,crane_structure,wls
0,2,0.222,nan,3.592000722885132,box_inpainting,crane_structure,wls
0,3,0.333,nan,6.976529598236084,box_inpainting,crane_structure,wls
0,4,0.444,nan,19.47982406616211,box_inpainting,crane_structure,wls
0,5,0.555,nan,91.98045349121094,box_inpainting,crane_structure,wls
0,6,0.666,nan,504.5367431640625,box_inpainting,crane_structure,wls
0,7,0.777,nan,3709.79296875,box_inpainting,crane_structure,wls
0,8,0.888,nan,38615.6953125,box_inpainting,crane_structure,wls
0,9,0.999,nan,582599.75,box_inpainting,crane_structure,wls
1,0,0.0,nan,120823.4375,box_inpainting,crane_structure,wls
1,1,0.111,nan,224640.171875,box_inpainting,crane_structure,wls
1,2,0.222,nan,487367.75,box_inpainting,crane_structure,wls
1,3,0.333,nan,1243019.875,box_inpainting,crane_structure,wls
1,4,0.444,nan,3739725.0,box_inpainting,crane_structure,wls
1,5,0.555,nan,13256184.0,box_inpainting,crane_structure,wls
1,6,0.666,nan,55031944.0,box_inpainting,crane_structure,wls
1,7,0.777,nan,264800352.0,box_inpainting,crane_structure,wls
1,8,0.888,nan,1456206592.0,box_inpainting,crane_structure,wls
1,9,0.999,nan,8999823360.0,box_inpainting,crane_structure,wls
2,0,0.0,nan,3629406208.0,box_inpainting,crane_structure,wls
2,1,0.111,nan,5207596032.0,box_inpainting,crane_structure,wls
2,2,0.222,nan,7752015360.0,box_inpainting,crane_structure,wls
2,3,0.333,nan,11907244032.0,box_inpainting,crane_structure,wls
2,4,0.444,nan,18751172608.0,box_inpainting,crane_structure,wls
2,5,0.555,nan,30056599552.0,box_inpainting,crane_structure,wls
2,6,0.666,nan,48666193920.0,box_inpainting,crane_structure,wls
2,7,0.777,nan,78983725056.0,box_inpainting,crane_structure,wls
2,8,0.888,nan,127550095360.0,box_inpainting,crane_structure,wls
2,9,0.999,nan,203675058176.0,box_inpainting,crane_structure,wls
3,0,0.0,nan,114352160768.0,box_inpainting,crane_structure,wls
3,1,0.111,nan,113880424448.0,box_inpainting,crane_structure,wls
3,2,0.222,nan,113330708480.0,box_inpainting,crane_structure,wls
3,3,0.333,nan,112669057024.0,box_inpainting,crane_structure,wls
3,4,0.444,nan,111864512512.0,box_inpainting,crane_structure,wls
3,5,0.555,nan,110890967040.0,box_inpainting,crane_structure,wls
3,6,0.666,nan,109731201024.0,box_inpainting,crane_structure,wls
3,7,0.777,nan,108391849984.0,box_inpainting,crane_structure,wls
3,8,0.888,nan,107028774912.0,box_inpainting,crane_structure,wls
3,9,0.999,nan,107028594688.0,box_inpainting,crane_structure,wls
0,0,0.0,nan,0.06515496224164963,box_inpainting,crane_structure,model
0,1,0.111,nan,0.06778088957071304,box_inpainting,crane_structure,model
0,2,0.222,nan,0.060481928288936615,box_inpainting,crane_structure,model
0,3,0.333,nan,0.0399758517742157,box_inpainting,crane_structure,model
0,4,0.444,nan,0.025198763236403465,box_inpainting,crane_structure,model
0,5,0.555,nan,0.02382645383477211,box_inpainting,crane_structure,model
0,6,0.666,nan,0.01896354928612709,box_inpainting,crane_structure,model
0,7,0.777,nan,0.018710723146796227,box_inpainting,crane_structure,model
0,8,0.888,nan,0.0166386179625988,box_inpainting,crane_structure,model
0,9,0.999,nan,0.019637733697891235,box_inpainting,crane_structure,model
1,0,0.0,nan,0.032597023993730545,box_inpainting,crane_structure,model
1,1,0.111,nan,0.028204023838043213,box_inpainting,crane_structure,model
1,2,0.222,nan,0.028605109080672264,box_inpainting,crane_structure,model
1,3,0.333,nan,0.034512341022491455,box_inpainting,crane_structure,model
1,4,0.444,nan,0.04750983044505119,box_inpainting,crane_structure,model
1,5,0.555,nan,0.04499319940805435,box_inpainting,crane_structure,model
1,6,0.666,nan,0.05437710881233215,box_inpainting,crane_structure,model
1,7,0.777,nan,0.05652763694524765,box_inpainting,crane_structure,model
1,8,0.888,nan,0.05975205451250076,box_inpainting,crane_structure,model
1,9,0.999,nan,0.06376221776008606,box_inpainting,crane_structure,model
2,0,0.0,nan,0.06195735186338425,box_inpainting,crane_structure,model
2,1,0.111,nan,0.06322865933179855,box_inpainting,crane_structure,model
2,2,0.222,nan,0.06445212662220001,box_inpainting,crane_structure,model
2,3,0.333,nan,0.06701590120792389,box_inpainting,crane_structure,model
2,4,0.444,nan,0.07075431942939758,box_inpainting,crane_structure,model
2,5,0.555,nan,0.0743875578045845,box_inpainting,crane_structure,model
2,6,0.666,nan,0.07792272418737411,box_inpainting,crane_structure,model
2,7,0.777,nan,0.08079376071691513,box_inpainting,crane_structure,model
2,8,0.888,nan,0.08362273871898651,box_inpainting,crane_structure,model
2,9,0.999,nan,0.08715983480215073,box_inpainting,crane_structure,model
3,0,0.0,nan,0.08709164708852768,box_inpainting,crane_structure,model
3,1,0.111,nan,0.08427801728248596,box_inpainting,crane_structure,model
3,2,0.222,nan,0.08364608138799667,box_inpainting,crane_structure,model
3,3,0.333,nan,0.08354407548904419,box_inpainting,crane_structure,model
3,4,0.444,nan,0.08342113345861435,box_inpainting,crane_structure,model
3,5,0.555,nan,0.08349015563726425,box_inpainting,crane_structure,model
3,6,0.666,nan,0.08359578251838684,box_inpainting,crane_structure,model
3,7,0.777,nan,0.08378078788518906,box_inpainting,crane_structure,model
3,8,0.888,nan,0.08388577401638031,box_inpainting,crane_structure,model
3,9,0.999,nan,0.08388795703649521,box_inpainting,crane_structure,model
0,0,0.0,1.0,0.11227825284004211,box_inpainting,crane_structure,alg2
0,1,0.111,0.9722500000000001,0.1136813685297966,box_inpainting,crane_structure,alg2
0,2,0.222,0.9445,0.1168045625090599,box_inpainting,crane_structure,alg2
0,3,0.333,0.9167500000000001,0.1141328364610672,box_inpainting,crane_structure,alg2
0,4,0.444,0.889,0.1156979650259018,box_inpainting,crane_structure,alg2
0,5,0.555,0.86125,0.11554425209760666,box_inpainting,crane_structure,alg2
0,6,0.666,0.8335,0.11901728808879852,box_inpainting,crane_structure,alg2
0,7,0.777,0.80575,0.11786231398582458,box_inpainting,crane_structure,alg2
0,8,0.888,0.778,0.12121963500976562,box_inpainting,crane_structure,alg2
0,9,0.999,0.75025,0.12518201768398285,box_inpainting,crane_structure,alg2
1,0,0.0,0.8571428571428572,3.0371880531311035,box_inpainting,crane_structure,alg2
1,1,0.111,0.8175000000000001,2.4131550788879395,box_inpainting,crane_structure,alg2
1,2,0.222,0.7778571428571429,1.939352035522461,box_inpainting,crane_structure,alg2
1,3,0.333,0.7382142857142858,2.079134702682495,box_inpainting,crane_structure,alg2
1,4,0.444,0.6985714285714286,2.035020351409912,box_inpainting,crane_structure,alg2
1,5,0.555,0.6589285714285714,1.8025553226470947,box_inpainting,crane_structure,alg2
1,6,0.666,0.6192857142857142,1.4543861150741577,box_inpainting,crane_structure,alg2
1,7,0.777,0.5796428571428571,1.19377601146698,box_inpainting,crane_structure,alg2
1,8,0.888,0.54,1.0137100219726562,box_inpainting,crane_structure,alg2
1,9,0.999,0.5003571428571428,0.8194920420646667,box_inpainting,crane_structure,alg2
2,0,0.0,0.6666666666666667,1.0043230056762695,box_inpainting,crane_structure,alg2
2,1,0.111,0.6204166666666668,2.0092015266418457,box_inpainting,crane_structure,alg2
2,2,0.222,0.5741666666666667,2.816049337387085,box_inpainting,crane_structure,alg2
2,3,0.333,0.5279166666666668,2.164924144744873,box_inpainting,crane_structure,alg2
2,4,0.444,0.48166666666666674,1.4974297285079956,box_inpainting,crane_structure,alg2
2,5,0.555,0.4354166666666667,1.004228949546814,box_inpainting,crane_structure,alg2
2,6,0.666,0.38916666666666666,0.7052097320556641,box_inpainting,crane_structure,alg2
2,7,0.777,0.34291666666666665,0.520582914352417,box_inpainting,crane_structure,alg2
2,8,0.888,0.2966666666666667,0.4126974046230316,box_inpainting,crane_structure,alg2
2,9,0.999,0.2504166666666667,0.34574902057647705,box_inpainting,crane_structure,alg2
3,0,0.0,0.3999999999999999,0.5159587860107422,box_inpainting,crane_structure,alg2
3,1,0.111,0.3555999999999999,0.45266780257225037,box_inpainting,crane_structure,alg2
3,2,0.222,0.3111999999999999,0.39963147044181824,box_inpainting,crane_structure,alg2
3,3,0.333,0.2668,0.3597710132598877,box_inpainting,crane_structure,alg2
3,4,0.444,0.22239999999999996,0.3344566226005554,box_inpainting,crane_structure,alg2
3,5,0.555,0.17799999999999994,0.3180544972419739,box_inpainting,crane_structure,alg2
3,6,0.666,0.13359999999999997,0.3107112944126129,box_inpainting,crane_structure,alg2
3,7,0.777,0.08919999999999997,0.3062605857849121,box_inpainting,crane_structure,alg2
3,8,0.888,0.044799999999999986,0.3049740493297577,box_inpainting,crane_structure,alg2
3,9,0.999,0.0004000000000000003,0.3049740493297577,box_inpainting,crane_structure,alg2
0,0,0.0,nan,1.7279441356658936,box_inpainting,ibex_horns,wls
0,1,0.111,nan,2.3260445594787598,box_inpainting,ibex_horns,wls
0,2,0.222,nan,3.789590835571289,box_inpainting,ibex_horns,wls
0,3,0.333,nan,7.3273162841796875,box_inpainting,ibex_horns,wls
0,4,0.444,nan,20.636245727539062,box_inpainting,ibex_horns,wls
0,5,0.555,nan,95.56625366210938,box_inpainting,ibex_horns,wls
0,6,0.666,nan,530.251220703125,box_inpainting,ibex_horns,wls
0,7,0.777,nan,3899.68017578125,box_inpainting,ibex_horns,wls
0,8,0.888,nan,40521.90234375,box_inpainting,ibex_horns,wls
0,9,0.999,nan,609853.5,box_inpainting,ibex_horns,wls
1,0,0.0,nan,126626.671875,box_inpainting,ibex_horns,wls
1,1,0.111,nan,235430.34375,box_inpainting,ibex_horns,wls
1,2,0.222,nan,510807.5,box_inpainting,ibex_horns,wls
1,3,0.333,nan,1302870.0,box_inpainting,ibex_horns,wls
1,4,0.444,nan,3920055.0,box_inpainting,ibex_horns,wls
1,5,0.555,nan,13895895.0,box_inpainting,ibex_horns,wls
1,6,0.666,nan,57688556.0,box_inpainting,ibex_horns,wls
1,7,0.777,nan,277584192.0,box_inpainting,ibex_horns,wls
1,8,0.888,nan,1526504832.0,box_inpainting,ibex_horns,wls
1,9,0.999,nan,9434269696.0,box_inpainting,ibex_horns,wls
2,0,0.0,nan,3804605184.0,box_inpainting,ibex_horns,wls
2,1,0.111,nan,5458977280.0,box_inpainting,ibex_horns,wls
2,2,0.222,nan,8126221312.0,box_inpainting,ibex_horns,wls
2,3,0.333,nan,12482033664.0,box_inpainting,ibex_horns,wls
2,4,0.444,nan,19656335360.0,box_inpainting,ibex_horns,wls
2,5,0.555,nan,31507509248.0,box_inpainting,ibex_horns,wls
2,6,0.666,nan,51015434240.0,box_inpainting,ibex_horns,wls
2,7,0.777,nan,82796478464.0,box_inpainting,ibex_horns,wls
2,8,0.888,nan,133707268096.0,box_inpainting,ibex_horns,wls
2,9,0.999,nan,213506965504.0,box_inpainting,ibex_horns,wls
3,0,0.0,nan,119872241664.0,box_inpainting,ibex_horns,wls
3,1,0.111,nan,119377739776.0,box_inpainting,ibex_horns,wls
3,2,0.222,nan,118801457152.0,box_inpainting,ibex_horns,wls
3,3,0.333,nan,118107889664.0,box_inpainting,ibex_horns,wls
3,4,0.444,nan,117264498688.0,box_inpainting,ibex_horns,wls
3,5,0.555,nan,116243955712.0,box_inpainting,ibex_horns,wls
3,6,0.666,nan,115028213760.0,box_inpainting,ibex_horns,wls
3,7,0.777,nan,113624203264.0,box_inpainting,ibex_horns,wls
3,8,0.888,nan,112195321856.0,box_inpainting,ibex_horns,wls
3,9,0.999,nan,112195133440.0,box_inpainting,ibex_horns,wls
0,0,0.0,nan,0.05073217302560806,box_inpainting,ibex_horns,model
0,1,0.111,nan,0.05103236436843872,box_inpainting,ibex_horns,model
0,2,0.222,nan,0.05568906292319298,box_inpainting,ibex_horns,model
0,3,0.333,nan,0.0589972659945488,box_inpainting,ibex_horns,model
0,4,0.444,nan,0.0605398528277874,box_inpainting,ibex_horns,model
0,5,0.555,nan,0.06137501448392868,box_inpainting,ibex_horns,model
0,6,0.666,nan,0.060489267110824585,box_inpainting,ibex_horns,model
0,7,0.777,nan,0.05938823148608208,box_inpainting,ibex_horns,model
0,8,0.888,nan,0.05308835953474045,box_inpainting,ibex_horns,model
0,9,0.999,nan,0.04782811552286148,box_inpainting,ibex_horns,model
1,0,0.0,nan,0.06985438615083694,box_inpainting,ibex_horns,model
1,1,0.111,nan,0.068020761013031,box_inpainting,ibex_horns,model
1,2,0.222,nan,0.0678573027253151,box_inpainting,ibex_horns,model
1,3,0.333,nan,0.0698520839214325,box_inpainting,ibex_horns,model
1,4,0.444,nan,0.07213813811540604,box_inpainting,ibex_horns,model
1,5,0.555,nan,0.0766024962067604,box_inpainting,ibex_horns,model
1,6,0.666,nan,0.08185284584760666,box_inpainting,ibex_horns,model
1,7,0.777,nan,0.0853925570845604,box_inpainting,ibex_horns,model
1,8,0.888,nan,0.0874200314283371,box_inpainting,ibex_horns,model
1,9,0.999,nan,0.0900699719786644,box_inpainting,ibex_horns,model
2,0,0.0,nan,0.09221814572811127,box_inpainting,ibex_horns,model
2,1,0.111,nan,0.0973108634352684,box_inpainting,ibex_horns,model
2,2,0.222,nan,0.10031788796186447,box_inpainting,ibex_horns,model
2,3,0.333,nan,0.10258595645427704,box_inpainting,ibex_horns,model
2,4,0.444,nan,0.10486549139022827,box_inpainting,ibex_horns,model
2,5,0.555,nan,0.10724552720785141,box_inpainting,ibex_horns,model
2,6,0.666,nan,0.10915142297744751,box_inpainting,ibex_horns,model
2,7,0.777,nan,0.11202982068061829,box_inpainting,ibex_horns,model
2,8,0.888,nan,0.11541116237640381,box_inpainting,ibex_horns,model
2,9,0.999,nan,0.11874072253704071,box_inpainting,ibex_horns,model
3,0,0.0,nan,0.11858521401882172,box_inpainting,ibex_horns,model
3,1,0.111,nan,0.11763360351324081,box_inpainting,ibex_horns,model
3,2,0.222,nan,0.117875836789608,box_inpainting,ibex_horns,model
3,3,0.333,nan,0.11829982697963715,box_inpainting,ibex_horns,model
3,4,0.444,nan,0.11901640892028809,box_inpainting,ibex_horns,model
3,5,0.555,nan,0.11928405612707138,box_inpainting,ibex_horns,model
3,6,0.666,nan,0.11990086734294891,box_inpainting,ibex_horns,model
3,7,0.777,nan,0.12026140093803406,box_inpainting,ibex_horns,model
3,8,0.888,nan,0.12042178958654404,box_inpainting,ibex_horns,model
3,9,0.999,nan,0.12042544782161713,box_inpainting,ibex_horns,model
0,0,0.0,1.0,0.31601572036743164,box_inpainting,ibex_horns,alg2
0,1,0.111,0.9722500000000001,0.31634190678596497,box_inpainting,ibex_horns,alg2
0,2,0.222,0.9445,0.31226062774658203,box_inpainting,ibex_horns,alg2
0,3,0.333,0.9167500000000001,0.31194406747817993,box_inpainting,ibex_horns,alg2
0,4,0.444,0.889,0.31883567571640015,box_inpainting,ibex_horns,alg2
0,5,0.555,0.86125,0.339290589094162,box_inpainting,ibex_horns,alg2
0,6,0.666,0.8335,0.3483504056930542,box_inpainting,ibex_horns,alg2
0,7,0.777,0.80575,0.3851313591003418,box_inpainting,ibex_horns,alg2
0,8,0.888,0.778,0.424048513174057,box_inpainting,ibex_horns,alg2
0,9,0.999,0.75025,0.4532010555267334,box_inpainting,ibex_horns,alg2
1,0,0.0,0.8571428571428572,2.958439350128174,box_inpainting,ibex_horns,alg2
1,1,0.111,0.8175000000000001,2.5463175773620605,box_inpainting,ibex_horns,alg2
1,2,0.222,0.7778571428571429,2.0424866676330566,box_inpainting,ibex_horns,alg2
1,3,0.333,0.7382142857142858,1.7435239553451538,box_inpainting,ibex_horns,alg2
1,4,0.444,0.6985714285714286,1.563920021057129,box_inpainting,ibex_horns,alg2
1,5,0.555,0.6589285714285714,1.4426336288452148,box_inpainting,ibex_horns,alg2
1,6,0.666,0.6192857142857142,1.1528780460357666,box_inpainting,ibex_horns,alg2
1,7,0.777,0.5796428571428571,0.9933790564537048,box_inpainting,ibex_horns,alg2
1,8,0.888,0.54,0.8281363248825073,box_inpainting,ibex_horns,alg2
1,9,0.999,0.5003571428571428,0.7560264468193054,box_inpainting,ibex_horns,alg2
2,0,0.0,0.6666666666666667,0.9905056953430176,box_inpainting,ibex_horns,alg2
2,1,0.111,0.6204166666666668,9.243125915527344,box_inpainting,ibex_horns,alg2
2,2,0.222,0.5741666666666667,6.709859848022461,box_inpainting,ibex_horns,alg2
2,3,0.333,0.5279166666666668,3.582477331161499,box_inpainting,ibex_horns,alg2
2,4,0.444,0.48166666666666674,1.9768542051315308,box_inpainting,ibex_horns,alg2
2,5,0.555,0.4354166666666667,1.1393213272094727,box_inpainting,ibex_horns,alg2
2,6,0.666,0.38916666666666666,0.7313317656517029,box_inpainting,ibex_horns,alg2
2,7,0.777,0.34291666666666665,0.5126339793205261,box_inpainting,ibex_horns,alg2
2,8,0.888,0.2966666666666667,0.38367360830307007,box_inpainting,ibex_horns,alg2
2,9,0.999,0.2504166666666667,0.3100237250328064,box_inpainting,ibex_horns,alg2
3,0,0.0,0.3999999999999999,0.48724669218063354,box_inpainting,ibex_horns,alg2
3,1,0.111,0.3555999999999999,0.41858288645744324,box_inpainting,ibex_horns,alg2
3,2,0.222,0.3111999999999999,0.3646305799484253,box_inpainting,ibex_horns,alg2
3,3,0.333,0.2668,0.3258022964000702,box_inpainting,ibex_horns,alg2
3,4,0.444,0.22239999999999996,0.30201172828674316,box_inpainting,ibex_horns,alg2
3,5,0.555,0.17799999999999994,0.28714972734451294,box_inpainting,ibex_horns,alg2
3,6,0.666,0.13359999999999997,0.27949684858322144,box_inpainting,ibex_horns,alg2
3,7,0.777,0.08919999999999997,0.2751195430755615,box_inpainting,ibex_horns,alg2
3,8,0.888,0.044799999999999986,0.27404317259788513,box_inpainting,ibex_horns,alg2
3,9,0.999,0.0004000000000000003,0.27404317259788513,box_inpainting,ibex_horns,alg2
0,0,0.0,nan,1.8954057693481445,box_inpainting,junco,wls
0,1,0.111,nan,2.563755512237549,box_inpainting,junco,wls
0,2,0.222,nan,4.196162700653076,box_inpainting,junco,wls
0,3,0.333,nan,7.874810695648193,box_inpainting,junco,wls
0,4,0.444,nan,24.169044494628906,box_inpainting,junco,wls
0,5,0.555,nan,112.59398651123047,box_inpainting,junco,wls
0,6,0.666,nan,608.0322265625,box_inpainting,junco,wls
0,7,0.777,nan,4443.853515625,box_inpainting,junco,wls
0,8,0.888,nan,45989.609375,box_inpainting,junco,wls
0,9,0.999,nan,689224.75,box_inpainting,junco,wls
1,0,0.0,nan,143130.609375,box_inpainting,junco,wls
1,1,0.111,nan,266085.34375,box_inpainting,junco,wls
1,2,0.222,nan,577235.875,box_inpainting,junco,wls
1,3,0.333,nan,1472159.5,box_inpainting,junco,wls
1,4,0.444,nan,4429084.0,box_inpainting,junco,wls
1,5,0.555,nan,15699692.0,box_inpainting,junco,wls
1,6,0.666,nan,65175616.0,box_inpainting,junco,wls
1,7,0.777,nan,313607360.0,box_inpainting,junco,wls
1,8,0.888,nan,1724602112.0,box_inpainting,junco,wls
1,9,0.999,nan,10658581504.0,box_inpainting,junco,wls
2,0,0.0,nan,4298334720.0,box_inpainting,junco,wls
2,1,0.111,nan,6167398400.0,box_inpainting,junco,wls
2,2,0.222,nan,9180777472.0,box_inpainting,junco,wls
2,3,0.333,nan,14101855232.0,box_inpainting,junco,wls
2,4,0.444,nan,22207184896.0,box_inpainting,junco,wls
2,5,0.555,nan,35596312576.0,box_inpainting,junco,wls
2,6,0.666,nan,57635831808.0,box_inpainting,junco,wls
2,7,0.777,nan,93541195776.0,box_inpainting,junco,wls
2,8,0.888,nan,151058841600.0,box_inpainting,junco,wls
2,9,0.999,nan,241214390272.0,box_inpainting,junco,wls
3,0,0.0,nan,135428374528.0,box_inpainting,junco,wls
3,1,0.111,nan,134869704704.0,box_inpainting,junco,wls
3,2,0.222,nan,134218645504.0,box_inpainting,junco,wls
3,3,0.333,nan,133435056128.0,box_inpainting,junco,wls
3,4,0.444,nan,132482228224.0,box_inpainting,junco,wls
3,5,0.555,nan,131329245184.0,box_inpainting,junco,wls
3,6,0.666,nan,129955725312.0,box_inpainting,junco,wls
3,7,0.777,nan,128369516544.0,box_inpainting,junco,wls
3,8,0.888,nan,126755209216.0,box_inpainting,junco,wls
3,9,0.999,nan,126754996224.0,box_inpainting,junco,wls
0,0,0.0,nan,0.019003231078386307,box_inpainting,junco,model
0,1,0.111,nan,0.0209612175822258,box_inpainting,junco,model
0,2,0.222,nan,0.023087337613105774,box_inpainting,junco,model
0,3,0.333,nan,0.025378912687301636,box_inpainting,junco,model
0,4,0.444,nan,0.025187861174345016,box_inpainting,junco,model
0,5,0.555,nan,0.023197822272777557,box_inpainting,junco,model
0,6,0.666,nan,0.021655436605215073,box_inpainting,junco,model
0,7,0.777,nan,0.02000061608850956,box_inpainting,junco,model
0,8,0.888,nan,0.018439849838614464,box_inpainting,junco,model
0,9,0.999,nan,0.018232304602861404,box_inpainting,junco,model
1,0,0.0,nan,0.018182547762989998,box_inpainting,junco,model
1,1,0.111,nan,0.019523492082953453,box_inpainting,junco,model
1,2,0.222,nan,0.019009459763765335,box_inpainting,junco,model
1,3,0.333,nan,0.020833415910601616,box_inpainting,junco,model
1,4,0.444,nan,0.02062366157770157,box_inpainting,junco,model
1,5,0.555,nan,0.020833417773246765,box_inpainting,junco,model
1,6,0.666,nan,0.020416822284460068,box_inpainting,junco,model
1,7,0.777,nan,0.021950578317046165,box_inpainting,junco,model
1,8,0.888,nan,0.02733791433274746,box_inpainting,junco,model
1,9,0.999,nan,0.03128788620233536,box_inpainting,junco,model
2,0,0.0,nan,0.03025716543197632,box_inpainting,junco,model
2,1,0.111,nan,0.03211177513003349,box_inpainting,junco,model
2,2,0.222,nan,0.034547109156847,box_inpainting,junco,model
2,3,0.333,nan,0.035744450986385345,box_inpainting,junco,model
2,4,0.444,nan,0.03642244637012482,box_inpainting,junco,model
2,5,0.555,nan,0.03731011971831322,box_inpainting,junco,model
2,6,0.666,nan,0.038673512637615204,box_inpainting,junco,model
2,7,0.777,nan,0.04026758298277855,box_inpainting,junco,model
2,8,0.888,nan,0.041826825588941574,box_inpainting,junco,model
2,9,0.999,nan,0.04385862872004509,box_inpainting,junco,model
3,0,0.0,nan,0.04353862255811691,box_inpainting,junco,model
3,1,0.111,nan,0.04327438399195671,box_inpainting,junco,model
3,2,0.222,nan,0.04330700263381004,box_inpainting,junco,model
3,3,0.333,nan,0.04374831169843674,box_inpainting,junco,model
3,4,0.444,nan,0.0441209077835083,box_inpainting,junco,model
3,5,0.555,nan,0.04441449046134949,box_inpainting,junco,model
3,6,0.666,nan,0.044605743139982224,box_inpainting,junco,model
3,7,0.777,nan,0.0446624718606472,box_inpainting,junco,model
3,8,0.888,nan,0.0446205660700798,box_inpainting,junco,model
3,9,0.999,nan,0.04462210088968277,box_inpainting,junco,model
0,0,0.0,1.0,0.04273861646652222,box_inpainting,junco,alg2
0,1,0.111,0.9722500000000001,0.04848068580031395,box_inpainting,junco,alg2
0,2,0.222,0.9445,0.05375978350639343,box_inpainting,junco,alg2
0,3,0.333,0.9167500000000001,0.08654861152172089,box_inpainting,junco,alg2
0,4,0.444,0.889,0.16621443629264832,box_inpainting,junco,alg2
0,5,0.555,0.86125,0.36422833800315857,box_inpainting,junco,alg2
0,6,0.666,0.8335,0.679190993309021,box_inpainting,junco,alg2
0,7,0.777,0.80575,1.1258846521377563,box_inpainting,junco,alg2
0,8,0.888,0.778,1.3790969848632812,box_inpainting,junco,alg2
0,9,0.999,0.75025,1.4531638622283936,box_inpainting,junco,alg2
1,0,0.0,0.8571428571428572,3.038888692855835,box_inpainting,junco,alg2
1,1,0.111,0.8175000000000001,2.747051954269409,box_inpainting,junco,alg2
1,2,0.222,0.7778571428571429,2.2446467876434326,box_inpainting,junco,alg2
1,3,0.333,0.7382142857142858,1.7362148761749268,box_inpainting,junco,alg2
1,4,0.444,0.6985714285714286,1.424884557723999,box_inpainting,junco,alg2
1,5,0.555,0.6589285714285714,1.2897162437438965,box_inpainting,junco,alg2
1,6,0.666,0.6192857142857142,1.1029298305511475,box_inpainting,junco,alg2
1,7,0.777,0.5796428571428571,0.9071797132492065,box_inpainting,junco,alg2
1,8,0.888,0.54,0.7416138052940369,box_inpainting,junco,alg2
1,9,0.999,0.5003571428571428,0.6232914924621582,box_inpainting,junco,alg2
2,0,0.0,0.6666666666666667,0.9226162433624268,box_inpainting,junco,alg2
2,1,0.111,0.6204166666666668,1.8902003765106201,box_inpainting,junco,alg2
2,2,0.222,0.5741666666666667,2.7924649715423584,box_inpainting,junco,alg2
2,3,0.333,0.5279166666666668,2.1164422035217285,box_inpainting,junco,alg2
2,4,0.444,0.48166666666666674,1.4514777660369873,box_inpainting,junco,alg2
2,5,0.555,0.4354166666666667,0.9333710074424744,box_inpainting,junco,alg2
2,6,0.666,0.38916666666666666,0.6326221823692322,box_inpainting,junco,alg2
2,7,0.777,0.34291666666666665,0.4479691684246063,box_inpainting,junco,alg2
2,8,0.888,0.2966666666666667,0.33858418464660645,box_inpainting,junco,alg2
2,9,0.999,0.2504166666666667,0.26933521032333374,box_inpainting,junco,alg2
3,0,0.0,0.3999999999999999,0.45144161581993103,box_inpainting,junco,alg2
3,1,0.111,0.3555999999999999,0.3869953751564026,box_inpainting,junco,alg2
3,2,0.222,0.3111999999999999,0.3351243734359741,box_inpainting,junco,alg2
3,3,0.333,0.2668,0.29597246646881104,box_inpainting,junco,alg2
3,4,0.444,0.22239999999999996,0.2719871401786804,box_inpainting,junco,alg2
3,5,0.555,0.17799999999999994,0.25554558634757996,box_inpainting,junco,alg2
3,6,0.666,0.13359999999999997,0.24773572385311127,box_inpainting,junco,alg2
3,7,0.777,0.08919999999999997,0.24364948272705078,box_inpainting,junco,alg2
3,8,0.888,0.044799999999999986,0.24249492585659027,box_inpainting,junco,alg2
3,9,0.999,0.0004000000000000003,0.24249492585659027,box_inpainting,junco,alg2
0,0,0.0,nan,1.5808557271957397,box_inpainting,lakeside_beach,wls
0,1,0.111,nan,2.130434513092041,box_inpainting,lakeside_beach,wls
0,2,0.222,nan,3.4842984676361084,box_inpainting,lakeside_beach,wls
0,3,0.333,nan,6.823925018310547,box_inpainting,lakeside_beach,wls
0,4,0.444,nan,18.8692684173584,box_inpainting,lakeside_beach,wls
0,5,0.555,nan,89.69145202636719,box_inpainting,lakeside_beach,wls
0,6,0.666,nan,492.24005126953125,box_inpainting,lakeside_beach,wls
0,7,0.777,nan,3629.134765625,box_inpainting,lakeside_beach,wls
0,8,0.888,nan,37745.1640625,box_inpainting,lakeside_beach,wls
0,9,0.999,nan,566988.875,box_inpainting,lakeside_beach,wls
1,0,0.0,nan,117717.0,box_inpainting,lakeside_beach,wls
1,1,0.111,nan,218877.625,box_inpainting,lakeside_beach,wls
1,2,0.222,nan,474895.59375,box_inpainting,lakeside_beach,wls
1,3,0.333,nan,1211281.875,box_inpainting,lakeside_beach,wls
1,4,0.444,nan,3644492.75,box_inpainting,lakeside_beach,wls
1,5,0.555,nan,12919051.0,box_inpainting,lakeside_beach,wls
1,6,0.666,nan,53633144.0,box_inpainting,lakeside_beach,wls
1,7,0.777,nan,258069536.0,box_inpainting,lakeside_beach,wls
1,8,0.888,nan,1419184640.0,box_inpainting,lakeside_beach,wls
1,9,0.999,nan,8770985984.0,box_inpainting,lakeside_beach,wls
2,0,0.0,nan,3537126144.0,box_inpainting,lakeside_beach,wls
2,1,0.111,nan,5075185152.0,box_inpainting,lakeside_beach,wls
2,2,0.222,nan,7554903552.0,box_inpainting,lakeside_beach,wls
2,3,0.333,nan,11604470784.0,box_inpainting,lakeside_beach,wls
2,4,0.444,nan,18274365440.0,box_inpainting,lakeside_beach,wls
2,5,0.555,nan,29292298240.0,box_inpainting,lakeside_beach,wls
2,6,0.666,nan,47428657152.0,box_inpainting,lakeside_beach,wls
2,7,0.777,nan,76975226880.0,box_inpainting,lakeside_beach,wls
2,8,0.888,nan,124306538496.0,box_inpainting,lakeside_beach,wls
2,9,0.999,nan,198495600640.0,box_inpainting,lakeside_beach,wls
3,0,0.0,nan,111444221952.0,box_inpainting,lakeside_beach,wls
3,1,0.111,nan,110984495104.0,box_inpainting,lakeside_beach,wls
3,2,0.222,nan,110448738304.0,box_inpainting,lakeside_beach,wls
3,3,0.333,nan,109803921408.0,box_inpainting,lakeside_beach,wls
3,4,0.444,nan,109019840512.0,box_inpainting,lakeside_beach,wls
3,5,0.555,nan,108071043072.0,box_inpainting,lakeside_beach,wls
3,6,0.666,nan,106940776448.0,box_inpainting,lakeside_beach,wls
3,7,0.777,nan,105635471360.0,box_inpainting,lakeside_beach,wls
3,8,0.888,nan,104307064832.0,box_inpainting,lakeside_beach,wls
3,9,0.999,nan,104306892800.0,box_inpainting,lakeside_beach,wls
0,0,0.0,nan,0.012123817577958107,box_inpainting,lakeside_beach,model
0,1,0.111,nan,0.010137955658137798,box_inpainting,lakeside_beach,model
0,2,0.222,nan,0.010291004553437233,box_inpainting,lakeside_beach,model
0,3,0.333,nan,0.009881578385829926,box_inpainting,lakeside_beach,model
0,4,0.444,nan,0.008360113948583603,box_inpainting,lakeside_beach,model
0,5,0.555,nan,0.007509190589189529,box_inpainting,lakeside_beach,model
0,6,0.666,nan,0.005669018253684044,box_inpainting,lakeside_beach,model
0,7,0.777,nan,0.005188359413295984,box_inpainting,lakeside_beach,model
0,8,0.888,nan,0.004818443208932877,box_inpainting,lakeside_beach,model
0,9,0.999,nan,0.004589257761836052,box_inpainting,lakeside_beach,model
1,0,0.0,nan,0.005207429639995098,box_inpainting,lakeside_beach,model
1,1,0.111,nan,0.0051739271730184555,box_inpainting,lakeside_beach,model
1,2,0.222,nan,0.004977285396307707,box_inpainting,lakeside_beach,model
1,3,0.333,nan,0.005052294582128525,box_inpainting,lakeside_beach,model
1,4,0.444,nan,0.004982647951692343,box_inpainting,lakeside_beach,model
1,5,0.555,nan,0.005130046978592873,box_inpainting,lakeside_beach,model
1,6,0.666,nan,0.005448074080049992,box_inpainting,lakeside_beach,model
1,7,0.777,nan,0.005233279895037413,box_inpainting,lakeside_beach,model
1,8,0.888,nan,0.005427700467407703,box_inpainting,lakeside_beach,model
1,9,0.999,nan,0.006225425750017166,box_inpainting,lakeside_beach,model
2,0,0.0,nan,0.008220301009714603,box_inpainting,lakeside_beach,model
2,1,0.111,nan,0.00848389696329832,box_inpainting,lakeside_beach,model
2,2,0.222,nan,0.009154165163636208,box_inpainting,lakeside_beach,model
2,3,0.333,nan,0.00929951947182417,box_inpainting,lakeside_beach,model
2,4,0.444,nan,0.009647795930504799,box_inpainting,lakeside_beach,model
2,5,0.555,nan,0.010241687297821045,box_inpainting,lakeside_beach,model
2,6,0.666,nan,0.01065536867827177,box_inpainting,lakeside_beach,model
2,7,0.777,nan,0.011151423677802086,box_inpainting,lakeside_beach,model
2,8,0.888,nan,0.011866319924592972,box_inpainting,lakeside_beach,model
2,9,0.999,nan,0.012589840218424797,box_inpainting,lakeside_beach,model
3,0,0.0,nan,0.012826180085539818,box_inpainting,lakeside_beach,model
3,1,0.111,nan,0.012708502821624279,box_inpainting,lakeside_beach,model
3,2,0.222,nan,0.012701354920864105,box_inpainting,lakeside_beach,model
3,3,0.333,nan,0.01270478218793869,box_inpainting,lakeside_beach,model
3,4,0.444,nan,0.012778272852301598,box_inpainting,lakeside_beach,model
3,5,0.555,nan,0.01280478946864605,box_inpainting,lakeside_beach,model
3,6,0.666,nan,0.012754782103002071,box_inpainting,lakeside_beach,model
3,7,0.777,nan,0.012678233906626701,box_inpainting,lakeside_beach,model
3,8,0.888,nan,0.012512736022472382,box_inpainting,lakeside_beach,model
3,9,0.999,nan,0.01251433789730072,box_inpainting,lakeside_beach,model
0,0,0.0,1.0,0.01989542506635189,box_inpainting,lakeside_beach,alg2
0,1,0.111,0.9722500000000001,0.018529027700424194,box_inpainting,lakeside_beach,alg2
0,2,0.222,0.9445,0.020120643079280853,box_inpainting,lakeside_beach,alg2
0,3,0.333,0.9167500000000001,0.023509297519922256,box_inpainting,lakeside_beach,alg2
0,4,0.444,0.889,0.030521942302584648,box_inpainting,lakeside_beach,alg2
0,5,0.555,0.86125,0.045715659856796265,box_inpainting,lakeside_beach,alg2
0,6,0.666,0.8335,0.0656968280673027,box_inpainting,lakeside_beach,alg2
0,7,0.777,0.80575,0.09155865013599396,box_inpainting,lakeside_beach,alg2
0,8,0.888,0.778,0.12768706679344177,box_inpainting,lakeside_beach,alg2
0,9,0.999,0.75025,0.17771965265274048,box_inpainting,lakeside_beach,alg2
1,0,0.0,0.8571428571428572,2.9098973274230957,box_inpainting,lakeside_beach,alg2
1,1,0.111,0.8175000000000001,2.6427161693573,box_inpainting,lakeside_beach,alg2
1,2,0.222,0.7778571428571429,2.213730573654175,box_inpainting,lakeside_beach,alg2
1,3,0.333,0.7382142857142858,1.7301583290100098,box_inpainting,lakeside_beach,alg2
1,4,0.444,0.6985714285714286,1.3791615962982178,box_inpainting,lakeside_beach,alg2
1,5,0.555,0.6589285714285714,1.2099995613098145,box_inpainting,lakeside_beach,alg2
1,6,0.666,0.6192857142857142,1.011088252067566,box_inpainting,lakeside_beach,alg2
1,7,0.777,0.5796428571428571,0.8546924591064453,box_inpainting,lakeside_beach,alg2
1,8,0.888,0.54,0.7136082053184509,box_inpainting,lakeside_beach,alg2
1,9,0.999,0.5003571428571428,0.6199683547019958,box_inpainting,lakeside_beach,alg2
2,0,0.0,0.6666666666666667,0.9317209124565125,box_inpainting,lakeside_beach,alg2
2,1,0.111,0.6204166666666668,1.9313523769378662,box_inpainting,lakeside_beach,alg2
2,2,0.222,0.5741666666666667,2.7053489685058594,box_inpainting,lakeside_beach,alg2
2,3,0.333,0.5279166666666668,2.091867208480835,box_inpainting,lakeside_beach,alg2
2,4,0.444,0.48166666666666674,1.4324910640716553,box_inpainting,lakeside_beach,alg2
2,5,0.555,0.4354166666666667,0.9295972585678101,box_inpainting,lakeside_beach,alg2
2,6,0.666,0.38916666666666666,0.6336614489555359,box_inpainting,lakeside_beach,alg2
2,7,0.777,0.34291666666666665,0.4513797163963318,box_inpainting,lakeside_beach,alg2
2,8,0.888,0.2966666666666667,0.339885950088501,box_inpainting,lakeside_beach,alg2
2,9,0.999,0.2504166666666667,0.2706219553947449,box_inpainting,lakeside_beach,alg2
3,0,0.0,0.3999999999999999,0.45662543177604675,box_inpainting,lakeside_beach,alg2
3,1,0.111,0.3555999999999999,0.39296436309814453,box_inpainting,lakeside_beach,alg2
3,2,0.222,0.3111999999999999,0.3432058095932007,box_inpainting,lakeside_beach,alg2
3,3,0.333,0.2668,0.30604588985443115,box_inpainting,lakeside_beach,alg2
3,4,0.444,0.22239999999999996,0.27981239557266235,box_inpainting,lakeside_beach,alg2
3,5,0.555,0.17799999999999994,0.26365241408348083,box_inpainting,lakeside_beach,alg2
3,6,0.666,0.13359999999999997,0.2559296488761902,box_inpainting,lakeside_beach,alg2
3,7,0.777,0.08919999999999997,0.2512063980102539,box_inpainting,lakeside_beach,alg2
3,8,0.888,0.044799999999999986,0.24968183040618896,box_inpainting,lakeside_beach,alg2
3,9,0.999,0.0004000000000000003,0.24968183040618896,box_inpainting,lakeside_beach,alg2
0,0,0.0,nan,1.859978437423706,box_inpainting,sea_anemone,wls
0,1,0.111,nan,2.4749083518981934,box_inpainting,sea_anemone,wls
0,2,0.222,nan,3.977663040161133,box_inpainting,sea_anemone,wls
0,3,0.333,nan,7.459630489349365,box_inpainting,sea_anemone,wls
0,4,0.444,nan,21.8765869140625,box_inpainting,sea_anemone,wls
0,5,0.555,nan,101.64443969726562,box_inpainting,sea_anemone,wls
0,6,0.666,nan,547.61279296875,box_inpainting,sea_anemone,wls
0,7,0.777,nan,3996.43896484375,box_inpainting,sea_anemone,wls
0,8,0.888,nan,41359.83984375,box_inpainting,sea_anemone,wls
0,9,0.999,nan,620563.1875,box_inpainting,sea_anemone,wls
1,0,0.0,nan,128848.234375,box_inpainting,sea_anemone,wls
1,1,0.111,nan,239544.1875,box_inpainting,sea_anemone,wls
1,2,0.222,nan,519675.46875,box_inpainting,sea_anemone,wls
1,3,0.333,nan,1325423.0,box_inpainting,sea_anemone,wls
1,4,0.444,nan,3987778.75,box_inpainting,sea_anemone,wls
1,5,0.555,nan,14135760.0,box_inpainting,sea_anemone,wls
1,6,0.666,nan,58683976.0,box_inpainting,sea_anemone,wls
1,7,0.777,nan,282373312.0,box_inpainting,sea_anemone,wls
1,8,0.888,nan,1552842240.0,box_inpainting,sea_anemone,wls
1,9,0.999,nan,9597049856.0,box_inpainting,sea_anemone,wls
2,0,0.0,nan,3870251520.0,box_inpainting,sea_anemone,wls
2,1,0.111,nan,5553169408.0,box_inpainting,sea_anemone,wls
2,2,0.222,nan,8266436608.0,box_inpainting,sea_anemone,wls
2,3,0.333,nan,12697406464.0,box_inpainting,sea_anemone,wls
2,4,0.444,nan,19995498496.0,box_inpainting,sea_anemone,wls
2,5,0.555,nan,32051150848.0,box_inpainting,sea_anemone,wls
2,6,0.666,nan,51895676928.0,box_inpainting,sea_anemone,wls
2,7,0.777,nan,84225089536.0,box_inpainting,sea_anemone,wls
2,8,0.888,nan,136014331904.0,box_inpainting,sea_anemone,wls
2,9,0.999,nan,217190940672.0,box_inpainting,sea_anemone,wls
3,0,0.0,nan,121940566016.0,box_inpainting,sea_anemone,wls
3,1,0.111,nan,121437544448.0,box_inpainting,sea_anemone,wls
3,2,0.222,nan,120851316736.0,box_inpainting,sea_anemone,wls
3,3,0.333,nan,120145772544.0,box_inpainting,sea_anemone,wls
3,4,0.444,nan,119287840768.0,box_inpainting,sea_anemone,wls
3,5,0.555,nan,118249684992.0,box_inpainting,sea_anemone,wls
3,6,0.666,nan,117012955136.0,box_inpainting,sea_anemone,wls
3,7,0.777,nan,115584745472.0,box_inpainting,sea_anemone,wls
3,8,0.888,nan,114131206144.0,box_inpainting,sea_anemone,wls
3,9,0.999,nan,114131009536.0,box_inpainting,sea_anemone,wls
0,0,0.0,nan,0.07248273491859436,box_inpainting,sea_anemone,model
0,1,0.111,nan,0.07232707738876343,box_inpainting,sea_anemone,model
0,2,0.222,nan,0.06415536254644394,box_inpainting,sea_anemone,model
0,3,0.333,nan,0.05478937178850174,box_inpainting,sea_anemone,model
0,4,0.444,nan,0.0435679629445076,box_inpainting,sea_anemone,model
0,5,0.555,nan,0.039143145084381104,box_inpainting,sea_anemone,model
0,6,0.666,nan,0.048739880323410034,box_inpainting,sea_anemone,model
0,7,0.777,nan,0.058089565485715866,box_inpainting,sea_anemone,model
0,8,0.888,nan,0.061754010617733,box_inpainting,sea_anemone,model
0,9,0.999,nan,0.06263963878154755,box_inpainting,sea_anemone,model
1,0,0.0,nan,0.05541423708200455,box_inpainting,sea_anemone,model
1,1,0.111,nan,0.0784560889005661,box_inpainting,sea_anemone,model
1,2,0.222,nan,0.07055327296257019,box_inpainting,sea_anemone,model
1,3,0.333,nan,0.06781855970621109,box_inpainting,sea_anemone,model
1,4,0.444,nan,0.07304304838180542,box_inpainting,sea_anemone,model
1,5,0.555,nan,0.07389231026172638,box_inpainting,sea_anemone,model
1,6,0.666,nan,0.0748792514204979,box_inpainting,sea_anemone,model
1,7,0.777,nan,0.07433474808931351,box_inpainting,sea_anemone,model
1,8,0.888,nan,0.07641493529081345,box_inpainting,sea_anemone,model
1,9,0.999,nan,0.07877607643604279,box_inpainting,sea_anemone,model
2,0,0.0,nan,0.08170311152935028,box_inpainting,sea_anemone,model
2,1,0.111,nan,0.08416110277175903,box_inpainting,sea_anemone,model
2,2,0.222,nan,0.0841091200709343,box_inpainting,sea_anemone,model
2,3,0.333,nan,0.0840885266661644,box_inpainting,sea_anemone,model
2,4,0.444,nan,0.08457755297422409,box_inpainting,sea_anemone,model
2,5,0.555,nan,0.0847119614481926,box_inpainting,sea_anemone,model
2,6,0.666,nan,0.08548572659492493,box_inpainting,sea_anemone,model
2,7,0.777,nan,0.08574998378753662,box_inpainting,sea_anemone,model
2,8,0.888,nan,0.0871187075972557,box_inpainting,sea_anemone,model
2,9,0.999,nan,0.08779662847518921,box_inpainting,sea_anemone,model
3,0,0.0,nan,0.08774247765541077,box_inpainting,sea_anemone,model
3,1,0.111,nan,0.08697404712438583,box_inpainting,sea_anemone,model
3,2,0.222,nan,0.08713153004646301,box_inpainting,sea_anemone,model
3,3,0.333,nan,0.08724211156368256,box_inpainting,sea_anemone,model
3,4,0.444,nan,0.0873800739645958,box_inpainting,sea_anemone,model
3,5,0.555,nan,0.08721359819173813,box_inpainting,sea_anemone,model
3,6,0.666,nan,0.08713426440954208,box_inpainting,sea_anemone,model
3,7,0.777,nan,0.0870862528681755,box_inpainting,sea_anemone,model
3,8,0.888,nan,0.08691509068012238,box_inpainting,sea_anemone,model
3,9,0.999,nan,0.08691700547933578,box_inpainting,sea_anemone,model
0,0,0.0,1.0,0.3219358026981354,box_inpainting,sea_anemone,alg2
0,1,0.111,0.9722500000000001,0.32902535796165466,box_inpainting,sea_anemone,alg2
0,2,0.222,0.9445,0.32420614361763,box_inpainting,sea_anemone,alg2
0,3,0.333,0.9167500000000001,0.32332339882850647,box_inpainting,sea_anemone,alg2
0,4,0.444,0.889,0.34094151854515076,box_inpainting,sea_anemone,alg2
0,5,0.555,0.86125,0.34112775325775146,box_inpainting,sea_anemone,alg2
0,6,0.666,0.8335,0.3491349220275879,box_inpainting,sea_anemone,alg2
0,7,0.777,0.80575,0.3923252522945404,box_inpainting,sea_anemone,alg2
0,8,0.888,0.778,0.4173782765865326,box_inpainting,sea_anemone,alg2
0,9,0.999,0.75025,0.4613382816314697,box_inpainting,sea_anemone,alg2
1,0,0.0,0.8571428571428572,3.1247782707214355,box_inpainting,sea_anemone,alg2
1,1,0.111,0.8175000000000001,2.6654863357543945,box_inpainting,sea_anemone,alg2
1,2,0.222,0.7778571428571429,2.117234706878662,box_inpainting,sea_anemone,alg2
1,3,0.333,0.7382142857142858,1.738649606704712,box_inpainting,sea_anemone,alg2
1,4,0.444,0.6985714285714286,1.6103014945983887,box_inpainting,sea_anemone,alg2
1,5,0.555,0.6589285714285714,1.4925121068954468,box_inpainting,sea_anemone,alg2
1,6,0.666,0.6192857142857142,1.254778265953064,box_inpainting,sea_anemone,alg2
1,7,0.777,0.5796428571428571,1.0491390228271484,box_inpainting,sea_anemone,alg2
1,8,0.888,0.54,0.8861433267593384,box_inpainting,sea_anemone,alg2
1,9,0.999,0.5003571428571428,0.770232081413269,box_inpainting,sea_anemone,alg2
2,0,0.0,0.6666666666666667,1.006411075592041,box_inpainting,sea_anemone,alg2
2,1,0.111,0.6204166666666668,9.220954895019531,box_inpainting,sea_anemone,alg2
2,2,0.222,0.5741666666666667,6.804329872131348,box_inpainting,sea_anemone,alg2
2,3,0.333,0.5279166666666668,3.6137197017669678,box_inpainting,sea_anemone,alg2
2,4,0.444,0.48166666666666674,2.0002176761627197,box_inpainting,sea_anemone,alg2
2,5,0.555,0.4354166666666667,1.156736135482788,box_inpainting,sea_anemone,alg2
2,6,0.666,0.38916666666666666,0.7569438815116882,box_inpainting,sea_anemone,alg2
2,7,0.777,0.34291666666666665,0.5293350219726562,box_inpainting,sea_anemone,alg2
2,8,0.888,0.2966666666666667,0.40937137603759766,box_inpainting,sea_anemone,alg2
2,9,0.999,0.2504166666666667,0.3366498351097107,box_inpainting,sea_anemone,alg2
3,0,0.0,0.3999999999999999,0.5161039233207703,box_inpainting,sea_anemone,alg2
3,1,0.111,0.3555999999999999,0.45418593287467957,box_inpainting,sea_anemone,alg2
3,2,0.222,0.3111999999999999,0.4029158055782318,box_inpainting,sea_anemone,alg2
3,3,0.333,0.2668,0.36407729983329773,box_inpainting,sea_anemone,alg2
3,4,0.444,0.22239999999999996,0.34060293436050415,box_inpainting,sea_anemone,alg2
3,5,0.555,0.17799999999999994,0.3245999217033386,box_inpainting,sea_anemone,alg2
3,6,0.666,0.13359999999999997,0.3170796036720276,box_inpainting,sea_anemone,alg2
3,7,0.777,0.08919999999999997,0.31292787194252014,box_inpainting,sea_anemone,alg2
3,8,0.888,0.044799999999999986,0.3115527927875519,box_inpainting,sea_anemone,alg2
3,9,0.999,0.0004000000000000003,0.3115527927875519,box_inpainting,sea_anemone,alg2
0,0,0.0,nan,1.6001439094543457,box_inpainting,shetland_sheepdog,wls
0,1,0.111,nan,2.1533610820770264,box_inpainting,shetland_sheepdog,wls
0,2,0.222,nan,3.4881978034973145,box_inpainting,shetland_sheepdog,wls
0,3,0.333,nan,6.723046779632568,box_inpainting,shetland_sheepdog,wls
0,4,0.444,nan,18.030746459960938,box_inpainting,shetland_sheepdog,wls
0,5,0.555,nan,89.80860900878906,box_inpainting,shetland_sheepdog,wls
0,6,0.666,nan,496.51080322265625,box_inpainting,shetland_sheepdog,wls
0,7,0.777,nan,3662.848388671875,box_inpainting,shetland_sheepdog,wls
0,8,0.888,nan,38228.625,box_inpainting,shetland_sheepdog,wls
0,9,0.999,nan,578186.1875,box_inpainting,shetland_sheepdog,wls
1,0,0.0,nan,119855.8984375,box_inpainting,shetland_sheepdog,wls
1,1,0.111,nan,222833.359375,box_inpainting,shetland_sheepdog,wls
1,2,0.222,nan,483461.1875,box_inpainting,shetland_sheepdog,wls
1,3,0.333,nan,1233120.0,box_inpainting,shetland_sheepdog,wls
1,4,0.444,nan,3710144.75,box_inpainting,shetland_sheepdog,wls
1,5,0.555,nan,13151582.0,box_inpainting,shetland_sheepdog,wls
1,6,0.666,nan,54598136.0,box_inpainting,shetland_sheepdog,wls
1,7,0.777,nan,262713200.0,box_inpainting,shetland_sheepdog,wls
1,8,0.888,nan,1444726784.0,box_inpainting,shetland_sheepdog,wls
1,9,0.999,nan,8928865280.0,box_inpainting,shetland_sheepdog,wls
2,0,0.0,nan,3600789248.0,box_inpainting,shetland_sheepdog,wls
2,1,0.111,nan,5166535680.0,box_inpainting,shetland_sheepdog,wls
2,2,0.222,nan,7690896384.0,box_inpainting,shetland_sheepdog,wls
2,3,0.333,nan,11813366784.0,box_inpainting,shetland_sheepdog,wls
2,4,0.444,nan,18603343872.0,box_inpainting,shetland_sheepdog,wls
2,5,0.555,nan,29819648000.0,box_inpainting,shetland_sheepdog,wls
2,6,0.666,nan,48282542080.0,box_inpainting,shetland_sheepdog,wls
2,7,0.777,nan,78361083904.0,box_inpainting,shetland_sheepdog,wls
2,8,0.888,nan,126544601088.0,box_inpainting,shetland_sheepdog,wls
2,9,0.999,nan,202069475328.0,box_inpainting,shetland_sheepdog,wls
3,0,0.0,nan,113450680320.0,box_inpainting,shetland_sheepdog,wls
3,1,0.111,nan,112982687744.0,box_inpainting,shetland_sheepdog,wls
3,2,0.222,nan,112437280768.0,box_inpainting,shetland_sheepdog,wls
3,3,0.333,nan,111780855808.0,box_inpainting,shetland_sheepdog,wls
3,4,0.444,nan,110982651904.0,box_inpainting,shetland_sheepdog,wls
3,5,0.555,nan,110016782336.0,box_inpainting,shetland_sheepdog,wls
3,6,0.666,nan,108866158592.0,box_inpainting,shetland_sheepdog,wls
3,7,0.777,nan,107537358848.0,box_inpainting,shetland_sheepdog,wls
3,8,0.888,nan,106185031680.0,box_inpainting,shetland_sheepdog,wls
3,9,0.999,nan,106184859648.0,box_inpainting,shetland_sheepdog,wls
0,0,0.0,nan,0.038370028138160706,box_inpainting,shetland_sheepdog,model
0,1,0.111,nan,0.04091290757060051,box_inpainting,shetland_sheepdog,model
0,2,0.222,nan,0.04084085673093796,box_inpainting,shetland_sheepdog,model
0,3,0.333,nan,0.041572581976652145,box_inpainting,shetland_sheepdog,model
0,4,0.444,nan,0.04181314632296562,box_inpainting,shetland_sheepdog,model
0,5,0.555,nan,0.039871904999017715,box_inpainting,shetland_sheepdog,model
0,6,0.666,nan,0.036802150309085846,box_inpainting,shetland_sheepdog,model
0,7,0.777,nan,0.0362757109105587,box_inpainting,shetland_sheepdog,model
0,8,0.888,nan,0.03749029338359833,box_inpainting,shetland_sheepdog,model
0,9,0.999,nan,0.0406331941485405,box_inpainting,shetland_sheepdog,model
1,0,0.0,nan,0.046084992587566376,box_inpainting,shetland_sheepdog,model
1,1,0.111,nan,0.06279723346233368,box_inpainting,shetland_sheepdog,model
1,2,0.222,nan,0.07525420933961868,box_inpainting,shetland_sheepdog,model
1,3,0.333,nan,0.06786717474460602,box_inpainting,shetland_sheepdog,model
1,4,0.444,nan,0.06223572418093681,box_inpainting,shetland_sheepdog,model
1,5,0.555,nan,0.06532438099384308,box_inpainting,shetland_sheepdog,model
1,6,0.666,nan,0.07185123860836029,box_inpainting,shetland_sheepdog,model
1,7,0.777,nan,0.07219043374061584,box_inpainting,shetland_sheepdog,model
1,8,0.888,nan,0.07140027731657028,box_inpainting,shetland_sheepdog,model
1,9,0.999,nan,0.07343509048223495,box_inpainting,shetland_sheepdog,model
2,0,0.0,nan,0.07521996647119522,box_inpainting,shetland_sheepdog,model
2,1,0.111,nan,0.07560808956623077,box_inpainting,shetland_sheepdog,model
2,2,0.222,nan,0.075384721159935,box_inpainting,shetland_sheepdog,model
2,3,0.333,nan,0.07578377425670624,box_inpainting,shetland_sheepdog,model
2,4,0.444,nan,0.07588936388492584,box_inpainting,shetland_sheepdog,model
2,5,0.555,nan,0.07613959908485413,box_inpainting,shetland_sheepdog,model
2,6,0.666,nan,0.0769210159778595,box_inpainting,shetland_sheepdog,model
2,7,0.777,nan,0.07761218398809433,box_inpainting,shetland_sheepdog,model
2,8,0.888,nan,0.07830002903938293,box_inpainting,shetland_sheepdog,model
2,9,0.999,nan,0.07857853174209595,box_inpainting,shetland_sheepdog,model
3,0,0.0,nan,0.07808449864387512,box_inpainting,shetland_sheepdog,model
3,1,0.111,nan,0.0782177597284317,box_inpainting,shetland_sheepdog,model
3,2,0.222,nan,0.07825251668691635,box_inpainting,shetland_sheepdog,model
3,3,0.333,nan,0.07816850394010544,box_inpainting,shetland_sheepdog,model
3,4,0.444,nan,0.07806263864040375,box_inpainting,shetland_sheepdog,model
3,5,0.555,nan,0.07799878716468811,box_inpainting,shetland_sheepdog,model
3,6,0.666,nan,0.07782868295907974,box_inpainting,shetland_sheepdog,model
3,7,0.777,nan,0.07766326516866684,box_inpainting,shetland_sheepdog,model
3,8,0.888,nan,0.0774196982383728,box_inpainting,shetland_sheepdog,model
3,9,0.999,nan,0.07742215692996979,box_inpainting,shetland_sheepdog,model
0,0,0.0,1.0,0.04010319709777832,box_inpainting,shetland_sheepdog,alg2
0,1,0.111,0.9722500000000001,0.039798032492399216,box_inpainting,shetland_sheepdog,alg2
0,2,0.222,0.9445,0.0398346483707428,box_inpainting,shetland_sheepdog,alg2
0,3,0.333,0.9167500000000001,0.03938435763120651,box_inpainting,shetland_sheepdog,alg2
0,4,0.444,0.889,0.03941237926483154,box_inpainting,shetland_sheepdog,alg2
0,5,0.555,0.86125,0.04236545413732529,box_inpainting,shetland_sheepdog,alg2
0,6,0.666,0.8335,0.04919424653053284,box_inpainting,shetland_sheepdog,alg2
0,7,0.777,0.80575,0.06427239626646042,box_inpainting,shetland_sheepdog,alg2
0,8,0.888,0.778,0.09516745805740356,box_inpainting,shetland_sheepdog,alg2
0,9,0.999,0.75025,0.1606440246105194,box_inpainting,shetland_sheepdog,alg2
1,0,0.0,0.8571428571428572,3.0964534282684326,box_inpainting,shetland_sheepdog,alg2
1,1,0.111,0.8175000000000001,2.7000327110290527,box_inpainting,shetland_sheepdog,alg2
1,2,0.222,0.7778571428571429,2.1928746700286865,box_inpainting,shetland_sheepdog,alg2
1,3,0.333,0.7382142857142858,1.8028159141540527,box_inpainting,shetland_sheepdog,alg2
1,4,0.444,0.6985714285714286,1.5422465801239014,box_inpainting,shetland_sheepdog,alg2
1,5,0.555,0.6589285714285714,1.4035422801971436,box_inpainting,shetland_sheepdog,alg2
1,6,0.666,0.6192857142857142,1.0916688442230225,box_inpainting,shetland_sheepdog,alg2
1,7,0.777,0.5796428571428571,0.9440087080001831,box_inpainting,shetland_sheepdog,alg2
1,8,0.888,0.54,0.8025297522544861,box_inpainting,shetland_sheepdog,alg2
1,9,0.999,0.5003571428571428,0.6831232309341431,box_inpainting,shetland_sheepdog,alg2
2,0,0.0,0.6666666666666667,0.9536439776420593,box_inpainting,shetland_sheepdog,alg2
2,1,0.111,0.6204166666666668,9.350135803222656,box_inpainting,shetland_sheepdog,alg2
2,2,0.222,0.5741666666666667,6.7554216384887695,box_inpainting,shetland_sheepdog,alg2
2,3,0.333,0.5279166666666668,3.598115921020508,box_inpainting,shetland_sheepdog,alg2
2,4,0.444,0.48166666666666674,1.9504379034042358,box_inpainting,shetland_sheepdog,alg2
2,5,0.555,0.4354166666666667,1.1212990283966064,box_inpainting,shetland_sheepdog,alg2
2,6,0.666,0.38916666666666666,0.7176015377044678,box_inpainting,shetland_sheepdog,alg2
2,7,0.777,0.34291666666666665,0.4948521554470062,box_inpainting,shetland_sheepdog,alg2
2,8,0.888,0.2966666666666667,0.3640439212322235,box_inpainting,shetland_sheepdog,alg2
2,9,0.999,0.2504166666666667,0.29330670833587646,box_inpainting,shetland_sheepdog,alg2
3,0,0.0,0.3999999999999999,0.47812092304229736,box_inpainting,shetland_sheepdog,alg2
3,1,0.111,0.3555999999999999,0.4095679223537445,box_inpainting,shetland_sheepdog,alg2
3,2,0.222,0.3111999999999999,0.3583533763885498,box_inpainting,shetland_sheepdog,alg2
3,3,0.333,0.2668,0.32131314277648926,box_inpainting,shetland_sheepdog,alg2
3,4,0.444,0.22239999999999996,0.29703113436698914,box_inpainting,shetland_sheepdog,alg2
3,5,0.555,0.17799999999999994,0.2806241810321808,box_inpainting,shetland_sheepdog,alg2
3,6,0.666,0.13359999999999997,0.27400097250938416,box_inpainting,shetland_sheepdog,alg2
3,7,0.777,0.08919999999999997,0.26948118209838867,box_inpainting,shetland_sheepdog,alg2
3,8,0.888,0.044799999999999986,0.26839062571525574,box_inpainting,shetland_sheepdog,alg2
3,9,0.999,0.0004000000000000003,0.26839062571525574,box_inpainting,shetland_sheepdog,alg2
0,0,0.0,nan,0.17034420371055603,random_inpainting,breastplate_armor,wls
0,1,0.111,nan,0.1773146390914917,random_inpainting,breastplate_armor,wls
0,2,0.222,nan,0.17740440368652344,random_inpainting,breastplate_armor,wls
0,3,0.333,nan,0.16816338896751404,random_inpainting,breastplate_armor,wls
0,4,0.444,nan,0.17047518491744995,random_inpainting,breastplate_armor,wls
0,5,0.555,nan,0.19119231402873993,random_inpainting,breastplate_armor,wls
0,6,0.666,nan,0.2310769259929657,random_inpainting,breastplate_armor,wls
0,7,0.777,nan,0.2996853291988373,random_inpainting,breastplate_armor,wls
0,8,0.888,nan,0.416746586561203,random_inpainting,breastplate_armor,wls
0,9,0.999,nan,0.6398708820343018,random_inpainting,breastplate_armor,wls
1,0,0.0,nan,0.33507823944091797,random_inpainting,breastplate_armor,wls
1,1,0.111,nan,0.33986425399780273,random_inpainting,breastplate_armor,wls
1,2,0.222,nan,0.413078635931015,random_inpainting,breastplate_armor,wls
1,3,0.333,nan,0.5272549390792847,random_inpainting,breastplate_armor,wls
1,4,0.444,nan,0.7050442099571228,random_inpainting,breastplate_armor,wls
1,5,0.555,nan,1.0889921188354492,random_inpainting,breastplate_armor,wls
1,6,0.666,nan,1.9701402187347412,random_inpainting,breastplate_armor,wls
1,7,0.777,nan,4.549941062927246,random_inpainting,breastplate_armor,wls
1,8,0.888,nan,13.088455200195312,random_inpainting,breastplate_armor,wls
1,9,0.999,nan,42.010589599609375,random_inpainting,breastplate_armor,wls
2,0,0.0,nan,15.12250804901123,random_inpainting,breastplate_armor,wls
2,1,0.111,nan,20.888051986694336,random_inpainting,breastplate_armor,wls
2,2,0.222,nan,30.922428131103516,random_inpainting,breastplate_armor,wls
2,3,0.333,nan,49.33022689819336,random_inpainting,breastplate_armor,wls
2,4,0.444,nan,85.7813949584961,random_inpainting,breastplate_armor,wls
2,5,0.555,nan,164.49444580078125,random_inpainting,breastplate_armor,wls
2,6,0.666,nan,351.903076171875,random_inpainting,breastplate_armor,wls
2,7,0.777,nan,849.6513671875,random_inpainting,breastplate_armor,wls
2,8,0.888,nan,2340.0361328125,random_inpainting,breastplate_armor,wls
2,9,0.999,nan,7435.87646484375,random_inpainting,breastplate_armor,wls
3,0,0.0,nan,3667.451171875,random_inpainting,breastplate_armor,wls
3,1,0.111,nan,3684.87353515625,random_inpainting,breastplate_armor,wls
3,2,0.222,nan,3716.748046875,random_inpainting,breastplate_armor,wls
3,3,0.333,nan,3762.456787109375,random_inpainting,breastplate_armor,wls
3,4,0.444,nan,3815.43359375,random_inpainting,breastplate_armor,wls
3,5,0.555,nan,3865.18896484375,random_inpainting,breastplate_armor,wls
3,6,0.666,nan,3888.89990234375,random_inpainting,breastplate_armor,wls
3,7,0.777,nan,3836.582763671875,random_inpainting,breastplate_armor,wls
3,8,0.888,nan,3586.5859375,random_inpainting,breastplate_armor,wls
3,9,0.999,nan,3586.658203125,random_inpainting,breastplate_armor,wls
0,0,0.0,nan,0.05441691726446152,random_inpainting,breastplate_armor,model
0,1,0.111,nan,0.05954359099268913,random_inpainting,breastplate_armor,model
0,2,0.222,nan,0.05387396737933159,random_inpainting,breastplate_armor,model
0,3,0.333,nan,0.033895090222358704,random_inpainting,breastplate_armor,model
0,4,0.444,nan,0.01844518631696701,random_inpainting,breastplate_armor,model
0,5,0.555,nan,0.011854512616991997,random_inpainting,breastplate_armor,model
0,6,0.666,nan,0.008205315098166466,random_inpainting,breastplate_armor,model
0,7,0.777,nan,0.0061941444873809814,random_inpainting,breastplate_armor,model
0,8,0.888,nan,0.004877964034676552,random_inpainting,breastplate_armor,model
0,9,0.999,nan,0.003736732993274927,random_inpainting,breastplate_armor,model
1,0,0.0,nan,0.005809497088193893,random_inpainting,breastplate_armor,model
1,1,0.111,nan,0.004614548292011023,random_inpainting,breastplate_armor,model
1,2,0.222,nan,0.004049248062074184,random_inpainting,breastplate_armor,model
1,3,0.333,nan,0.0038952843751758337,random_inpainting,breastplate_armor,model
1,4,0.444,nan,0.0036038625985383987,random_inpainting,breastplate_armor,model
1,5,0.555,nan,0.003267108928412199,random_inpainting,breastplate_armor,model
1,6,0.666,nan,0.0029230518266558647,random_inpainting,breastplate_armor,model
1,7,0.777,nan,0.002709435299038887,random_inpainting,breastplate_armor,model
1,8,0.888,nan,0.002972838468849659,random_inpainting,breastplate_armor,model
1,9,0.999,nan,0.00354502210393548,random_inpainting,breastplate_armor,model
2,0,0.0,nan,0.00598356407135725,random_inpainting,breastplate_armor,model
2,1,0.111,nan,0.006995510309934616,random_inpainting,breastplate_armor,model
2,2,0.222,nan,0.006250179838389158,random_inpainting,breastplate_armor,model
2,3,0.333,nan,0.006001846399158239,random_inpainting,breastplate_armor,model
2,4,0.444,nan,0.005725475028157234,random_inpainting,breastplate_armor,model
2,5,0.555,nan,0.005844208411872387,random_inpainting,breastplate_armor,model
2,6,0.666,nan,0.006097372621297836,random_inpainting,breastplate_armor,model
2,7,0.777,nan,0.007207345217466354,random_inpainting,breastplate_armor,model
2,8,0.888,nan,0.009316675364971161,random_inpainting,breastplate_armor,model
2,9,0.999,nan,0.011598533019423485,random_inpainting,breastplate_armor,model
3,0,0.0,nan,0.01357153058052063,random_inpainting,breastplate_armor,model
3,1,0.111,nan,0.012706637382507324,random_inpainting,breastplate_armor,model
3,2,0.222,nan,0.012091653421521187,random_inpainting,breastplate_armor,model
3,3,0.333,nan,0.012061161920428276,random_inpainting,breastplate_armor,model
3,4,0.444,nan,0.011602699756622314,random_inpainting,breastplate_armor,model
3,5,0.555,nan,0.011551007628440857,random_inpainting,breastplate_armor,model
3,6,0.666,nan,0.011651674285531044,random_inpainting,breastplate_armor,model
3,7,0.777,nan,0.011899336241185665,random_inpainting,breastplate_armor,model
3,8,0.888,nan,0.012666585855185986,random_inpainting,breastplate_armor,model
3,9,0.999,nan,0.012659626081585884,random_inpainting,breastplate_armor,model
0,0,0.0,1.0,0.005431159865111113,random_inpainting,breastplate_armor,alg2
0,1,0.111,0.9722500000000001,0.005487171001732349,random_inpainting,breastplate_armor,alg2
0,2,0.222,0.9445,0.005535348318517208,random_inpainting,breastplate_armor,alg2
0,3,0.333,0.9167500000000001,0.005429933778941631,random_inpainting,breastplate_armor,alg2
0,4,0.444,0.889,0.005587214138358831,random_inpainting,breastplate_armor,alg2
0,5,0.555,0.86125,0.005511391442269087,random_inpainting,breastplate_armor,alg2
0,6,0.666,0.8335,0.005534456577152014,random_inpainting,breastplate_armor,alg2
0,7,0.777,0.80575,0.005534788593649864,random_inpainting,breastplate_armor,alg2
0,8,0.888,0.778,0.005577697418630123,random_inpainting,breastplate_armor,alg2
0,9,0.999,0.75025,0.005382868926972151,random_inpainting,breastplate_armor,alg2
1,0,0.0,0.8571428571428572,0.01332063041627407,random_inpainting,breastplate_armor,alg2
1,1,0.111,0.8175000000000001,0.013482908718287945,random_inpainting,breastplate_armor,alg2
1,2,0.222,0.7778571428571429,0.013807311654090881,random_inpainting,breastplate_armor,alg2
1,3,0.333,0.7382142857142858,0.013582326471805573,random_inpainting,breastplate_armor,alg2
1,4,0.444,0.6985714285714286,0.013544924557209015,random_inpainting,breastplate_armor,alg2
1,5,0.555,0.6589285714285714,0.013404260389506817,random_inpainting,breastplate_armor,alg2
1,6,0.666,0.6192857142857142,0.01342288963496685,random_inpainting,breastplate_armor,alg2
1,7,0.777,0.5796428571428571,0.013469135388731956,random_inpainting,breastplate_armor,alg2
1,8,0.888,0.54,0.013482841663062572,random_inpainting,breastplate_armor,alg2
1,9,0.999,0.5003571428571428,0.013443371281027794,random_inpainting,breastplate_armor,alg2
2,0,0.0,0.6666666666666667,2.8409669399261475,random_inpainting,breastplate_armor,alg2
2,1,0.111,0.6204166666666668,2.072862386703491,random_inpainting,breastplate_armor,alg2
2,2,0.222,0.5741666666666667,1.345416784286499,random_inpainting,breastplate_armor,alg2
2,3,0.333,0.5279166666666668,0.8549766540527344,random_inpainting,breastplate_armor,alg2
2,4,0.444,0.48166666666666674,0.5895801186561584,random_inpainting,breastplate_armor,alg2
2,5,0.555,0.4354166666666667,0.41411298513412476,random_inpainting,breastplate_armor,alg2
2,6,0.666,0.38916666666666666,0.3134939670562744,random_inpainting,breastplate_armor,alg2
2,7,0.777,0.34291666666666665,0.23846325278282166,random_inpainting,breastplate_armor,alg2
2,8,0.888,0.2966666666666667,0.1853785514831543,random_inpainting,breastplate_armor,alg2
2,9,0.999,0.2504166666666667,0.1495625078678131,random_inpainting,breastplate_armor,alg2
3,0,0.0,0.3999999999999999,0.7488669157028198,random_inpainting,breastplate_armor,alg2
3,1,0.111,0.3555999999999999,0.5820785760879517,random_inpainting,breastplate_armor,alg2
3,2,0.222,0.3111999999999999,0.5055214762687683,random_inpainting,breastplate_armor,alg2
3,3,0.333,0.2668,0.4934810996055603,random_inpainting,breastplate_armor,alg2
3,4,0.444,0.22239999999999996,0.5059594511985779,random_inpainting,breastplate_armor,alg2
3,5,0.555,0.17799999999999994,0.5261986255645752,random_inpainting,breastplate_armor,alg2
3,6,0.666,0.13359999999999997,0.5464228391647339,random_inpainting,breastplate_armor,alg2
3,7,0.777,0.08919999999999997,0.5623383522033691,random_inpainting,breastplate_armor,alg2
3,8,0.888,0.044799999999999986,0.570461630821228,random_inpainting,breastplate_armor,alg2
3,9,0.999,0.0004000000000000003,0.570461630821228,random_inpainting,breastplate_armor,alg2
0,0,0.0,nan,0.1715838611125946,random_inpainting,crane_structure,wls
0,1,0.111,nan,0.178461953997612,random_inpainting,crane_structure,wls
0,2,0.222,nan,0.17984811961650848,random_inpainting,crane_structure,wls
0,3,0.333,nan,0.17638874053955078,random_inpainting,crane_structure,wls
0,4,0.444,nan,0.17344066500663757,random_inpainting,crane_structure,wls
0,5,0.555,nan,0.18482398986816406,random_inpainting,crane_structure,wls
0,6,0.666,nan,0.22108709812164307,random_inpainting,crane_structure,wls
0,7,0.777,nan,0.28532227873802185,random_inpainting,crane_structure,wls
0,8,0.888,nan,0.3980132043361664,random_inpainting,crane_structure,wls
0,9,0.999,nan,0.6021320819854736,random_inpainting,crane_structure,wls
1,0,0.0,nan,0.34932833909988403,random_inpainting,crane_structure,wls
1,1,0.111,nan,0.35742902755737305,random_inpainting,crane_structure,wls
1,2,0.222,nan,0.4199086129665375,random_inpainting,crane_structure,wls
1,3,0.333,nan,0.5104074478149414,random_inpainting,crane_structure,wls
1,4,0.444,nan,0.6931174993515015,random_inpainting,crane_structure,wls
1,5,0.555,nan,1.093606948852539,random_inpainting,crane_structure,wls
1,6,0.666,nan,2.038005828857422,random_inpainting,crane_structure,wls
1,7,0.777,nan,4.672394752502441,random_inpainting,crane_structure,wls
1,8,0.888,nan,13.243342399597168,random_inpainting,crane_structure,wls
1,9,0.999,nan,42.148536682128906,random_inpainting,crane_structure,wls
2,0,0.0,nan,15.411330223083496,random_inpainting,crane_structure,wls
2,1,0.111,nan,21.405715942382812,random_inpainting,crane_structure,wls
2,2,0.222,nan,31.85964584350586,random_inpainting,crane_structure,wls
2,3,0.333,nan,51.13500213623047,random_inpainting,crane_structure,wls
2,4,0.444,nan,89.49461364746094,random_inpainting,crane_structure,wls
2,5,0.555,nan,172.7498779296875,random_inpainting,crane_structure,wls
2,6,0.666,nan,372.0928649902344,random_inpainting,crane_structure,wls
2,7,0.777,nan,903.673095703125,random_inpainting,crane_structure,wls
2,8,0.888,nan,2498.38330078125,random_inpainting,crane_structure,wls
2,9,0.999,nan,7948.64794921875,random_inpainting,crane_structure,wls
3,0,0.0,nan,3926.30078125,random_inpainting,crane_structure,wls
3,1,0.111,nan,3944.74169921875,random_inpainting,crane_structure,wls
3,2,0.222,nan,3978.814453125,random_inpainting,crane_structure,wls
3,3,0.333,nan,4027.38134765625,random_inpainting,crane_structure,wls
3,4,0.444,nan,4083.71044921875,random_inpainting,crane_structure,wls
3,5,0.555,nan,4136.26171875,random_inpainting,crane_structure,wls
3,6,0.666,nan,4161.54052734375,random_inpainting,crane_structure,wls
3,7,0.777,nan,4105.3544921875,random_inpainting,crane_structure,wls
3,8,0.888,nan,3838.21240234375,random_inpainting,crane_structure,wls
3,9,0.999,nan,3838.287841796875,random_inpainting,crane_structure,wls
0,0,0.0,nan,0.06160040944814682,random_inpainting,crane_structure,model
0,1,0.111,nan,0.06630322337150574,random_inpainting,crane_structure,model
0,2,0.222,nan,0.06241641566157341,random_inpainting,crane_structure,model
0,3,0.333,nan,0.048984259366989136,random_inpainting,crane_structure,model
0,4,0.444,nan,0.029754087328910828,random_inpainting,crane_structure,model
0,5,0.555,nan,0.015263363718986511,random_inpainting,crane_structure,model
0,6,0.666,nan,0.010752735659480095,random_inpainting,crane_structure,model
0,7,0.777,nan,0.00739698251709342,random_inpainting,crane_structure,model
0,8,0.888,nan,0.007315881550312042,random_inpainting,crane_structure,model
0,9,0.999,nan,0.006508430000394583,random_inpainting,crane_structure,model
1,0,0.0,nan,0.010678542777895927,random_inpainting,crane_structure,model
1,1,0.111,nan,0.0105571448802948,random_inpainting,crane_structure,model
1,2,0.222,nan,0.010172838345170021,random_inpainting,crane_structure,model
1,3,0.333,nan,0.01051131822168827,random_inpainting,crane_structure,model
1,4,0.444,nan,0.009968779981136322,random_inpainting,crane_structure,model
1,5,0.555,nan,0.009540321305394173,random_inpainting,crane_structure,model
1,6,0.666,nan,0.011002441868185997,random_inpainting,crane_structure,model
1,7,0.777,nan,0.015171676874160767,random_inpainting,crane_structure,model
1,8,0.888,nan,0.02147439494729042,random_inpainting,crane_structure,model
1,9,0.999,nan,0.026340242475271225,random_inpainting,crane_structure,model
2,0,0.0,nan,0.028631847351789474,random_inpainting,crane_structure,model
2,1,0.111,nan,0.02615576609969139,random_inpainting,crane_structure,model
2,2,0.222,nan,0.024905189871788025,random_inpainting,crane_structure,model
2,3,0.333,nan,0.0233586635440588,random_inpainting,crane_structure,model
2,4,0.444,nan,0.02209795080125332,random_inpainting,crane_structure,model
2,5,0.555,nan,0.02286633849143982,random_inpainting,crane_structure,model
2,6,0.666,nan,0.02526046149432659,random_inpainting,crane_structure,model
2,7,0.777,nan,0.028939872980117798,random_inpainting,crane_structure,model
2,8,0.888,nan,0.033648230135440826,random_inpainting,crane_structure,model
2,9,0.999,nan,0.0392938032746315,random_inpainting,crane_structure,model
3,0,0.0,nan,0.03572056442499161,random_inpainting,crane_structure,model
3,1,0.111,nan,0.03399599343538284,random_inpainting,crane_structure,model
3,2,0.222,nan,0.036100052297115326,random_inpainting,crane_structure,model
3,3,0.333,nan,0.03730658069252968,random_inpainting,crane_structure,model
3,4,0.444,nan,0.04007101058959961,random_inpainting,crane_structure,model
3,5,0.555,nan,0.040800124406814575,random_inpainting,crane_structure,model
3,6,0.666,nan,0.042464714497327805,random_inpainting,crane_structure,model
3,7,0.777,nan,0.045049216598272324,random_inpainting,crane_structure,model
3,8,0.888,nan,0.05111721158027649,random_inpainting,crane_structure,model
3,9,0.999,nan,0.051117923110723495,random_inpainting,crane_structure,model
0,0,0.0,1.0,0.021040506660938263,random_inpainting,crane_structure,alg2
0,1,0.111,0.9722500000000001,0.020983949303627014,random_inpainting,crane_structure,alg2
0,2,0.222,0.9445,0.02118382230401039,random_inpainting,crane_structure,alg2
0,3,0.333,0.9167500000000001,0.021119769662618637,random_inpainting,crane_structure,alg2
0,4,0.444,0.889,0.021343350410461426,random_inpainting,crane_structure,alg2
0,5,0.555,0.86125,0.02124180644750595,random_inpainting,crane_structure,alg2
0,6,0.666,0.8335,0.02115866169333458,random_inpainting,crane_structure,alg2
0,7,0.777,0.80575,0.021070536226034164,random_inpainting,crane_structure,alg2
0,8,0.888,0.778,0.021200701594352722,random_inpainting,crane_structure,alg2
0,9,0.999,0.75025,0.02098114788532257,random_inpainting,crane_structure,alg2
1,0,0.0,0.8571428571428572,0.06106521189212799,random_inpainting,crane_structure,alg2
1,1,0.111,0.8175000000000001,0.06054364889860153,random_inpainting,crane_structure,alg2
1,2,0.222,0.7778571428571429,0.06084628403186798,random_inpainting,crane_structure,alg2
1,3,0.333,0.7382142857142858,0.06120198220014572,random_inpainting,crane_structure,alg2
1,4,0.444,0.6985714285714286,0.061005204916000366,random_inpainting,crane_structure,alg2
1,5,0.555,0.6589285714285714,0.06100424751639366,random_inpainting,crane_structure,alg2
1,6,0.666,0.6192857142857142,0.06043770909309387,random_inpainting,crane_structure,alg2
1,7,0.777,0.5796428571428571,0.060720592737197876,random_inpainting,crane_structure,alg2
1,8,0.888,0.54,0.06099456548690796,random_inpainting,crane_structure,alg2
1,9,0.999,0.5003571428571428,0.06093234941363335,random_inpainting,crane_structure,alg2
2,0,0.0,0.6666666666666667,3.978799343109131,random_inpainting,crane_structure,alg2
2,1,0.111,0.6204166666666668,3.193019390106201,random_inpainting,crane_structure,alg2
2,2,0.222,0.5741666666666667,2.145789623260498,random_inpainting,crane_structure,alg2
2,3,0.333,0.5279166666666668,1.4537601470947266,random_inpainting,crane_structure,alg2
2,4,0.444,0.48166666666666674,1.0044164657592773,random_inpainting,crane_structure,alg2
2,5,0.555,0.4354166666666667,0.7179812788963318,random_inpainting,crane_structure,alg2
2,6,0.666,0.38916666666666666,0.5290974974632263,random_inpainting,crane_structure,alg2
2,7,0.777,0.34291666666666665,0.40933823585510254,random_inpainting,crane_structure,alg2
2,8,0.888,0.2966666666666667,0.32680028676986694,random_inpainting,crane_structure,alg2
2,9,0.999,0.2504166666666667,0.2672871947288513,random_inpainting,crane_structure,alg2
3,0,0.0,0.3999999999999999,0.8128477334976196,random_inpainting,crane_structure,alg2
3,1,0.111,0.3555999999999999,0.628027617931366,random_inpainting,crane_structure,alg2
3,2,0.222,0.3111999999999999,0.5261840224266052,random_inpainting,crane_structure,alg2
3,3,0.333,0.2668,0.5041024088859558,random_inpainting,crane_structure,alg2
3,4,0.444,0.22239999999999996,0.5148098468780518,random_inpainting,crane_structure,alg2
3,5,0.555,0.17799999999999994,0.5332942008972168,random_inpainting,crane_structure,alg2
3,6,0.666,0.13359999999999997,0.5512358546257019,random_inpainting,crane_structure,alg2
3,7,0.777,0.08919999999999997,0.5651094913482666,random_inpainting,crane_structure,alg2
3,8,0.888,0.044799999999999986,0.5722384452819824,random_inpainting,crane_structure,alg2
3,9,0.999,0.0004000000000000003,0.5722384452819824,random_inpainting,crane_structure,alg2
0,0,0.0,nan,0.1413087099790573,random_inpainting,ibex_horns,wls
0,1,0.111,nan,0.1447024792432785,random_inpainting,ibex_horns,wls
0,2,0.222,nan,0.15388831496238708,random_inpainting,ibex_horns,wls
0,3,0.333,nan,0.1654084026813507,random_inpainting,ibex_horns,wls
0,4,0.444,nan,0.1798749417066574,random_inpainting,ibex_horns,wls
0,5,0.555,nan,0.2038038671016693,random_inpainting,ibex_horns,wls
0,6,0.666,nan,0.24579420685768127,random_inpainting,ibex_horns,wls
0,7,0.777,nan,0.3187367916107178,random_inpainting,ibex_horns,wls
0,8,0.888,nan,0.4473879039287567,random_inpainting,ibex_horns,wls
0,9,0.999,nan,0.6908618807792664,random_inpainting,ibex_horns,wls
1,0,0.0,nan,0.37851715087890625,random_inpainting,ibex_horns,wls
1,1,0.111,nan,0.3852967619895935,random_inpainting,ibex_horns,wls
1,2,0.222,nan,0.4242245554924011,random_inpainting,ibex_horns,wls
1,3,0.333,nan,0.5491461753845215,random_inpainting,ibex_horns,wls
1,4,0.444,nan,0.7437056303024292,random_inpainting,ibex_horns,wls
1,5,0.555,nan,1.1376726627349854,random_inpainting,ibex_horns,wls
1,6,0.666,nan,2.018568992614746,random_inpainting,ibex_horns,wls
1,7,0.777,nan,4.487170219421387,random_inpainting,ibex_horns,wls
1,8,0.888,nan,12.4631986618042,random_inpainting,ibex_horns,wls
1,9,0.999,nan,39.291725158691406,random_inpainting,ibex_horns,wls
2,0,0.0,nan,14.377845764160156,random_inpainting,ibex_horns,wls
2,1,0.111,nan,19.86515998840332,random_inpainting,ibex_horns,wls
2,2,0.222,nan,29.544048309326172,random_inpainting,ibex_horns,wls
2,3,0.333,nan,47.406166076660156,random_inpainting,ibex_horns,wls
2,4,0.444,nan,83.01898193359375,random_inpainting,ibex_horns,wls
2,5,0.555,nan,160.47996520996094,random_inpainting,ibex_horns,wls
2,6,0.666,nan,346.24017333984375,random_inpainting,ibex_horns,wls
2,7,0.777,nan,842.0213623046875,random_inpainting,ibex_horns,wls
2,8,0.888,nan,2330.27978515625,random_inpainting,ibex_horns,wls
2,9,0.999,nan,7422.8076171875,random_inpainting,ibex_horns,wls
3,0,0.0,nan,3664.587646484375,random_inpainting,ibex_horns,wls
3,1,0.111,nan,3681.596435546875,random_inpainting,ibex_horns,wls
3,2,0.222,nan,3713.37841796875,random_inpainting,ibex_horns,wls
3,3,0.333,nan,3758.74462890625,random_inpainting,ibex_horns,wls
3,4,0.444,nan,3811.27392578125,random_inpainting,ibex_horns,wls
3,5,0.555,nan,3860.33740234375,random_inpainting,ibex_horns,wls
3,6,0.666,nan,3883.92724609375,random_inpainting,ibex_horns,wls
3,7,0.777,nan,3831.60791015625,random_inpainting,ibex_horns,wls
3,8,0.888,nan,3582.67724609375,random_inpainting,ibex_horns,wls
3,9,0.999,nan,3582.74609375,random_inpainting,ibex_horns,wls
0,0,0.0,nan,0.025164049118757248,random_inpainting,ibex_horns,model
0,1,0.111,nan,0.025603903457522392,random_inpainting,ibex_horns,model
0,2,0.222,nan,0.028776865452528,random_inpainting,ibex_horns,model
0,3,0.333,nan,0.029094740748405457,random_inpainting,ibex_horns,model
0,4,0.444,nan,0.025833314284682274,random_inpainting,ibex_horns,model
0,5,0.555,nan,0.021567292511463165,random_inpainting,ibex_horns,model
0,6,0.666,nan,0.017775073647499084,random_inpainting,ibex_horns,model
0,7,0.777,nan,0.014567333273589611,random_inpainting,ibex_horns,model
0,8,0.888,nan,0.01164909079670906,random_inpainting,ibex_horns,model
0,9,0.999,nan,0.00888918712735176,random_inpainting,ibex_horns,model
1,0,0.0,nan,0.016869833692908287,random_inpainting,ibex_horns,model
1,1,0.111,nan,0.015364691615104675,random_inpainting,ibex_horns,model
1,2,0.222,nan,0.011904004029929638,random_inpainting,ibex_horns,model
1,3,0.333,nan,0.009906850755214691,random_inpainting,ibex_horns,model
1,4,0.444,nan,0.009243552573025227,random_inpainting,ibex_horns,model
1,5,0.555,nan,0.009207385592162609,random_inpainting,ibex_horns,model
1,6,0.666,nan,0.008602669462561607,random_inpainting,ibex_horns,model
1,7,0.777,nan,0.009953956119716167,random_inpainting,ibex_horns,model
1,8,0.888,nan,0.013788217678666115,random_inpainting,ibex_horns,model
1,9,0.999,nan,0.016027415171265602,random_inpainting,ibex_horns,model
2,0,0.0,nan,0.018768254667520523,random_inpainting,ibex_horns,model
2,1,0.111,nan,0.017696239054203033,random_inpainting,ibex_horns,model
2,2,0.222,nan,0.015872953459620476,random_inpainting,ibex_horns,model
2,3,0.333,nan,0.014739876613020897,random_inpainting,ibex_horns,model
2,4,0.444,nan,0.01380246039479971,random_inpainting,ibex_horns,model
2,5,0.555,nan,0.013430973514914513,random_inpainting,ibex_horns,model
2,6,0.666,nan,0.013896460644900799,random_inpainting,ibex_horns,model
2,7,0.777,nan,0.015562137588858604,random_inpainting,ibex_horns,model
2,8,0.888,nan,0.0183383971452713,random_inpainting,ibex_horns,model
2,9,0.999,nan,0.021881192922592163,random_inpainting,ibex_horns,model
3,0,0.0,nan,0.02400270476937294,random_inpainting,ibex_horns,model
3,1,0.111,nan,0.022739838808774948,random_inpainting,ibex_horns,model
3,2,0.222,nan,0.021969906985759735,random_inpainting,ibex_horns,model
3,3,0.333,nan,0.021417757496237755,random_inpainting,ibex_horns,model
3,4,0.444,nan,0.02134012244641781,random_inpainting,ibex_horns,model
3,5,0.555,nan,0.021227162331342697,random_inpainting,ibex_horns,model
3,6,0.666,nan,0.02124319225549698,random_inpainting,ibex_horns,model
3,7,0.777,nan,0.02169984206557274,random_inpainting,ibex_horns,model
3,8,0.888,nan,0.023141562938690186,random_inpainting,ibex_horns,model
3,9,0.999,nan,0.023134227842092514,random_inpainting,ibex_horns,model
0,0,0.0,1.0,0.028545230627059937,random_inpainting,ibex_horns,alg2
0,1,0.111,0.9722500000000001,0.02855038456618786,random_inpainting,ibex_horns,alg2
0,2,0.222,0.9445,0.028641104698181152,random_inpainting,ibex_horns,alg2
0,3,0.333,0.9167500000000001,0.028558939695358276,random_inpainting,ibex_horns,alg2
0,4,0.444,0.889,0.028465038165450096,random_inpainting,ibex_horns,alg2
0,5,0.555,0.86125,0.02874171733856201,random_inpainting,ibex_horns,alg2
0,6,0.666,0.8335,0.028688013553619385,random_inpainting,ibex_horns,alg2
0,7,0.777,0.80575,0.028281625360250473,random_inpainting,ibex_horns,alg2
0,8,0.888,0.778,0.028544848784804344,random_inpainting,ibex_horns,alg2
0,9,0.999,0.75025,0.02870769426226616,random_inpainting,ibex_horns,alg2
1,0,0.0,0.8571428571428572,0.03555748984217644,random_inpainting,ibex_horns,alg2
1,1,0.111,0.8175000000000001,0.03518415987491608,random_inpainting,ibex_horns,alg2
1,2,0.222,0.7778571428571429,0.03541842848062515,random_inpainting,ibex_horns,alg2
1,3,0.333,0.7382142857142858,0.03550082445144653,random_inpainting,ibex_horns,alg2
1,4,0.444,0.6985714285714286,0.03596890717744827,random_inpainting,ibex_horns,alg2
1,5,0.555,0.6589285714285714,0.03542304039001465,random_inpainting,ibex_horns,alg2
1,6,0.666,0.6192857142857142,0.03523201495409012,random_inpainting,ibex_horns,alg2
1,7,0.777,0.5796428571428571,0.03532220795750618,random_inpainting,ibex_horns,alg2
1,8,0.888,0.54,0.0352030023932457,random_inpainting,ibex_horns,alg2
1,9,0.999,0.5003571428571428,0.03528836369514465,random_inpainting,ibex_horns,alg2
2,0,0.0,0.6666666666666667,3.592653751373291,random_inpainting,ibex_horns,alg2
2,1,0.111,0.6204166666666668,2.8068976402282715,random_inpainting,ibex_horns,alg2
2,2,0.222,0.5741666666666667,1.8633192777633667,random_inpainting,ibex_horns,alg2
2,3,0.333,0.5279166666666668,1.1921861171722412,random_inpainting,ibex_horns,alg2
2,4,0.444,0.48166666666666674,0.8057681322097778,random_inpainting,ibex_horns,alg2
2,5,0.555,0.4354166666666667,0.5860132575035095,random_inpainting,ibex_horns,alg2
2,6,0.666,0.38916666666666666,0.4450785517692566,random_inpainting,ibex_horns,alg2
2,7,0.777,0.34291666666666665,0.34599828720092773,random_inpainting,ibex_horns,alg2
2,8,0.888,0.2966666666666667,0.28386828303337097,random_inpainting,ibex_horns,alg2
2,9,0.999,0.2504166666666667,0.23355185985565186,random_inpainting,ibex_horns,alg2
3,0,0.0,0.3999999999999999,0.8111635446548462,random_inpainting,ibex_horns,alg2
3,1,0.111,0.3555999999999999,0.638190507888794,random_inpainting,ibex_horns,alg2
3,2,0.222,0.3111999999999999,0.5595793724060059,random_inpainting,ibex_horns,alg2
3,3,0.333,0.2668,0.557161271572113,random_inpainting,ibex_horns,alg2
3,4,0.444,0.22239999999999996,0.5844143033027649,random_inpainting,ibex_horns,alg2
3,5,0.555,0.17799999999999994,0.6189972758293152,random_inpainting,ibex_horns,alg2
3,6,0.666,0.13359999999999997,0.6458855867385864,random_inpainting,ibex_horns,alg2
3,7,0.777,0.08919999999999997,0.6641273498535156,random_inpainting,ibex_horns,alg2
3,8,0.888,0.044799999999999986,0.6734921336174011,random_inpainting,ibex_horns,alg2
3,9,0.999,0.0004000000000000003,0.6734921336174011,random_inpainting,ibex_horns,alg2
0,0,0.0,nan,0.12042968720197678,random_inpainting,junco,wls
0,1,0.111,nan,0.1252678632736206,random_inpainting,junco,wls
0,2,0.222,nan,0.1345233917236328,random_inpainting,junco,wls
0,3,0.333,nan,0.14529499411582947,random_inpainting,junco,wls
0,4,0.444,nan,0.15944728255271912,random_inpainting,junco,wls
0,5,0.555,nan,0.18274430930614471,random_inpainting,junco,wls
0,6,0.666,nan,0.22234414517879486,random_inpainting,junco,wls
0,7,0.777,nan,0.289142906665802,random_inpainting,junco,wls
0,8,0.888,nan,0.40347251296043396,random_inpainting,junco,wls
0,9,0.999,nan,0.6185675859451294,random_inpainting,junco,wls
1,0,0.0,nan,0.3565131425857544,random_inpainting,junco,wls
1,1,0.111,nan,0.3826230466365814,random_inpainting,junco,wls
1,2,0.222,nan,0.4553874433040619,random_inpainting,junco,wls
1,3,0.333,nan,0.5461822152137756,random_inpainting,junco,wls
1,4,0.444,nan,0.7165411710739136,random_inpainting,junco,wls
1,5,0.555,nan,1.057430386543274,random_inpainting,junco,wls
1,6,0.666,nan,1.8728420734405518,random_inpainting,junco,wls
1,7,0.777,nan,4.217231750488281,random_inpainting,junco,wls
1,8,0.888,nan,11.582247734069824,random_inpainting,junco,wls
1,9,0.999,nan,36.26081466674805,random_inpainting,junco,wls
2,0,0.0,nan,13.240446090698242,random_inpainting,junco,wls
2,1,0.111,nan,18.465423583984375,random_inpainting,junco,wls
2,2,0.222,nan,27.649444580078125,random_inpainting,junco,wls
2,3,0.333,nan,44.66520309448242,random_inpainting,junco,wls
2,4,0.444,nan,78.69383239746094,random_inpainting,junco,wls
2,5,0.555,nan,152.90415954589844,random_inpainting,junco,wls
2,6,0.666,nan,331.13165283203125,random_inpainting,junco,wls
2,7,0.777,nan,807.8997802734375,random_inpainting,junco,wls
2,8,0.888,nan,2241.6318359375,random_inpainting,junco,wls
2,9,0.999,nan,7150.62890625,random_inpainting,junco,wls
3,0,0.0,nan,3536.979248046875,random_inpainting,junco,wls
3,1,0.111,nan,3556.5029296875,random_inpainting,junco,wls
3,2,0.222,nan,3589.174560546875,random_inpainting,junco,wls
3,3,0.333,nan,3634.1435546875,random_inpainting,junco,wls
3,4,0.444,nan,3685.668701171875,random_inpainting,junco,wls
3,5,0.555,nan,3733.566162109375,random_inpainting,junco,wls
3,6,0.666,nan,3756.605224609375,random_inpainting,junco,wls
3,7,0.777,nan,3706.187255859375,random_inpainting,junco,wls
3,8,0.888,nan,3465.628662109375,random_inpainting,junco,wls
3,9,0.999,nan,3465.694091796875,random_inpainting,junco,wls
0,0,0.0,nan,0.00801556184887886,random_inpainting,junco,model
0,1,0.111,nan,0.01084048580378294,random_inpainting,junco,model
0,2,0.222,nan,0.014227917417883873,random_inpainting,junco,model
0,3,0.333,nan,0.014282731339335442,random_inpainting,junco,model
0,4,0.444,nan,0.011867024004459381,random_inpainting,junco,model
0,5,0.555,nan,0.009268944151699543,random_inpainting,junco,model
0,6,0.666,nan,0.007317911833524704,random_inpainting,junco,model
0,7,0.777,nan,0.00599953718483448,random_inpainting,junco,model
0,8,0.888,nan,0.005032150074839592,random_inpainting,junco,model
0,9,0.999,nan,0.004185057710856199,random_inpainting,junco,model
1,0,0.0,nan,0.007308616302907467,random_inpainting,junco,model
1,1,0.111,nan,0.007271128706634045,random_inpainting,junco,model
1,2,0.222,nan,0.005994941107928753,random_inpainting,junco,model
1,3,0.333,nan,0.0037745663430541754,random_inpainting,junco,model
1,4,0.444,nan,0.004028790630400181,random_inpainting,junco,model
1,5,0.555,nan,0.0037166508845984936,random_inpainting,junco,model
1,6,0.666,nan,0.0032227456104010344,random_inpainting,junco,model
1,7,0.777,nan,0.002928955014795065,random_inpainting,junco,model
1,8,0.888,nan,0.003120242618024349,random_inpainting,junco,model
1,9,0.999,nan,0.0035485089756548405,random_inpainting,junco,model
2,0,0.0,nan,0.0045854439958930016,random_inpainting,junco,model
2,1,0.111,nan,0.00425328966230154,random_inpainting,junco,model
2,2,0.222,nan,0.004160989075899124,random_inpainting,junco,model
2,3,0.333,nan,0.003883484285324812,random_inpainting,junco,model
2,4,0.444,nan,0.003588095074519515,random_inpainting,junco,model
2,5,0.555,nan,0.003446366637945175,random_inpainting,junco,model
2,6,0.666,nan,0.0033240942284464836,random_inpainting,junco,model
2,7,0.777,nan,0.0034479915630072355,random_inpainting,junco,model
2,8,0.888,nan,0.0038213457446545362,random_inpainting,junco,model
2,9,0.999,nan,0.0043542152270674706,random_inpainting,junco,model
3,0,0.0,nan,0.005080703645944595,random_inpainting,junco,model
3,1,0.111,nan,0.004548805765807629,random_inpainting,junco,model
3,2,0.222,nan,0.004262146539986134,random_inpainting,junco,model
3,3,0.333,nan,0.004080205224454403,random_inpainting,junco,model
3,4,0.444,nan,0.003965563140809536,random_inpainting,junco,model
3,5,0.555,nan,0.0038886084221303463,random_inpainting,junco,model
3,6,0.666,nan,0.00383960222825408,random_inpainting,junco,model
3,7,0.777,nan,0.0037664116825908422,random_inpainting,junco,model
3,8,0.888,nan,0.00372634781524539,random_inpainting,junco,model
3,9,0.999,nan,0.0037206567358225584,random_inpainting,junco,model
0,0,0.0,1.0,0.009506331756711006,random_inpainting,junco,alg2
0,1,0.111,0.9722500000000001,0.009303098544478416,random_inpainting,junco,alg2
0,2,0.222,0.9445,0.009363459423184395,random_inpainting,junco,alg2
0,3,0.333,0.9167500000000001,0.009318167343735695,random_inpainting,junco,alg2
0,4,0.444,0.889,0.009265736676752567,random_inpainting,junco,alg2
0,5,0.555,0.86125,0.00955229252576828,random_inpainting,junco,alg2
0,6,0.666,0.8335,0.009318515658378601,random_inpainting,junco,alg2
0,7,0.777,0.80575,0.009395306929945946,random_inpainting,junco,alg2
0,8,0.888,0.778,0.009528178721666336,random_inpainting,junco,alg2
0,9,0.999,0.75025,0.009342084638774395,random_inpainting,junco,alg2
1,0,0.0,0.8571428571428572,0.010746991261839867,random_inpainting,junco,alg2
1,1,0.111,0.8175000000000001,0.010875771753489971,random_inpainting,junco,alg2
1,2,0.222,0.7778571428571429,0.010963517241179943,random_inpainting,junco,alg2
1,3,0.333,0.7382142857142858,0.010957824997603893,random_inpainting,junco,alg2
1,4,0.444,0.6985714285714286,0.010880464687943459,random_inpainting,junco,alg2
1,5,0.555,0.6589285714285714,0.010925106704235077,random_inpainting,junco,alg2
1,6,0.666,0.6192857142857142,0.010671114549040794,random_inpainting,junco,alg2
1,7,0.777,0.5796428571428571,0.010971315205097198,random_inpainting,junco,alg2
1,8,0.888,0.54,0.010979419574141502,random_inpainting,junco,alg2
1,9,0.999,0.5003571428571428,0.010735146701335907,random_inpainting,junco,alg2
2,0,0.0,0.6666666666666667,1.8927135467529297,random_inpainting,junco,alg2
2,1,0.111,0.6204166666666668,1.2304483652114868,random_inpainting,junco,alg2
2,2,0.222,0.5741666666666667,0.7728719711303711,random_inpainting,junco,alg2
2,3,0.333,0.5279166666666668,0.4852103888988495,random_inpainting,junco,alg2
2,4,0.444,0.48166666666666674,0.3305933177471161,random_inpainting,junco,alg2
2,5,0.555,0.4354166666666667,0.23095187544822693,random_inpainting,junco,alg2
2,6,0.666,0.38916666666666666,0.16459733247756958,random_inpainting,junco,alg2
2,7,0.777,0.34291666666666665,0.12399908900260925,random_inpainting,junco,alg2
2,8,0.888,0.2966666666666667,0.0911995992064476,random_inpainting,junco,alg2
2,9,0.999,0.2504166666666667,0.07316902279853821,random_inpainting,junco,alg2
3,0,0.0,0.3999999999999999,0.6928306818008423,random_inpainting,junco,alg2
3,1,0.111,0.3555999999999999,0.5360001921653748,random_inpainting,junco,alg2
3,2,0.222,0.3111999999999999,0.4840521514415741,random_inpainting,junco,alg2
3,3,0.333,0.2668,0.47978609800338745,random_inpainting,junco,alg2
3,4,0.444,0.22239999999999996,0.49512070417404175,random_inpainting,junco,alg2
3,5,0.555,0.17799999999999994,0.5095815062522888,random_inpainting,junco,alg2
3,6,0.666,0.13359999999999997,0.5218923091888428,random_inpainting,junco,alg2
3,7,0.777,0.08919999999999997,0.5311751365661621,random_inpainting,junco,alg2
3,8,0.888,0.044799999999999986,0.5352892875671387,random_inpainting,junco,alg2
3,9,0.999,0.0004000000000000003,0.5352892875671387,random_inpainting,junco,alg2
0,0,0.0,nan,0.12636417150497437,random_inpainting,lakeside_beach,wls
0,1,0.111,nan,0.131167933344841,random_inpainting,lakeside_beach,wls
0,2,0.222,nan,0.13921546936035156,random_inpainting,lakeside_beach,wls
0,3,0.333,nan,0.1497454047203064,random_inpainting,lakeside_beach,wls
0,4,0.444,nan,0.1641789674758911,random_inpainting,lakeside_beach,wls
0,5,0.555,nan,0.1880694478750229,random_inpainting,lakeside_beach,wls
0,6,0.666,nan,0.22900311648845673,random_inpainting,lakeside_beach,wls
0,7,0.777,nan,0.29892563819885254,random_inpainting,lakeside_beach,wls
0,8,0.888,nan,0.41949462890625,random_inpainting,lakeside_beach,wls
0,9,0.999,nan,0.6481792330741882,random_inpainting,lakeside_beach,wls
1,0,0.0,nan,0.39826497435569763,random_inpainting,lakeside_beach,wls
1,1,0.111,nan,0.42222046852111816,random_inpainting,lakeside_beach,wls
1,2,0.222,nan,0.4807087182998657,random_inpainting,lakeside_beach,wls
1,3,0.333,nan,0.5714166164398193,random_inpainting,lakeside_beach,wls
1,4,0.444,nan,0.7440218925476074,random_inpainting,lakeside_beach,wls
1,5,0.555,nan,1.1093775033950806,random_inpainting,lakeside_beach,wls
1,6,0.666,nan,1.9818700551986694,random_inpainting,lakeside_beach,wls
1,7,0.777,nan,4.490995407104492,random_inpainting,lakeside_beach,wls
1,8,0.888,nan,12.51983642578125,random_inpainting,lakeside_beach,wls
1,9,0.999,nan,38.994667053222656,random_inpainting,lakeside_beach,wls
2,0,0.0,nan,14.066373825073242,random_inpainting,lakeside_beach,wls
2,1,0.111,nan,19.314708709716797,random_inpainting,lakeside_beach,wls
2,2,0.222,nan,28.43966293334961,random_inpainting,lakeside_beach,wls
2,3,0.333,nan,45.05725860595703,random_inpainting,lakeside_beach,wls
2,4,0.444,nan,77.68587493896484,random_inpainting,lakeside_beach,wls
2,5,0.555,nan,147.607421875,random_inpainting,lakeside_beach,wls
2,6,0.666,nan,313.06976318359375,random_inpainting,lakeside_beach,wls
2,7,0.777,nan,749.9228515625,random_inpainting,lakeside_beach,wls
2,8,0.888,nan,2051.77490234375,random_inpainting,lakeside_beach,wls
2,9,0.999,nan,6490.130859375,random_inpainting,lakeside_beach,wls
3,0,0.0,nan,3197.70556640625,random_inpainting,lakeside_beach,wls
3,1,0.111,nan,3209.197265625,random_inpainting,lakeside_beach,wls
3,2,0.222,nan,3234.418701171875,random_inpainting,lakeside_beach,wls
3,3,0.333,nan,3272.328857421875,random_inpainting,lakeside_beach,wls
3,4,0.444,nan,3317.228515625,random_inpainting,lakeside_beach,wls
3,5,0.555,nan,3359.68603515625,random_inpainting,lakeside_beach,wls
3,6,0.666,nan,3380.111328125,random_inpainting,lakeside_beach,wls
3,7,0.777,nan,3334.206787109375,random_inpainting,lakeside_beach,wls
3,8,0.888,nan,3116.24560546875,random_inpainting,lakeside_beach,wls
3,9,0.999,nan,3116.307373046875,random_inpainting,lakeside_beach,wls
0,0,0.0,nan,0.011422939598560333,random_inpainting,lakeside_beach,model
0,1,0.111,nan,0.013258683495223522,random_inpainting,lakeside_beach,model
0,2,0.222,nan,0.015429439954459667,random_inpainting,lakeside_beach,model
0,3,0.333,nan,0.014898042194545269,random_inpainting,lakeside_beach,model
0,4,0.444,nan,0.011875687167048454,random_inpainting,lakeside_beach,model
0,5,0.555,nan,0.008148902095854282,random_inpainting,lakeside_beach,model
0,6,0.666,nan,0.005086308810859919,random_inpainting,lakeside_beach,model
0,7,0.777,nan,0.003165306057780981,random_inpainting,lakeside_beach,model
0,8,0.888,nan,0.0021883537992835045,random_inpainting,lakeside_beach,model
0,9,0.999,nan,0.0016615388449281454,random_inpainting,lakeside_beach,model
1,0,0.0,nan,0.0023210784420371056,random_inpainting,lakeside_beach,model
1,1,0.111,nan,0.002091275295242667,random_inpainting,lakeside_beach,model
1,2,0.222,nan,0.002084860811010003,random_inpainting,lakeside_beach,model
1,3,0.333,nan,0.0018958909204229712,random_inpainting,lakeside_beach,model
1,4,0.444,nan,0.0017125057056546211,random_inpainting,lakeside_beach,model
1,5,0.555,nan,0.00150885374750942,random_inpainting,lakeside_beach,model
1,6,0.666,nan,0.0013086477993056178,random_inpainting,lakeside_beach,model
1,7,0.777,nan,0.0013076846953481436,random_inpainting,lakeside_beach,model
1,8,0.888,nan,0.001343578565865755,random_inpainting,lakeside_beach,model
1,9,0.999,nan,0.0016709364717826247,random_inpainting,lakeside_beach,model
2,0,0.0,nan,0.0023955455981194973,random_inpainting,lakeside_beach,model
2,1,0.111,nan,0.0024511797819286585,random_inpainting,lakeside_beach,model
2,2,0.222,nan,0.002295506652444601,random_inpainting,lakeside_beach,model
2,3,0.333,nan,0.0022201661486178637,random_inpainting,lakeside_beach,model
2,4,0.444,nan,0.00208869855850935,random_inpainting,lakeside_beach,model
2,5,0.555,nan,0.001976548694074154,random_inpainting,lakeside_beach,model
2,6,0.666,nan,0.0018557475414127111,random_inpainting,lakeside_beach,model
2,7,0.777,nan,0.0018072417005896568,random_inpainting,lakeside_beach,model
2,8,0.888,nan,0.0018546551000326872,random_inpainting,lakeside_beach,model
2,9,0.999,nan,0.002009795978665352,random_inpainting,lakeside_beach,model
3,0,0.0,nan,0.0029360554181039333,random_inpainting,lakeside_beach,model
3,1,0.111,nan,0.002868924755603075,random_inpainting,lakeside_beach,model
3,2,0.222,nan,0.002826509764418006,random_inpainting,lakeside_beach,model
3,3,0.333,nan,0.0027546619530767202,random_inpainting,lakeside_beach,model
3,4,0.444,nan,0.0026948638260364532,random_inpainting,lakeside_beach,model
3,5,0.555,nan,0.002616641577333212,random_inpainting,lakeside_beach,model
3,6,0.666,nan,0.002541780238971114,random_inpainting,lakeside_beach,model
3,7,0.777,nan,0.0024362346157431602,random_inpainting,lakeside_beach,model
3,8,0.888,nan,0.002325658919289708,random_inpainting,lakeside_beach,model
3,9,0.999,nan,0.002318951301276684,random_inpainting,lakeside_beach,model
0,0,0.0,1.0,0.0025279982946813107,random_inpainting,lakeside_beach,alg2
0,1,0.111,0.9722500000000001,0.002586277900263667,random_inpainting,lakeside_beach,alg2
0,2,0.222,0.9445,0.0025258411187678576,random_inpainting,lakeside_beach,alg2
0,3,0.333,0.9167500000000001,0.00254888366907835,random_inpainting,lakeside_beach,alg2
0,4,0.444,0.889,0.002624567598104477,random_inpainting,lakeside_beach,alg2
0,5,0.555,0.86125,0.0025777295231819153,random_inpainting,lakeside_beach,alg2
0,6,0.666,0.8335,0.0026440825313329697,random_inpainting,lakeside_beach,alg2
0,7,0.777,0.80575,0.0025822375901043415,random_inpainting,lakeside_beach,alg2
0,8,0.888,0.778,0.002600498963147402,random_inpainting,lakeside_beach,alg2
0,9,0.999,0.75025,0.002562867011874914,random_inpainting,lakeside_beach,alg2
1,0,0.0,0.8571428571428572,0.0060702115297317505,random_inpainting,lakeside_beach,alg2
1,1,0.111,0.8175000000000001,0.006119209341704845,random_inpainting,lakeside_beach,alg2
1,2,0.222,0.7778571428571429,0.00596401933580637,random_inpainting,lakeside_beach,alg2
1,3,0.333,0.7382142857142858,0.006023436784744263,random_inpainting,lakeside_beach,alg2
1,4,0.444,0.6985714285714286,0.006189792416989803,random_inpainting,lakeside_beach,alg2
1,5,0.555,0.6589285714285714,0.0061352490447461605,random_inpainting,lakeside_beach,alg2
1,6,0.666,0.6192857142857142,0.006184037774801254,random_inpainting,lakeside_beach,alg2
1,7,0.777,0.5796428571428571,0.006230476312339306,random_inpainting,lakeside_beach,alg2
1,8,0.888,0.54,0.006130348891019821,random_inpainting,lakeside_beach,alg2
1,9,0.999,0.5003571428571428,0.0060694217681884766,random_inpainting,lakeside_beach,alg2
2,0,0.0,0.6666666666666667,1.8334674835205078,random_inpainting,lakeside_beach,alg2
2,1,0.111,0.6204166666666668,1.1364463567733765,random_inpainting,lakeside_beach,alg2
2,2,0.222,0.5741666666666667,0.7211024165153503,random_inpainting,lakeside_beach,alg2
2,3,0.333,0.5279166666666668,0.45592889189720154,random_inpainting,lakeside_beach,alg2
2,4,0.444,0.48166666666666674,0.31291717290878296,random_inpainting,lakeside_beach,alg2
2,5,0.555,0.4354166666666667,0.22569164633750916,random_inpainting,lakeside_beach,alg2
2,6,0.666,0.38916666666666666,0.15926647186279297,random_inpainting,lakeside_beach,alg2
2,7,0.777,0.34291666666666665,0.1174326166510582,random_inpainting,lakeside_beach,alg2
2,8,0.888,0.2966666666666667,0.08549617975950241,random_inpainting,lakeside_beach,alg2
2,9,0.999,0.2504166666666667,0.06746800988912582,random_inpainting,lakeside_beach,alg2
3,0,0.0,0.3999999999999999,0.688387393951416,random_inpainting,lakeside_beach,alg2
3,1,0.111,0.3555999999999999,0.537777841091156,random_inpainting,lakeside_beach,alg2
3,2,0.222,0.3111999999999999,0.5051194429397583,random_inpainting,lakeside_beach,alg2
3,3,0.333,0.2668,0.4999464154243469,random_inpainting,lakeside_beach,alg2
3,4,0.444,0.22239999999999996,0.5026134848594666,random_inpainting,lakeside_beach,alg2
3,5,0.555,0.17799999999999994,0.5073819160461426,random_inpainting,lakeside_beach,alg2
3,6,0.666,0.13359999999999997,0.5185458660125732,random_inpainting,lakeside_beach,alg2
3,7,0.777,0.08919999999999997,0.5307894945144653,random_inpainting,lakeside_beach,alg2
3,8,0.888,0.044799999999999986,0.5377623438835144,random_inpainting,lakeside_beach,alg2
3,9,0.999,0.0004000000000000003,0.5377623438835144,random_inpainting,lakeside_beach,alg2
0,0,0.0,nan,0.17121899127960205,random_inpainting,sea_anemone,wls
0,1,0.111,nan,0.17894861102104187,random_inpainting,sea_anemone,wls
0,2,0.222,nan,0.18199613690376282,random_inpainting,sea_anemone,wls
0,3,0.333,nan,0.17996251583099365,random_inpainting,sea_anemone,wls
0,4,0.444,nan,0.17961417138576508,random_inpainting,sea_anemone,wls
0,5,0.555,nan,0.19376032054424286,random_inpainting,sea_anemone,wls
0,6,0.666,nan,0.23060783743858337,random_inpainting,sea_anemone,wls
0,7,0.777,nan,0.29718706011772156,random_inpainting,sea_anemone,wls
0,8,0.888,nan,0.4119224548339844,random_inpainting,sea_anemone,wls
0,9,0.999,nan,0.629585325717926,random_inpainting,sea_anemone,wls
1,0,0.0,nan,0.29047220945358276,random_inpainting,sea_anemone,wls
1,1,0.111,nan,0.32770833373069763,random_inpainting,sea_anemone,wls
1,2,0.222,nan,0.3962186276912689,random_inpainting,sea_anemone,wls
1,3,0.333,nan,0.5098227262496948,random_inpainting,sea_anemone,wls
1,4,0.444,nan,0.7018040418624878,random_inpainting,sea_anemone,wls
1,5,0.555,nan,1.0671412944793701,random_inpainting,sea_anemone,wls
1,6,0.666,nan,1.9652624130249023,random_inpainting,sea_anemone,wls
1,7,0.777,nan,4.5382819175720215,random_inpainting,sea_anemone,wls
1,8,0.888,nan,13.046478271484375,random_inpainting,sea_anemone,wls
1,9,0.999,nan,41.25706100463867,random_inpainting,sea_anemone,wls
2,0,0.0,nan,14.821588516235352,random_inpainting,sea_anemone,wls
2,1,0.111,nan,20.440284729003906,random_inpainting,sea_anemone,wls
2,2,0.222,nan,30.162059783935547,random_inpainting,sea_anemone,wls
2,3,0.333,nan,47.90397644042969,random_inpainting,sea_anemone,wls
2,4,0.444,nan,82.87892150878906,random_inpainting,sea_anemone,wls
2,5,0.555,nan,158.11151123046875,random_inpainting,sea_anemone,wls
2,6,0.666,nan,336.833740234375,random_inpainting,sea_anemone,wls
2,7,0.777,nan,810.64013671875,random_inpainting,sea_anemone,wls
2,8,0.888,nan,2227.363525390625,random_inpainting,sea_anemone,wls
2,9,0.999,nan,7069.06201171875,random_inpainting,sea_anemone,wls
3,0,0.0,nan,3500.933349609375,random_inpainting,sea_anemone,wls
3,1,0.111,nan,3515.985107421875,random_inpainting,sea_anemone,wls
3,2,0.222,nan,3545.59375,random_inpainting,sea_anemone,wls
3,3,0.333,nan,3588.178466796875,random_inpainting,sea_anemone,wls
3,4,0.444,nan,3638.097412109375,random_inpainting,sea_anemone,wls
3,5,0.555,nan,3684.860107421875,random_inpainting,sea_anemone,wls
3,6,0.666,nan,3707.35205078125,random_inpainting,sea_anemone,wls
3,7,0.777,nan,3657.46435546875,random_inpainting,sea_anemone,wls
3,8,0.888,nan,3419.64501953125,random_inpainting,sea_anemone,wls
3,9,0.999,nan,3419.71142578125,random_inpainting,sea_anemone,wls
0,0,0.0,nan,0.05590471625328064,random_inpainting,sea_anemone,model
0,1,0.111,nan,0.061839789152145386,random_inpainting,sea_anemone,model
0,2,0.222,nan,0.059721142053604126,random_inpainting,sea_anemone,model
0,3,0.333,nan,0.047305554151535034,random_inpainting,sea_anemone,model
0,4,0.444,nan,0.03050125017762184,random_inpainting,sea_anemone,model
0,5,0.555,nan,0.0180259607732296,random_inpainting,sea_anemone,model
0,6,0.666,nan,0.012387430295348167,random_inpainting,sea_anemone,model
0,7,0.777,nan,0.009706663899123669,random_inpainting,sea_anemone,model
0,8,0.888,nan,0.007974941283464432,random_inpainting,sea_anemone,model
0,9,0.999,nan,0.006466466933488846,random_inpainting,sea_anemone,model
1,0,0.0,nan,0.009089468978345394,random_inpainting,sea_anemone,model
1,1,0.111,nan,0.007163254078477621,random_inpainting,sea_anemone,model
1,2,0.222,nan,0.005804602988064289,random_inpainting,sea_anemone,model
1,3,0.333,nan,0.005170854739844799,random_inpainting,sea_anemone,model
1,4,0.444,nan,0.004113954491913319,random_inpainting,sea_anemone,model
1,5,0.555,nan,0.003480593441054225,random_inpainting,sea_anemone,model
1,6,0.666,nan,0.0030439523980021477,random_inpainting,sea_anemone,model
1,7,0.777,nan,0.0027098204009234905,random_inpainting,sea_anemone,model
1,8,0.888,nan,0.002497945912182331,random_inpainting,sea_anemone,model
1,9,0.999,nan,0.0024425622541457415,random_inpainting,sea_anemone,model
2,0,0.0,nan,0.004462402779608965,random_inpainting,sea_anemone,model
2,1,0.111,nan,0.004926008637994528,random_inpainting,sea_anemone,model
2,2,0.222,nan,0.004447705112397671,random_inpainting,sea_anemone,model
2,3,0.333,nan,0.004292374476790428,random_inpainting,sea_anemone,model
2,4,0.444,nan,0.004089328460395336,random_inpainting,sea_anemone,model
2,5,0.555,nan,0.003864273428916931,random_inpainting,sea_anemone,model
2,6,0.666,nan,0.004054860211908817,random_inpainting,sea_anemone,model
2,7,0.777,nan,0.00459720054641366,random_inpainting,sea_anemone,model
2,8,0.888,nan,0.0053780279122292995,random_inpainting,sea_anemone,model
2,9,0.999,nan,0.006540682166814804,random_inpainting,sea_anemone,model
3,0,0.0,nan,0.00873957946896553,random_inpainting,sea_anemone,model
3,1,0.111,nan,0.008365776389837265,random_inpainting,sea_anemone,model
3,2,0.222,nan,0.008136668242514133,random_inpainting,sea_anemone,model
3,3,0.333,nan,0.007925905287265778,random_inpainting,sea_anemone,model
3,4,0.444,nan,0.007727162446826696,random_inpainting,sea_anemone,model
3,5,0.555,nan,0.007542493753135204,random_inpainting,sea_anemone,model
3,6,0.666,nan,0.007375034503638744,random_inpainting,sea_anemone,model
3,7,0.777,nan,0.007224192377179861,random_inpainting,sea_anemone,model
3,8,0.888,nan,0.0072071487084031105,random_inpainting,sea_anemone,model
3,9,0.999,nan,0.007198409643024206,random_inpainting,sea_anemone,model
0,0,0.0,1.0,0.006600651890039444,random_inpainting,sea_anemone,alg2
0,1,0.111,0.9722500000000001,0.006598961539566517,random_inpainting,sea_anemone,alg2
0,2,0.222,0.9445,0.006570950150489807,random_inpainting,sea_anemone,alg2
0,3,0.333,0.9167500000000001,0.006572269834578037,random_inpainting,sea_anemone,alg2
0,4,0.444,0.889,0.0065448712557554245,random_inpainting,sea_anemone,alg2
0,5,0.555,0.86125,0.006535187363624573,random_inpainting,sea_anemone,alg2
0,6,0.666,0.8335,0.006624648347496986,random_inpainting,sea_anemone,alg2
0,7,0.777,0.80575,0.006560261361300945,random_inpainting,sea_anemone,alg2
0,8,0.888,0.778,0.006457825656980276,random_inpainting,sea_anemone,alg2
0,9,0.999,0.75025,0.006514291744679213,random_inpainting,sea_anemone,alg2
1,0,0.0,0.8571428571428572,0.011214647442102432,random_inpainting,sea_anemone,alg2
1,1,0.111,0.8175000000000001,0.011310232803225517,random_inpainting,sea_anemone,alg2
1,2,0.222,0.7778571428571429,0.01142907701432705,random_inpainting,sea_anemone,alg2
1,3,0.333,0.7382142857142858,0.011522786691784859,random_inpainting,sea_anemone,alg2
1,4,0.444,0.6985714285714286,0.011339021846652031,random_inpainting,sea_anemone,alg2
1,5,0.555,0.6589285714285714,0.011299113743007183,random_inpainting,sea_anemone,alg2
1,6,0.666,0.6192857142857142,0.011521285399794579,random_inpainting,sea_anemone,alg2
1,7,0.777,0.5796428571428571,0.01145343016833067,random_inpainting,sea_anemone,alg2
1,8,0.888,0.54,0.011462251655757427,random_inpainting,sea_anemone,alg2
1,9,0.999,0.5003571428571428,0.01116103120148182,random_inpainting,sea_anemone,alg2
2,0,0.0,0.6666666666666667,2.664307117462158,random_inpainting,sea_anemone,alg2
2,1,0.111,0.6204166666666668,1.8417425155639648,random_inpainting,sea_anemone,alg2
2,2,0.222,0.5741666666666667,1.1547625064849854,random_inpainting,sea_anemone,alg2
2,3,0.333,0.5279166666666668,0.7049770355224609,random_inpainting,sea_anemone,alg2
2,4,0.444,0.48166666666666674,0.48782920837402344,random_inpainting,sea_anemone,alg2
2,5,0.555,0.4354166666666667,0.3472207188606262,random_inpainting,sea_anemone,alg2
2,6,0.666,0.38916666666666666,0.2533552050590515,random_inpainting,sea_anemone,alg2
2,7,0.777,0.34291666666666665,0.18481281399726868,random_inpainting,sea_anemone,alg2
2,8,0.888,0.2966666666666667,0.1423938125371933,random_inpainting,sea_anemone,alg2
2,9,0.999,0.2504166666666667,0.10980294644832611,random_inpainting,sea_anemone,alg2
3,0,0.0,0.3999999999999999,0.7178188562393188,random_inpainting,sea_anemone,alg2
3,1,0.111,0.3555999999999999,0.5593026876449585,random_inpainting,sea_anemone,alg2
3,2,0.222,0.3111999999999999,0.48011547327041626,random_inpainting,sea_anemone,alg2
3,3,0.333,0.2668,0.4500032067298889,random_inpainting,sea_anemone,alg2
3,4,0.444,0.22239999999999996,0.43358349800109863,random_inpainting,sea_anemone,alg2
3,5,0.555,0.17799999999999994,0.42482703924179077,random_inpainting,sea_anemone,alg2
3,6,0.666,0.13359999999999997,0.4263429045677185,random_inpainting,sea_anemone,alg2
3,7,0.777,0.08919999999999997,0.4297677278518677,random_inpainting,sea_anemone,alg2
3,8,0.888,0.044799999999999986,0.4336470365524292,random_inpainting,sea_anemone,alg2
3,9,0.999,0.0004000000000000003,0.4336470365524292,random_inpainting,sea_anemone,alg2
0,0,0.0,nan,0.1365637481212616,random_inpainting,shetland_sheepdog,wls
0,1,0.111,nan,0.1480567455291748,random_inpainting,shetland_sheepdog,wls
0,2,0.222,nan,0.1562999188899994,random_inpainting,shetland_sheepdog,wls
0,3,0.333,nan,0.15910454094409943,random_inpainting,shetland_sheepdog,wls
0,4,0.444,nan,0.16569191217422485,random_inpainting,shetland_sheepdog,wls
0,5,0.555,nan,0.1831374615430832,random_inpainting,shetland_sheepdog,wls
0,6,0.666,nan,0.2170810103416443,random_inpainting,shetland_sheepdog,wls
0,7,0.777,nan,0.27683576941490173,random_inpainting,shetland_sheepdog,wls
0,8,0.888,nan,0.38036924600601196,random_inpainting,shetland_sheepdog,wls
0,9,0.999,nan,0.5762426257133484,random_inpainting,shetland_sheepdog,wls
1,0,0.0,nan,0.33740758895874023,random_inpainting,shetland_sheepdog,wls
1,1,0.111,nan,0.34792572259902954,random_inpainting,shetland_sheepdog,wls
1,2,0.222,nan,0.40431737899780273,random_inpainting,shetland_sheepdog,wls
1,3,0.333,nan,0.5391920804977417,random_inpainting,shetland_sheepdog,wls
1,4,0.444,nan,0.7006303668022156,random_inpainting,shetland_sheepdog,wls
1,5,0.555,nan,1.0867745876312256,random_inpainting,shetland_sheepdog,wls
1,6,0.666,nan,1.9659981727600098,random_inpainting,shetland_sheepdog,wls
1,7,0.777,nan,4.458707332611084,random_inpainting,shetland_sheepdog,wls
1,8,0.888,nan,12.712799072265625,random_inpainting,shetland_sheepdog,wls
1,9,0.999,nan,41.428096771240234,random_inpainting,shetland_sheepdog,wls
2,0,0.0,nan,15.195818901062012,random_inpainting,shetland_sheepdog,wls
2,1,0.111,nan,21.111255645751953,random_inpainting,shetland_sheepdog,wls
2,2,0.222,nan,31.501493453979492,random_inpainting,shetland_sheepdog,wls
2,3,0.333,nan,50.67158126831055,random_inpainting,shetland_sheepdog,wls
2,4,0.444,nan,88.89443969726562,random_inpainting,shetland_sheepdog,wls
2,5,0.555,nan,172.03025817871094,random_inpainting,shetland_sheepdog,wls
2,6,0.666,nan,371.371337890625,random_inpainting,shetland_sheepdog,wls
2,7,0.777,nan,903.5866088867188,random_inpainting,shetland_sheepdog,wls
2,8,0.888,nan,2502.06298828125,random_inpainting,shetland_sheepdog,wls
2,9,0.999,nan,7974.5087890625,random_inpainting,shetland_sheepdog,wls
3,0,0.0,nan,3940.94677734375,random_inpainting,shetland_sheepdog,wls
3,1,0.111,nan,3959.1865234375,random_inpainting,shetland_sheepdog,wls
3,2,0.222,nan,3993.5576171875,random_inpainting,shetland_sheepdog,wls
3,3,0.333,nan,4042.655029296875,random_inpainting,shetland_sheepdog,wls
3,4,0.444,nan,4099.3583984375,random_inpainting,shetland_sheepdog,wls
3,5,0.555,nan,4152.6044921875,random_inpainting,shetland_sheepdog,wls
3,6,0.666,nan,4178.1474609375,random_inpainting,shetland_sheepdog,wls
3,7,0.777,nan,4122.212890625,random_inpainting,shetland_sheepdog,wls
3,8,0.888,nan,3855.073974609375,random_inpainting,shetland_sheepdog,wls
3,9,0.999,nan,3855.14453125,random_inpainting,shetland_sheepdog,wls
0,0,0.0,nan,0.02645011804997921,random_inpainting,shetland_sheepdog,model
0,1,0.111,nan,0.036269411444664,random_inpainting,shetland_sheepdog,model
0,2,0.222,nan,0.03946059197187424,random_inpainting,shetland_sheepdog,model
0,3,0.333,nan,0.032840579748153687,random_inpainting,shetland_sheepdog,model
0,4,0.444,nan,0.024007268249988556,random_inpainting,shetland_sheepdog,model
0,5,0.555,nan,0.01696757599711418,random_inpainting,shetland_sheepdog,model
0,6,0.666,nan,0.011797353625297546,random_inpainting,shetland_sheepdog,model
0,7,0.777,nan,0.0076184943318367004,random_inpainting,shetland_sheepdog,model
0,8,0.888,nan,0.0050299460999667645,random_inpainting,shetland_sheepdog,model
0,9,0.999,nan,0.004218345507979393,random_inpainting,shetland_sheepdog,model
1,0,0.0,nan,0.0071762558072805405,random_inpainting,shetland_sheepdog,model
1,1,0.111,nan,0.006488274782896042,random_inpainting,shetland_sheepdog,model
1,2,0.222,nan,0.0054588308557868,random_inpainting,shetland_sheepdog,model
1,3,0.333,nan,0.0044090463779866695,random_inpainting,shetland_sheepdog,model
1,4,0.444,nan,0.0035705126356333494,random_inpainting,shetland_sheepdog,model
1,5,0.555,nan,0.0029243247117847204,random_inpainting,shetland_sheepdog,model
1,6,0.666,nan,0.002586793154478073,random_inpainting,shetland_sheepdog,model
1,7,0.777,nan,0.002292637713253498,random_inpainting,shetland_sheepdog,model
1,8,0.888,nan,0.002079252153635025,random_inpainting,shetland_sheepdog,model
1,9,0.999,nan,0.0021031242795288563,random_inpainting,shetland_sheepdog,model
2,0,0.0,nan,0.004135786555707455,random_inpainting,shetland_sheepdog,model
2,1,0.111,nan,0.003846392035484314,random_inpainting,shetland_sheepdog,model
2,2,0.222,nan,0.0035180188715457916,random_inpainting,shetland_sheepdog,model
2,3,0.333,nan,0.003317520720884204,random_inpainting,shetland_sheepdog,model
2,4,0.444,nan,0.0031393184326589108,random_inpainting,shetland_sheepdog,model
2,5,0.555,nan,0.0029700356535613537,random_inpainting,shetland_sheepdog,model
2,6,0.666,nan,0.0028170719742774963,random_inpainting,shetland_sheepdog,model
2,7,0.777,nan,0.002710121450945735,random_inpainting,shetland_sheepdog,model
2,8,0.888,nan,0.002607506699860096,random_inpainting,shetland_sheepdog,model
2,9,0.999,nan,0.0026340088807046413,random_inpainting,shetland_sheepdog,model
3,0,0.0,nan,0.0036644949577748775,random_inpainting,shetland_sheepdog,model
3,1,0.111,nan,0.003525927197188139,random_inpainting,shetland_sheepdog,model
3,2,0.222,nan,0.0033927960321307182,random_inpainting,shetland_sheepdog,model
3,3,0.333,nan,0.003271491965278983,random_inpainting,shetland_sheepdog,model
3,4,0.444,nan,0.003156458493322134,random_inpainting,shetland_sheepdog,model
3,5,0.555,nan,0.003013729117810726,random_inpainting,shetland_sheepdog,model
3,6,0.666,nan,0.0028613549657166004,random_inpainting,shetland_sheepdog,model
3,7,0.777,nan,0.0026689786463975906,random_inpainting,shetland_sheepdog,model
3,8,0.888,nan,0.0024325894191861153,random_inpainting,shetland_sheepdog,model
3,9,0.999,nan,0.0024247136898338795,random_inpainting,shetland_sheepdog,model
0,0,0.0,1.0,0.007333762478083372,random_inpainting,shetland_sheepdog,alg2
0,1,0.111,0.9722500000000001,0.0076057142578065395,random_inpainting,shetland_sheepdog,alg2
0,2,0.222,0.9445,0.007438567467033863,random_inpainting,shetland_sheepdog,alg2
0,3,0.333,0.9167500000000001,0.0075858840718865395,random_inpainting,shetland_sheepdog,alg2
0,4,0.444,0.889,0.007611291017383337,random_inpainting,shetland_sheepdog,alg2
0,5,0.555,0.86125,0.007644828408956528,random_inpainting,shetland_sheepdog,alg2
0,6,0.666,0.8335,0.007524469401687384,random_inpainting,shetland_sheepdog,alg2
0,7,0.777,0.80575,0.007540017366409302,random_inpainting,shetland_sheepdog,alg2
0,8,0.888,0.778,0.007641380187124014,random_inpainting,shetland_sheepdog,alg2
0,9,0.999,0.75025,0.007531404495239258,random_inpainting,shetland_sheepdog,alg2
1,0,0.0,0.8571428571428572,0.00823791604489088,random_inpainting,shetland_sheepdog,alg2
1,1,0.111,0.8175000000000001,0.008287955075502396,random_inpainting,shetland_sheepdog,alg2
1,2,0.222,0.7778571428571429,0.008229190483689308,random_inpainting,shetland_sheepdog,alg2
1,3,0.333,0.7382142857142858,0.008380419574677944,random_inpainting,shetland_sheepdog,alg2
1,4,0.444,0.6985714285714286,0.008334388956427574,random_inpainting,shetland_sheepdog,alg2
1,5,0.555,0.6589285714285714,0.008406534790992737,random_inpainting,shetland_sheepdog,alg2
1,6,0.666,0.6192857142857142,0.008254900574684143,random_inpainting,shetland_sheepdog,alg2
1,7,0.777,0.5796428571428571,0.00831656064838171,random_inpainting,shetland_sheepdog,alg2
1,8,0.888,0.54,0.008123122155666351,random_inpainting,shetland_sheepdog,alg2
1,9,0.999,0.5003571428571428,0.00826275534927845,random_inpainting,shetland_sheepdog,alg2
2,0,0.0,0.6666666666666667,1.5813406705856323,random_inpainting,shetland_sheepdog,alg2
2,1,0.111,0.6204166666666668,0.9629210233688354,random_inpainting,shetland_sheepdog,alg2
2,2,0.222,0.5741666666666667,0.6123170256614685,random_inpainting,shetland_sheepdog,alg2
2,3,0.333,0.5279166666666668,0.38839322328567505,random_inpainting,shetland_sheepdog,alg2
2,4,0.444,0.48166666666666674,0.27223822474479675,random_inpainting,shetland_sheepdog,alg2
2,5,0.555,0.4354166666666667,0.1915314793586731,random_inpainting,shetland_sheepdog,alg2
2,6,0.666,0.38916666666666666,0.13364171981811523,random_inpainting,shetland_sheepdog,alg2
2,7,0.777,0.34291666666666665,0.0946311503648758,random_inpainting,shetland_sheepdog,alg2
2,8,0.888,0.2966666666666667,0.06971579790115356,random_inpainting,shetland_sheepdog,alg2
2,9,0.999,0.2504166666666667,0.051616422832012177,random_inpainting,shetland_sheepdog,alg2
3,0,0.0,0.3999999999999999,0.6733473539352417,random_inpainting,shetland_sheepdog,alg2
3,1,0.111,0.3555999999999999,0.5228601694107056,random_inpainting,shetland_sheepdog,alg2
3,2,0.222,0.3111999999999999,0.48497113585472107,random_inpainting,shetland_sheepdog,alg2
3,3,0.333,0.2668,0.477852463722229,random_inpainting,shetland_sheepdog,alg2
3,4,0.444,0.22239999999999996,0.4713045358657837,random_inpainting,shetland_sheepdog,alg2
3,5,0.555,0.17799999999999994,0.4730002284049988,random_inpainting,shetland_sheepdog,alg2
3,6,0.666,0.13359999999999997,0.4821702837944031,random_inpainting,shetland_sheepdog,alg2
3,7,0.777,0.08919999999999997,0.4910096824169159,random_inpainting,shetland_sheepdog,alg2
3,8,0.888,0.044799999999999986,0.4962563216686249,random_inpainting,shetland_sheepdog,alg2
3,9,0.999,0.0004000000000000003,0.4962563216686249,random_inpainting,shetland_sheepdog,alg2
0,0,0.0,nan,0.29596078395843506,gaussian_blur,breastplate_armor,wls
0,1,0.111,nan,0.3336411714553833,gaussian_blur,breastplate_armor,wls
0,2,0.222,nan,0.4041302800178528,gaussian_blur,breastplate_armor,wls
0,3,0.333,nan,0.5354567766189575,gaussian_blur,breastplate_armor,wls
0,4,0.444,nan,0.7980817556381226,gaussian_blur,breastplate_armor,wls
0,5,0.555,nan,1.3769025802612305,gaussian_blur,breastplate_armor,wls
0,6,0.666,nan,2.7702443599700928,gaussian_blur,breastplate_armor,wls
0,7,0.777,nan,6.75638484954834,gaussian_blur,breastplate_armor,wls
0,8,0.888,nan,22.543182373046875,gaussian_blur,breastplate_armor,wls
0,9,0.999,nan,80.20187377929688,gaussian_blur,breastplate_armor,wls
1,0,0.0,nan,11.244401931762695,gaussian_blur,breastplate_armor,wls
1,1,0.111,nan,16.083438873291016,gaussian_blur,breastplate_armor,wls
1,2,0.222,nan,23.57362937927246,gaussian_blur,breastplate_armor,wls
1,3,0.333,nan,37.03147506713867,gaussian_blur,breastplate_armor,wls
1,4,0.444,nan,62.684661865234375,gaussian_blur,breastplate_armor,wls
1,5,0.555,nan,115.4695053100586,gaussian_blur,breastplate_armor,wls
1,6,0.666,nan,235.82052612304688,gaussian_blur,breastplate_armor,wls
1,7,0.777,nan,545.9349365234375,gaussian_blur,breastplate_armor,wls
1,8,0.888,nan,1472.814453125,gaussian_blur,breastplate_armor,wls
1,9,0.999,nan,4770.0009765625,gaussian_blur,breastplate_armor,wls
2,0,0.0,nan,1962.893310546875,gaussian_blur,breastplate_armor,wls
2,1,0.111,nan,2632.30517578125,gaussian_blur,breastplate_armor,wls
2,2,0.222,nan,3676.300537109375,gaussian_blur,breastplate_armor,wls
2,3,0.333,nan,5336.4931640625,gaussian_blur,breastplate_armor,wls
2,4,0.444,nan,8023.13671875,gaussian_blur,breastplate_armor,wls
2,5,0.555,nan,12430.85546875,gaussian_blur,breastplate_armor,wls
2,6,0.666,nan,19726.8984375,gaussian_blur,breastplate_armor,wls
2,7,0.777,nan,31841.60546875,gaussian_blur,breastplate_armor,wls
2,8,0.888,nan,51884.15625,gaussian_blur,breastplate_armor,wls
2,9,0.999,nan,84701.1875,gaussian_blur,breastplate_armor,wls
3,0,0.0,nan,47475.25,gaussian_blur,breastplate_armor,wls
3,1,0.111,nan,47247.66796875,gaussian_blur,breastplate_armor,wls
3,2,0.222,nan,46954.1640625,gaussian_blur,breastplate_armor,wls
3,3,0.333,nan,46657.0234375,gaussian_blur,breastplate_armor,wls
3,4,0.444,nan,46342.2109375,gaussian_blur,breastplate_armor,wls
3,5,0.555,nan,45999.0,gaussian_blur,breastplate_armor,wls
3,6,0.666,nan,45613.80859375,gaussian_blur,breastplate_armor,wls
3,7,0.777,nan,45182.15625,gaussian_blur,breastplate_armor,wls
3,8,0.888,nan,44746.5078125,gaussian_blur,breastplate_armor,wls
3,9,0.999,nan,44746.44921875,gaussian_blur,breastplate_armor,wls
0,0,0.0,nan,0.0034717097878456116,gaussian_blur,breastplate_armor,model
0,1,0.111,nan,0.0035366490483283997,gaussian_blur,breastplate_armor,model
0,2,0.222,nan,0.0033567051868885756,gaussian_blur,breastplate_armor,model
0,3,0.333,nan,0.003445141017436981,gaussian_blur,breastplate_armor,model
0,4,0.444,nan,0.0032966164872050285,gaussian_blur,breastplate_armor,model
0,5,0.555,nan,0.0032387212850153446,gaussian_blur,breastplate_armor,model
0,6,0.666,nan,0.003304240060970187,gaussian_blur,breastplate_armor,model
0,7,0.777,nan,0.0032658185809850693,gaussian_blur,breastplate_armor,model
0,8,0.888,nan,0.003295991336926818,gaussian_blur,breastplate_armor,model
0,9,0.999,nan,0.0034076205920428038,gaussian_blur,breastplate_armor,model
1,0,0.0,nan,0.00441403966397047,gaussian_blur,breastplate_armor,model
1,1,0.111,nan,0.004407201893627644,gaussian_blur,breastplate_armor,model
1,2,0.222,nan,0.004418314900249243,gaussian_blur,breastplate_armor,model
1,3,0.333,nan,0.004456198308616877,gaussian_blur,breastplate_armor,model
1,4,0.444,nan,0.004383916035294533,gaussian_blur,breastplate_armor,model
1,5,0.555,nan,0.004427029751241207,gaussian_blur,breastplate_armor,model
1,6,0.666,nan,0.004365160129964352,gaussian_blur,breastplate_armor,model
1,7,0.777,nan,0.004571632016450167,gaussian_blur,breastplate_armor,model
1,8,0.888,nan,0.004476255737245083,gaussian_blur,breastplate_armor,model
1,9,0.999,nan,0.00460963137447834,gaussian_blur,breastplate_armor,model
2,0,0.0,nan,0.010235326364636421,gaussian_blur,breastplate_armor,model
2,1,0.111,nan,0.010140415281057358,gaussian_blur,breastplate_armor,model
2,2,0.222,nan,0.010152829810976982,gaussian_blur,breastplate_armor,model
2,3,0.333,nan,0.010245857760310173,gaussian_blur,breastplate_armor,model
2,4,0.444,nan,0.010340294800698757,gaussian_blur,breastplate_armor,model
2,5,0.555,nan,0.010212882421910763,gaussian_blur,breastplate_armor,model
2,6,0.666,nan,0.010293401777744293,gaussian_blur,breastplate_armor,model
2,7,0.777,nan,0.010398211888968945,gaussian_blur,breastplate_armor,model
2,8,0.888,nan,0.01053917407989502,gaussian_blur,breastplate_armor,model
2,9,0.999,nan,0.010680066421627998,gaussian_blur,breastplate_armor,model
3,0,0.0,nan,0.017182499170303345,gaussian_blur,breastplate_armor,model
3,1,0.111,nan,0.017301131039857864,gaussian_blur,breastplate_armor,model
3,2,0.222,nan,0.017358148470520973,gaussian_blur,breastplate_armor,model
3,3,0.333,nan,0.01738905906677246,gaussian_blur,breastplate_armor,model
3,4,0.444,nan,0.01738678477704525,gaussian_blur,breastplate_armor,model
3,5,0.555,nan,0.01724039763212204,gaussian_blur,breastplate_armor,model
3,6,0.666,nan,0.01701468601822853,gaussian_blur,breastplate_armor,model
3,7,0.777,nan,0.016732024028897285,gaussian_blur,breastplate_armor,model
3,8,0.888,nan,0.016322655603289604,gaussian_blur,breastplate_armor,model
3,9,0.999,nan,0.016320450231432915,gaussian_blur,breastplate_armor,model
0,0,0.0,1.0,0.00560753233730793,gaussian_blur,breastplate_armor,alg2
0,1,0.111,0.9722500000000001,0.005655698478221893,gaussian_blur,breastplate_armor,alg2
0,2,0.222,0.9445,0.005471722688525915,gaussian_blur,breastplate_armor,alg2
0,3,0.333,0.9167500000000001,0.005622524302452803,gaussian_blur,breastplate_armor,alg2
0,4,0.444,0.889,0.005544736050069332,gaussian_blur,breastplate_armor,alg2
0,5,0.555,0.86125,0.005713685415685177,gaussian_blur,breastplate_armor,alg2
0,6,0.666,0.8335,0.005639565642923117,gaussian_blur,breastplate_armor,alg2
0,7,0.777,0.80575,0.005617833696305752,gaussian_blur,breastplate_armor,alg2
0,8,0.888,0.778,0.005725284572690725,gaussian_blur,breastplate_armor,alg2
0,9,0.999,0.75025,0.0056058503687381744,gaussian_blur,breastplate_armor,alg2
1,0,0.0,0.8571428571428572,1.03795325756073,gaussian_blur,breastplate_armor,alg2
1,1,0.111,0.8175000000000001,0.880926787853241,gaussian_blur,breastplate_armor,alg2
1,2,0.222,0.7778571428571429,0.8677471876144409,gaussian_blur,breastplate_armor,alg2
1,3,0.333,0.7382142857142858,0.8396972417831421,gaussian_blur,breastplate_armor,alg2
1,4,0.444,0.6985714285714286,0.7667249441146851,gaussian_blur,breastplate_armor,alg2
1,5,0.555,0.6589285714285714,0.6554422378540039,gaussian_blur,breastplate_armor,alg2
1,6,0.666,0.6192857142857142,0.5409003496170044,gaussian_blur,breastplate_armor,alg2
1,7,0.777,0.5796428571428571,0.42151159048080444,gaussian_blur,breastplate_armor,alg2
1,8,0.888,0.54,0.3277825117111206,gaussian_blur,breastplate_armor,alg2
1,9,0.999,0.5003571428571428,0.27169346809387207,gaussian_blur,breastplate_armor,alg2
2,0,0.0,0.6666666666666667,15.991376876831055,gaussian_blur,breastplate_armor,alg2
2,1,0.111,0.6204166666666668,14.428586959838867,gaussian_blur,breastplate_armor,alg2
2,2,0.222,0.5741666666666667,12.023681640625,gaussian_blur,breastplate_armor,alg2
2,3,0.333,0.5279166666666668,8.116044044494629,gaussian_blur,breastplate_armor,alg2
2,4,0.444,0.48166666666666674,5.369454860687256,gaussian_blur,breastplate_armor,alg2
2,5,0.555,0.4354166666666667,3.4787721633911133,gaussian_blur,breastplate_armor,alg2
2,6,0.666,0.38916666666666666,2.3130645751953125,gaussian_blur,breastplate_armor,alg2
2,7,0.777,0.34291666666666665,1.6052716970443726,gaussian_blur,breastplate_armor,alg2
2,8,0.888,0.2966666666666667,1.1740951538085938,gaussian_blur,breastplate_armor,alg2
2,9,0.999,0.2504166666666667,0.9128108024597168,gaussian_blur,breastplate_armor,alg2
3,0,0.0,0.3999999999999999,1.6153205633163452,gaussian_blur,breastplate_armor,alg2
3,1,0.111,0.3555999999999999,1.3696703910827637,gaussian_blur,breastplate_armor,alg2
3,2,0.222,0.3111999999999999,1.179040789604187,gaussian_blur,breastplate_armor,alg2
3,3,0.333,0.2668,1.043156623840332,gaussian_blur,breastplate_armor,alg2
3,4,0.444,0.22239999999999996,0.9487892985343933,gaussian_blur,breastplate_armor,alg2
3,5,0.555,0.17799999999999994,0.8888074159622192,gaussian_blur,breastplate_armor,alg2
3,6,0.666,0.13359999999999997,0.8576978445053101,gaussian_blur,breastplate_armor,alg2
3,7,0.777,0.08919999999999997,0.8423287272453308,gaussian_blur,breastplate_armor,alg2
3,8,0.888,0.044799999999999986,0.838357150554657,gaussian_blur,breastplate_armor,alg2
3,9,0.999,0.0004000000000000003,0.838357150554657,gaussian_blur,breastplate_armor,alg2
0,0,0.0,nan,0.3008030354976654,gaussian_blur,crane_structure,wls
0,1,0.111,nan,0.33868759870529175,gaussian_blur,crane_structure,wls
0,2,0.222,nan,0.4097231328487396,gaussian_blur,crane_structure,wls
0,3,0.333,nan,0.5414203405380249,gaussian_blur,crane_structure,wls
0,4,0.444,nan,0.8029179573059082,gaussian_blur,crane_structure,wls
0,5,0.555,nan,1.376452922821045,gaussian_blur,crane_structure,wls
0,6,0.666,nan,2.7513413429260254,gaussian_blur,crane_structure,wls
0,7,0.777,nan,6.688840389251709,gaussian_blur,crane_structure,wls
0,8,0.888,nan,22.20258903503418,gaussian_blur,crane_structure,wls
0,9,0.999,nan,79.51692199707031,gaussian_blur,crane_structure,wls
1,0,0.0,nan,11.129175186157227,gaussian_blur,crane_structure,wls
1,1,0.111,nan,15.915870666503906,gaussian_blur,crane_structure,wls
1,2,0.222,nan,23.436477661132812,gaussian_blur,crane_structure,wls
1,3,0.333,nan,36.980159759521484,gaussian_blur,crane_structure,wls
1,4,0.444,nan,62.839881896972656,gaussian_blur,crane_structure,wls
1,5,0.555,nan,116.15135192871094,gaussian_blur,crane_structure,wls
1,6,0.666,nan,238.0030517578125,gaussian_blur,crane_structure,wls
1,7,0.777,nan,552.8660278320312,gaussian_blur,crane_structure,wls
1,8,0.888,nan,1496.732177734375,gaussian_blur,crane_structure,wls
1,9,0.999,nan,4863.74267578125,gaussian_blur,crane_structure,wls
2,0,0.0,nan,1998.763671875,gaussian_blur,crane_structure,wls
2,1,0.111,nan,2683.462158203125,gaussian_blur,crane_structure,wls
2,2,0.222,nan,3751.041015625,gaussian_blur,crane_structure,wls
2,3,0.333,nan,5448.99169921875,gaussian_blur,crane_structure,wls
2,4,0.444,nan,8196.787109375,gaussian_blur,crane_structure,wls
2,5,0.555,nan,12704.5927734375,gaussian_blur,crane_structure,wls
2,6,0.666,nan,20165.4921875,gaussian_blur,crane_structure,wls
2,7,0.777,nan,32551.865234375,gaussian_blur,crane_structure,wls
2,8,0.888,nan,53039.703125,gaussian_blur,crane_structure,wls
2,9,0.999,nan,86578.234375,gaussian_blur,crane_structure,wls
3,0,0.0,nan,48543.953125,gaussian_blur,crane_structure,wls
3,1,0.111,nan,48310.82421875,gaussian_blur,crane_structure,wls
3,2,0.222,nan,48010.2421875,gaussian_blur,crane_structure,wls
3,3,0.333,nan,47705.265625,gaussian_blur,crane_structure,wls
3,4,0.444,nan,47383.51171875,gaussian_blur,crane_structure,wls
3,5,0.555,nan,47032.44921875,gaussian_blur,crane_structure,wls
3,6,0.666,nan,46638.4140625,gaussian_blur,crane_structure,wls
3,7,0.777,nan,46197.40625,gaussian_blur,crane_structure,wls
3,8,0.888,nan,45752.46875,gaussian_blur,crane_structure,wls
3,9,0.999,nan,45752.4140625,gaussian_blur,crane_structure,wls
0,0,0.0,nan,0.009703210555016994,gaussian_blur,crane_structure,model
0,1,0.111,nan,0.009690964594483376,gaussian_blur,crane_structure,model
0,2,0.222,nan,0.009453384205698967,gaussian_blur,crane_structure,model
0,3,0.333,nan,0.009505546651780605,gaussian_blur,crane_structure,model
0,4,0.444,nan,0.00951273925602436,gaussian_blur,crane_structure,model
0,5,0.555,nan,0.009410100057721138,gaussian_blur,crane_structure,model
0,6,0.666,nan,0.009626193903386593,gaussian_blur,crane_structure,model
0,7,0.777,nan,0.009531382471323013,gaussian_blur,crane_structure,model
0,8,0.888,nan,0.009392607025802135,gaussian_blur,crane_structure,model
0,9,0.999,nan,0.010022616013884544,gaussian_blur,crane_structure,model
1,0,0.0,nan,0.012002017349004745,gaussian_blur,crane_structure,model
1,1,0.111,nan,0.011901535093784332,gaussian_blur,crane_structure,model
1,2,0.222,nan,0.01301894336938858,gaussian_blur,crane_structure,model
1,3,0.333,nan,0.012793522328138351,gaussian_blur,crane_structure,model
1,4,0.444,nan,0.013075551949441433,gaussian_blur,crane_structure,model
1,5,0.555,nan,0.012852231971919537,gaussian_blur,crane_structure,model
1,6,0.666,nan,0.013307131826877594,gaussian_blur,crane_structure,model
1,7,0.777,nan,0.012618772685527802,gaussian_blur,crane_structure,model
1,8,0.888,nan,0.0130589809268713,gaussian_blur,crane_structure,model
1,9,0.999,nan,0.013810775242745876,gaussian_blur,crane_structure,model
2,0,0.0,nan,0.031066400930285454,gaussian_blur,crane_structure,model
2,1,0.111,nan,0.029743261635303497,gaussian_blur,crane_structure,model
2,2,0.222,nan,0.029853887856006622,gaussian_blur,crane_structure,model
2,3,0.333,nan,0.030770864337682724,gaussian_blur,crane_structure,model
2,4,0.444,nan,0.03237146884202957,gaussian_blur,crane_structure,model
2,5,0.555,nan,0.034133754670619965,gaussian_blur,crane_structure,model
2,6,0.666,nan,0.036488618701696396,gaussian_blur,crane_structure,model
2,7,0.777,nan,0.03918518126010895,gaussian_blur,crane_structure,model
2,8,0.888,nan,0.04232138395309448,gaussian_blur,crane_structure,model
2,9,0.999,nan,0.04625355452299118,gaussian_blur,crane_structure,model
3,0,0.0,nan,0.05954289436340332,gaussian_blur,crane_structure,model
3,1,0.111,nan,0.06089526414871216,gaussian_blur,crane_structure,model
3,2,0.222,nan,0.06254489719867706,gaussian_blur,crane_structure,model
3,3,0.333,nan,0.06397851556539536,gaussian_blur,crane_structure,model
3,4,0.444,nan,0.06541426479816437,gaussian_blur,crane_structure,model
3,5,0.555,nan,0.06639580428600311,gaussian_blur,crane_structure,model
3,6,0.666,nan,0.06715740263462067,gaussian_blur,crane_structure,model
3,7,0.777,nan,0.06748206913471222,gaussian_blur,crane_structure,model
3,8,0.888,nan,0.06754451245069504,gaussian_blur,crane_structure,model
3,9,0.999,nan,0.06754579395055771,gaussian_blur,crane_structure,model
0,0,0.0,1.0,0.019652290269732475,gaussian_blur,crane_structure,alg2
0,1,0.111,0.9722500000000001,0.019360970705747604,gaussian_blur,crane_structure,alg2
0,2,0.222,0.9445,0.019335929304361343,gaussian_blur,crane_structure,alg2
0,3,0.333,0.9167500000000001,0.019579386338591576,gaussian_blur,crane_structure,alg2
0,4,0.444,0.889,0.019617298617959023,gaussian_blur,crane_structure,alg2
0,5,0.555,0.86125,0.019414911046624184,gaussian_blur,crane_structure,alg2
0,6,0.666,0.8335,0.019257578998804092,gaussian_blur,crane_structure,alg2
0,7,0.777,0.80575,0.01968475803732872,gaussian_blur,crane_structure,alg2
0,8,0.888,0.778,0.01960703544318676,gaussian_blur,crane_structure,alg2
0,9,0.999,0.75025,0.019415387883782387,gaussian_blur,crane_structure,alg2
1,0,0.0,0.8571428571428572,1.073871374130249,gaussian_blur,crane_structure,alg2
1,1,0.111,0.8175000000000001,0.9188337326049805,gaussian_blur,crane_structure,alg2
1,2,0.222,0.7778571428571429,0.9051842093467712,gaussian_blur,crane_structure,alg2
1,3,0.333,0.7382142857142858,0.8757081031799316,gaussian_blur,crane_structure,alg2
1,4,0.444,0.6985714285714286,0.7995819449424744,gaussian_blur,crane_structure,alg2
1,5,0.555,0.6589285714285714,0.6867680549621582,gaussian_blur,crane_structure,alg2
1,6,0.666,0.6192857142857142,0.5724823474884033,gaussian_blur,crane_structure,alg2
1,7,0.777,0.5796428571428571,0.4494703710079193,gaussian_blur,crane_structure,alg2
1,8,0.888,0.54,0.3531285524368286,gaussian_blur,crane_structure,alg2
1,9,0.999,0.5003571428571428,0.29586055874824524,gaussian_blur,crane_structure,alg2
2,0,0.0,0.6666666666666667,16.08562469482422,gaussian_blur,crane_structure,alg2
2,1,0.111,0.6204166666666668,14.517423629760742,gaussian_blur,crane_structure,alg2
2,2,0.222,0.5741666666666667,12.13123893737793,gaussian_blur,crane_structure,alg2
2,3,0.333,0.5279166666666668,8.20484733581543,gaussian_blur,crane_structure,alg2
2,4,0.444,0.48166666666666674,5.43696928024292,gaussian_blur,crane_structure,alg2
2,5,0.555,0.4354166666666667,3.513423442840576,gaussian_blur,crane_structure,alg2
2,6,0.666,0.38916666666666666,2.3351428508758545,gaussian_blur,crane_structure,alg2
2,7,0.777,0.34291666666666665,1.6200189590454102,gaussian_blur,crane_structure,alg2
2,8,0.888,0.2966666666666667,1.1834887266159058,gaussian_blur,crane_structure,alg2
2,9,0.999,0.2504166666666667,0.9203361868858337,gaussian_blur,crane_structure,alg2
3,0,0.0,0.3999999999999999,1.6410181522369385,gaussian_blur,crane_structure,alg2
3,1,0.111,0.3555999999999999,1.3999170064926147,gaussian_blur,crane_structure,alg2
3,2,0.222,0.3111999999999999,1.212856650352478,gaussian_blur,crane_structure,alg2
3,3,0.333,0.2668,1.0829418897628784,gaussian_blur,crane_structure,alg2
3,4,0.444,0.22239999999999996,0.9978399276733398,gaussian_blur,crane_structure,alg2
3,5,0.555,0.17799999999999994,0.9447135925292969,gaussian_blur,crane_structure,alg2
3,6,0.666,0.13359999999999997,0.9181891679763794,gaussian_blur,crane_structure,alg2
3,7,0.777,0.08919999999999997,0.9046775698661804,gaussian_blur,crane_structure,alg2
3,8,0.888,0.044799999999999986,0.900592029094696,gaussian_blur,crane_structure,alg2
3,9,0.999,0.0004000000000000003,0.900592029094696,gaussian_blur,crane_structure,alg2
0,0,0.0,nan,0.30711913108825684,gaussian_blur,ibex_horns,wls
0,1,0.111,nan,0.34589099884033203,gaussian_blur,ibex_horns,wls
0,2,0.222,nan,0.41766414046287537,gaussian_blur,ibex_horns,wls
0,3,0.333,nan,0.5511705875396729,gaussian_blur,ibex_horns,wls
0,4,0.444,nan,0.8181644678115845,gaussian_blur,ibex_horns,wls
0,5,0.555,nan,1.4045073986053467,gaussian_blur,ibex_horns,wls
0,6,0.666,nan,2.797830581665039,gaussian_blur,ibex_horns,wls
0,7,0.777,nan,6.805201530456543,gaussian_blur,ibex_horns,wls
0,8,0.888,nan,22.983131408691406,gaussian_blur,ibex_horns,wls
0,9,0.999,nan,81.66515350341797,gaussian_blur,ibex_horns,wls
1,0,0.0,nan,11.597319602966309,gaussian_blur,ibex_horns,wls
1,1,0.111,nan,16.410999298095703,gaussian_blur,ibex_horns,wls
1,2,0.222,nan,23.973342895507812,gaussian_blur,ibex_horns,wls
1,3,0.333,nan,37.53575897216797,gaussian_blur,ibex_horns,wls
1,4,0.444,nan,63.3861083984375,gaussian_blur,ibex_horns,wls
1,5,0.555,nan,116.57331848144531,gaussian_blur,ibex_horns,wls
1,6,0.666,nan,237.806396484375,gaussian_blur,ibex_horns,wls
1,7,0.777,nan,550.1935424804688,gaussian_blur,ibex_horns,wls
1,8,0.888,nan,1483.864013671875,gaussian_blur,ibex_horns,wls
1,9,0.999,nan,4804.2412109375,gaussian_blur,ibex_horns,wls
2,0,0.0,nan,1976.7255859375,gaussian_blur,ibex_horns,wls
2,1,0.111,nan,2651.12255859375,gaussian_blur,ibex_horns,wls
2,2,0.222,nan,3702.727294921875,gaussian_blur,ibex_horns,wls
2,3,0.333,nan,5374.427734375,gaussian_blur,ibex_horns,wls
2,4,0.444,nan,8078.642578125,gaussian_blur,ibex_horns,wls
2,5,0.555,nan,12513.8671875,gaussian_blur,ibex_horns,wls
2,6,0.666,nan,19853.611328125,gaussian_blur,ibex_horns,wls
2,7,0.777,nan,32038.6875,gaussian_blur,ibex_horns,wls
2,8,0.888,nan,52194.82421875,gaussian_blur,ibex_horns,wls
2,9,0.999,nan,85194.15625,gaussian_blur,ibex_horns,wls
3,0,0.0,nan,47754.23046875,gaussian_blur,ibex_horns,wls
3,1,0.111,nan,47524.046875,gaussian_blur,ibex_horns,wls
3,2,0.222,nan,47227.5703125,gaussian_blur,ibex_horns,wls
3,3,0.333,nan,46928.3203125,gaussian_blur,ibex_horns,wls
3,4,0.444,nan,46611.01171875,gaussian_blur,ibex_horns,wls
3,5,0.555,nan,46264.78125,gaussian_blur,ibex_horns,wls
3,6,0.666,nan,45876.9609375,gaussian_blur,ibex_horns,wls
3,7,0.777,nan,45442.60546875,gaussian_blur,ibex_horns,wls
3,8,0.888,nan,45004.35546875,gaussian_blur,ibex_horns,wls
3,9,0.999,nan,45004.3046875,gaussian_blur,ibex_horns,wls
0,0,0.0,nan,0.0163675956428051,gaussian_blur,ibex_horns,model
0,1,0.111,nan,0.016267161816358566,gaussian_blur,ibex_horns,model
0,2,0.222,nan,0.016104772686958313,gaussian_blur,ibex_horns,model
0,3,0.333,nan,0.016136236488819122,gaussian_blur,ibex_horns,model
0,4,0.444,nan,0.016016334295272827,gaussian_blur,ibex_horns,model
0,5,0.555,nan,0.015795379877090454,gaussian_blur,ibex_horns,model
0,6,0.666,nan,0.015807820484042168,gaussian_blur,ibex_horns,model
0,7,0.777,nan,0.016033006832003593,gaussian_blur,ibex_horns,model
0,8,0.888,nan,0.016090668737888336,gaussian_blur,ibex_horns,model
0,9,0.999,nan,0.017015602439641953,gaussian_blur,ibex_horns,model
1,0,0.0,nan,0.008397268131375313,gaussian_blur,ibex_horns,model
1,1,0.111,nan,0.008762132376432419,gaussian_blur,ibex_horns,model
1,2,0.222,nan,0.009413985535502434,gaussian_blur,ibex_horns,model
1,3,0.333,nan,0.00916985422372818,gaussian_blur,ibex_horns,model
1,4,0.444,nan,0.009715222753584385,gaussian_blur,ibex_horns,model
1,5,0.555,nan,0.010743049904704094,gaussian_blur,ibex_horns,model
1,6,0.666,nan,0.010311379097402096,gaussian_blur,ibex_horns,model
1,7,0.777,nan,0.011143307201564312,gaussian_blur,ibex_horns,model
1,8,0.888,nan,0.010611793026328087,gaussian_blur,ibex_horns,model
1,9,0.999,nan,0.011432848870754242,gaussian_blur,ibex_horns,model
2,0,0.0,nan,0.02479248307645321,gaussian_blur,ibex_horns,model
2,1,0.111,nan,0.021434029564261436,gaussian_blur,ibex_horns,model
2,2,0.222,nan,0.021108750253915787,gaussian_blur,ibex_horns,model
2,3,0.333,nan,0.020970329642295837,gaussian_blur,ibex_horns,model
2,4,0.444,nan,0.021081365644931793,gaussian_blur,ibex_horns,model
2,5,0.555,nan,0.0210818313062191,gaussian_blur,ibex_horns,model
2,6,0.666,nan,0.021210042759776115,gaussian_blur,ibex_horns,model
2,7,0.777,nan,0.02220214530825615,gaussian_blur,ibex_horns,model
2,8,0.888,nan,0.023194894194602966,gaussian_blur,ibex_horns,model
2,9,0.999,nan,0.02437262050807476,gaussian_blur,ibex_horns,model
3,0,0.0,nan,0.03478788584470749,gaussian_blur,ibex_horns,model
3,1,0.111,nan,0.035342987626791,gaussian_blur,ibex_horns,model
3,2,0.222,nan,0.0359131321310997,gaussian_blur,ibex_horns,model
3,3,0.333,nan,0.0361790731549263,gaussian_blur,ibex_horns,model
3,4,0.444,nan,0.03670162335038185,gaussian_blur,ibex_horns,model
3,5,0.555,nan,0.037006571888923645,gaussian_blur,ibex_horns,model
3,6,0.666,nan,0.03719577193260193,gaussian_blur,ibex_horns,model
3,7,0.777,nan,0.0372321791946888,gaussian_blur,ibex_horns,model
3,8,0.888,nan,0.037063270807266235,gaussian_blur,ibex_horns,model
3,9,0.999,nan,0.03706314414739609,gaussian_blur,ibex_horns,model
0,0,0.0,1.0,0.029847277328372,gaussian_blur,ibex_horns,alg2
0,1,0.111,0.9722500000000001,0.029904698953032494,gaussian_blur,ibex_horns,alg2
0,2,0.222,0.9445,0.029642965644598007,gaussian_blur,ibex_horns,alg2
0,3,0.333,0.9167500000000001,0.02951807901263237,gaussian_blur,ibex_horns,alg2
0,4,0.444,0.889,0.029879417270421982,gaussian_blur,ibex_horns,alg2
0,5,0.555,0.86125,0.029661055654287338,gaussian_blur,ibex_horns,alg2
0,6,0.666,0.8335,0.02998225763440132,gaussian_blur,ibex_horns,alg2
0,7,0.777,0.80575,0.03017955645918846,gaussian_blur,ibex_horns,alg2
0,8,0.888,0.778,0.029909750446677208,gaussian_blur,ibex_horns,alg2
0,9,0.999,0.75025,0.029713517054915428,gaussian_blur,ibex_horns,alg2
1,0,0.0,0.8571428571428572,1.0553624629974365,gaussian_blur,ibex_horns,alg2
1,1,0.111,0.8175000000000001,0.8963671922683716,gaussian_blur,ibex_horns,alg2
1,2,0.222,0.7778571428571429,0.8830643892288208,gaussian_blur,ibex_horns,alg2
1,3,0.333,0.7382142857142858,0.8540517091751099,gaussian_blur,ibex_horns,alg2
1,4,0.444,0.6985714285714286,0.7796398401260376,gaussian_blur,ibex_horns,alg2
1,5,0.555,0.6589285714285714,0.6701151728630066,gaussian_blur,ibex_horns,alg2
1,6,0.666,0.6192857142857142,0.5532277822494507,gaussian_blur,ibex_horns,alg2
1,7,0.777,0.5796428571428571,0.434551477432251,gaussian_blur,ibex_horns,alg2
1,8,0.888,0.54,0.33997273445129395,gaussian_blur,ibex_horns,alg2
1,9,0.999,0.5003571428571428,0.28355804085731506,gaussian_blur,ibex_horns,alg2
2,0,0.0,0.6666666666666667,16.194120407104492,gaussian_blur,ibex_horns,alg2
2,1,0.111,0.6204166666666668,14.651845932006836,gaussian_blur,ibex_horns,alg2
2,2,0.222,0.5741666666666667,12.252998352050781,gaussian_blur,ibex_horns,alg2
2,3,0.333,0.5279166666666668,8.324748039245605,gaussian_blur,ibex_horns,alg2
2,4,0.444,0.48166666666666674,5.5142059326171875,gaussian_blur,ibex_horns,alg2
2,5,0.555,0.4354166666666667,3.5756988525390625,gaussian_blur,ibex_horns,alg2
2,6,0.666,0.38916666666666666,2.3815560340881348,gaussian_blur,ibex_horns,alg2
2,7,0.777,0.34291666666666665,1.6623170375823975,gaussian_blur,ibex_horns,alg2
2,8,0.888,0.2966666666666667,1.2226364612579346,gaussian_blur,ibex_horns,alg2
2,9,0.999,0.2504166666666667,0.9598447680473328,gaussian_blur,ibex_horns,alg2
3,0,0.0,0.3999999999999999,1.686131238937378,gaussian_blur,ibex_horns,alg2
3,1,0.111,0.3555999999999999,1.4557737112045288,gaussian_blur,ibex_horns,alg2
3,2,0.222,0.3111999999999999,1.2733440399169922,gaussian_blur,ibex_horns,alg2
3,3,0.333,0.2668,1.145836591720581,gaussian_blur,ibex_horns,alg2
3,4,0.444,0.22239999999999996,1.058957576751709,gaussian_blur,ibex_horns,alg2
3,5,0.555,0.17799999999999994,1.0055545568466187,gaussian_blur,ibex_horns,alg2
3,6,0.666,0.13359999999999997,0.9799706339836121,gaussian_blur,ibex_horns,alg2
3,7,0.777,0.08919999999999997,0.9688395857810974,gaussian_blur,ibex_horns,alg2
3,8,0.888,0.044799999999999986,0.967610776424408,gaussian_blur,ibex_horns,alg2
3,9,0.999,0.0004000000000000003,0.967610776424408,gaussian_blur,ibex_horns,alg2
0,0,0.0,nan,0.298580139875412,gaussian_blur,junco,wls
0,1,0.111,nan,0.33631452918052673,gaussian_blur,junco,wls
0,2,0.222,nan,0.4073713421821594,gaussian_blur,junco,wls
0,3,0.333,nan,0.5387251377105713,gaussian_blur,junco,wls
0,4,0.444,nan,0.8008660078048706,gaussian_blur,junco,wls
0,5,0.555,nan,1.377165675163269,gaussian_blur,junco,wls
0,6,0.666,nan,2.74836802482605,gaussian_blur,junco,wls
0,7,0.777,nan,6.725045204162598,gaussian_blur,junco,wls
0,8,0.888,nan,22.576452255249023,gaussian_blur,junco,wls
0,9,0.999,nan,79.31529235839844,gaussian_blur,junco,wls
1,0,0.0,nan,11.348002433776855,gaussian_blur,junco,wls
1,1,0.111,nan,16.050216674804688,gaussian_blur,junco,wls
1,2,0.222,nan,23.417882919311523,gaussian_blur,junco,wls
1,3,0.333,nan,36.60174560546875,gaussian_blur,junco,wls
1,4,0.444,nan,61.704307556152344,gaussian_blur,junco,wls
1,5,0.555,nan,113.3192367553711,gaussian_blur,junco,wls
1,6,0.666,nan,231.0709228515625,gaussian_blur,junco,wls
1,7,0.777,nan,535.093017578125,gaussian_blur,junco,wls
1,8,0.888,nan,1446.701171875,gaussian_blur,junco,wls
1,9,0.999,nan,4701.5205078125,gaussian_blur,junco,wls
2,0,0.0,nan,1932.9642333984375,gaussian_blur,junco,wls
2,1,0.111,nan,2594.8505859375,gaussian_blur,junco,wls
2,2,0.222,nan,3627.853515625,gaussian_blur,junco,wls
2,3,0.333,nan,5271.1025390625,gaussian_blur,junco,wls
2,4,0.444,nan,7931.20703125,gaussian_blur,junco,wls
2,5,0.555,nan,12296.921875,gaussian_blur,junco,wls
2,6,0.666,nan,19525.90234375,gaussian_blur,junco,wls
2,7,0.777,nan,31533.07421875,gaussian_blur,junco,wls
2,8,0.888,nan,51403.07421875,gaussian_blur,junco,wls
2,9,0.999,nan,83943.484375,gaussian_blur,junco,wls
3,0,0.0,nan,47070.21875,gaussian_blur,junco,wls
3,1,0.111,nan,46846.23046875,gaussian_blur,junco,wls
3,2,0.222,nan,46557.04296875,gaussian_blur,junco,wls
3,3,0.333,nan,46263.1875,gaussian_blur,junco,wls
3,4,0.444,nan,45951.046875,gaussian_blur,junco,wls
3,5,0.555,nan,45611.078125,gaussian_blur,junco,wls
3,6,0.666,nan,45229.71484375,gaussian_blur,junco,wls
3,7,0.777,nan,44802.46484375,gaussian_blur,junco,wls
3,8,0.888,nan,44370.69921875,gaussian_blur,junco,wls
3,9,0.999,nan,44370.640625,gaussian_blur,junco,wls
0,0,0.0,nan,0.006325225345790386,gaussian_blur,junco,model
0,1,0.111,nan,0.0062368446961045265,gaussian_blur,junco,model
0,2,0.222,nan,0.006281448528170586,gaussian_blur,junco,model
0,3,0.333,nan,0.006169072352349758,gaussian_blur,junco,model
0,4,0.444,nan,0.006192818284034729,gaussian_blur,junco,model
0,5,0.555,nan,0.005969300866127014,gaussian_blur,junco,model
0,6,0.666,nan,0.0059513128362596035,gaussian_blur,junco,model
0,7,0.777,nan,0.005951245781034231,gaussian_blur,junco,model
0,8,0.888,nan,0.0060241082683205605,gaussian_blur,junco,model
0,9,0.999,nan,0.006115644238889217,gaussian_blur,junco,model
1,0,0.0,nan,0.004262653179466724,gaussian_blur,junco,model
1,1,0.111,nan,0.004225339274853468,gaussian_blur,junco,model
1,2,0.222,nan,0.004265740513801575,gaussian_blur,junco,model
1,3,0.333,nan,0.004350299946963787,gaussian_blur,junco,model
1,4,0.444,nan,0.0050041330978274345,gaussian_blur,junco,model
1,5,0.555,nan,0.004751113709062338,gaussian_blur,junco,model
1,6,0.666,nan,0.0046096849255263805,gaussian_blur,junco,model
1,7,0.777,nan,0.004738371819257736,gaussian_blur,junco,model
1,8,0.888,nan,0.0047663478180766106,gaussian_blur,junco,model
1,9,0.999,nan,0.004870293661952019,gaussian_blur,junco,model
2,0,0.0,nan,0.007919251918792725,gaussian_blur,junco,model
2,1,0.111,nan,0.00802785437554121,gaussian_blur,junco,model
2,2,0.222,nan,0.00819324515759945,gaussian_blur,junco,model
2,3,0.333,nan,0.008062135428190231,gaussian_blur,junco,model
2,4,0.444,nan,0.0076939407736063,gaussian_blur,junco,model
2,5,0.555,nan,0.007648304104804993,gaussian_blur,junco,model
2,6,0.666,nan,0.007627380546182394,gaussian_blur,junco,model
2,7,0.777,nan,0.007625871803611517,gaussian_blur,junco,model
2,8,0.888,nan,0.007653325796127319,gaussian_blur,junco,model
2,9,0.999,nan,0.007767101749777794,gaussian_blur,junco,model
3,0,0.0,nan,0.009979445487260818,gaussian_blur,junco,model
3,1,0.111,nan,0.009938388131558895,gaussian_blur,junco,model
3,2,0.222,nan,0.009906912222504616,gaussian_blur,junco,model
3,3,0.333,nan,0.00995737686753273,gaussian_blur,junco,model
3,4,0.444,nan,0.009931009262800217,gaussian_blur,junco,model
3,5,0.555,nan,0.009858626872301102,gaussian_blur,junco,model
3,6,0.666,nan,0.009788892231881618,gaussian_blur,junco,model
3,7,0.777,nan,0.00956204067915678,gaussian_blur,junco,model
3,8,0.888,nan,0.009212213568389416,gaussian_blur,junco,model
3,9,0.999,nan,0.009211128577589989,gaussian_blur,junco,model
0,0,0.0,1.0,0.011731854639947414,gaussian_blur,junco,alg2
0,1,0.111,0.9722500000000001,0.011990193277597427,gaussian_blur,junco,alg2
0,2,0.222,0.9445,0.011787938885390759,gaussian_blur,junco,alg2
0,3,0.333,0.9167500000000001,0.011805149726569653,gaussian_blur,junco,alg2
0,4,0.444,0.889,0.011786995455622673,gaussian_blur,junco,alg2
0,5,0.555,0.86125,0.011804675683379173,gaussian_blur,junco,alg2
0,6,0.666,0.8335,0.011918431147933006,gaussian_blur,junco,alg2
0,7,0.777,0.80575,0.011849950067698956,gaussian_blur,junco,alg2
0,8,0.888,0.778,0.01190367341041565,gaussian_blur,junco,alg2
0,9,0.999,0.75025,0.012019313871860504,gaussian_blur,junco,alg2
1,0,0.0,0.8571428571428572,1.0407425165176392,gaussian_blur,junco,alg2
1,1,0.111,0.8175000000000001,0.8823568224906921,gaussian_blur,junco,alg2
1,2,0.222,0.7778571428571429,0.8689125776290894,gaussian_blur,junco,alg2
1,3,0.333,0.7382142857142858,0.8403605222702026,gaussian_blur,junco,alg2
1,4,0.444,0.6985714285714286,0.7679302096366882,gaussian_blur,junco,alg2
1,5,0.555,0.6589285714285714,0.6569907665252686,gaussian_blur,junco,alg2
1,6,0.666,0.6192857142857142,0.5410932302474976,gaussian_blur,junco,alg2
1,7,0.777,0.5796428571428571,0.4224928021430969,gaussian_blur,junco,alg2
1,8,0.888,0.54,0.3275429904460907,gaussian_blur,junco,alg2
1,9,0.999,0.5003571428571428,0.2712140679359436,gaussian_blur,junco,alg2
2,0,0.0,0.6666666666666667,16.050888061523438,gaussian_blur,junco,alg2
2,1,0.111,0.6204166666666668,14.529008865356445,gaussian_blur,junco,alg2
2,2,0.222,0.5741666666666667,12.2345609664917,gaussian_blur,junco,alg2
2,3,0.333,0.5279166666666668,8.339456558227539,gaussian_blur,junco,alg2
2,4,0.444,0.48166666666666674,5.5075507164001465,gaussian_blur,junco,alg2
2,5,0.555,0.4354166666666667,3.551215648651123,gaussian_blur,junco,alg2
2,6,0.666,0.38916666666666666,2.358656406402588,gaussian_blur,junco,alg2
2,7,0.777,0.34291666666666665,1.6469459533691406,gaussian_blur,junco,alg2
2,8,0.888,0.2966666666666667,1.2098578214645386,gaussian_blur,junco,alg2
2,9,0.999,0.2504166666666667,0.9493672251701355,gaussian_blur,junco,alg2
3,0,0.0,0.3999999999999999,1.672267198562622,gaussian_blur,junco,alg2
3,1,0.111,0.3555999999999999,1.4562814235687256,gaussian_blur,junco,alg2
3,2,0.222,0.3111999999999999,1.2820178270339966,gaussian_blur,junco,alg2
3,3,0.333,0.2668,1.1607332229614258,gaussian_blur,junco,alg2
3,4,0.444,0.22239999999999996,1.0749812126159668,gaussian_blur,junco,alg2
3,5,0.555,0.17799999999999994,1.0242347717285156,gaussian_blur,junco,alg2
3,6,0.666,0.13359999999999997,0.9991058111190796,gaussian_blur,junco,alg2
3,7,0.777,0.08919999999999997,0.9879586100578308,gaussian_blur,junco,alg2
3,8,0.888,0.044799999999999986,0.9859234690666199,gaussian_blur,junco,alg2
3,9,0.999,0.0004000000000000003,0.9859234690666199,gaussian_blur,junco,alg2
0,0,0.0,nan,0.29314014315605164,gaussian_blur,lakeside_beach,wls
0,1,0.111,nan,0.3310307264328003,gaussian_blur,lakeside_beach,wls
0,2,0.222,nan,0.40139061212539673,gaussian_blur,lakeside_beach,wls
0,3,0.333,nan,0.5319008827209473,gaussian_blur,lakeside_beach,wls
0,4,0.444,nan,0.7932368516921997,gaussian_blur,lakeside_beach,wls
0,5,0.555,nan,1.370314598083496,gaussian_blur,lakeside_beach,wls
0,6,0.666,nan,2.755868434906006,gaussian_blur,lakeside_beach,wls
0,7,0.777,nan,6.744819164276123,gaussian_blur,lakeside_beach,wls
0,8,0.888,nan,22.662303924560547,gaussian_blur,lakeside_beach,wls
0,9,0.999,nan,81.26605224609375,gaussian_blur,lakeside_beach,wls
1,0,0.0,nan,11.410196304321289,gaussian_blur,lakeside_beach,wls
1,1,0.111,nan,16.240550994873047,gaussian_blur,lakeside_beach,wls
1,2,0.222,nan,23.824199676513672,gaussian_blur,lakeside_beach,wls
1,3,0.333,nan,37.37229537963867,gaussian_blur,lakeside_beach,wls
1,4,0.444,nan,63.201171875,gaussian_blur,lakeside_beach,wls
1,5,0.555,nan,116.29843139648438,gaussian_blur,lakeside_beach,wls
1,6,0.666,nan,237.17864990234375,gaussian_blur,lakeside_beach,wls
1,7,0.777,nan,548.2326049804688,gaussian_blur,lakeside_beach,wls
1,8,0.888,nan,1476.79931640625,gaussian_blur,lakeside_beach,wls
1,9,0.999,nan,4776.376953125,gaussian_blur,lakeside_beach,wls
2,0,0.0,nan,1962.8841552734375,gaussian_blur,lakeside_beach,wls
2,1,0.111,nan,2633.052734375,gaussian_blur,lakeside_beach,wls
2,2,0.222,nan,3677.72021484375,gaussian_blur,lakeside_beach,wls
2,3,0.333,nan,5338.763671875,gaussian_blur,lakeside_beach,wls
2,4,0.444,nan,8026.37841796875,gaussian_blur,lakeside_beach,wls
2,5,0.555,nan,12435.474609375,gaussian_blur,lakeside_beach,wls
2,6,0.666,nan,19733.66796875,gaussian_blur,lakeside_beach,wls
2,7,0.777,nan,31852.05859375,gaussian_blur,lakeside_beach,wls
2,8,0.888,nan,51901.27734375,gaussian_blur,lakeside_beach,wls
2,9,0.999,nan,84730.71875,gaussian_blur,lakeside_beach,wls
3,0,0.0,nan,47506.94921875,gaussian_blur,lakeside_beach,wls
3,1,0.111,nan,47280.73046875,gaussian_blur,lakeside_beach,wls
3,2,0.222,nan,46985.09375,gaussian_blur,lakeside_beach,wls
3,3,0.333,nan,46686.3203125,gaussian_blur,lakeside_beach,wls
3,4,0.444,nan,46369.74609375,gaussian_blur,lakeside_beach,wls
3,5,0.555,nan,46024.9296875,gaussian_blur,lakeside_beach,wls
3,6,0.666,nan,45638.640625,gaussian_blur,lakeside_beach,wls
3,7,0.777,nan,45206.3984375,gaussian_blur,lakeside_beach,wls
3,8,0.888,nan,44770.359375,gaussian_blur,lakeside_beach,wls
3,9,0.999,nan,44770.3046875,gaussian_blur,lakeside_beach,wls
0,0,0.0,nan,0.00192995835095644,gaussian_blur,lakeside_beach,model
0,1,0.111,nan,0.0019541895017027855,gaussian_blur,lakeside_beach,model
0,2,0.222,nan,0.001901342999190092,gaussian_blur,lakeside_beach,model
0,3,0.333,nan,0.001923487870953977,gaussian_blur,lakeside_beach,model
0,4,0.444,nan,0.0018286376725882292,gaussian_blur,lakeside_beach,model
0,5,0.555,nan,0.001783991465345025,gaussian_blur,lakeside_beach,model
0,6,0.666,nan,0.0018317298963665962,gaussian_blur,lakeside_beach,model
0,7,0.777,nan,0.0018500799778848886,gaussian_blur,lakeside_beach,model
0,8,0.888,nan,0.0017961356788873672,gaussian_blur,lakeside_beach,model
0,9,0.999,nan,0.0017989934422075748,gaussian_blur,lakeside_beach,model
1,0,0.0,nan,0.003502275561913848,gaussian_blur,lakeside_beach,model
1,1,0.111,nan,0.0035028597339987755,gaussian_blur,lakeside_beach,model
1,2,0.222,nan,0.0033961019944399595,gaussian_blur,lakeside_beach,model
1,3,0.333,nan,0.0034638005308806896,gaussian_blur,lakeside_beach,model
1,4,0.444,nan,0.0033268227707594633,gaussian_blur,lakeside_beach,model
1,5,0.555,nan,0.0032798645552247763,gaussian_blur,lakeside_beach,model
1,6,0.666,nan,0.0032576420344412327,gaussian_blur,lakeside_beach,model
1,7,0.777,nan,0.0032855742610991,gaussian_blur,lakeside_beach,model
1,8,0.888,nan,0.00322902575135231,gaussian_blur,lakeside_beach,model
1,9,0.999,nan,0.003447954310104251,gaussian_blur,lakeside_beach,model
2,0,0.0,nan,0.005699304398149252,gaussian_blur,lakeside_beach,model
2,1,0.111,nan,0.00573623925447464,gaussian_blur,lakeside_beach,model
2,2,0.222,nan,0.0057834736071527,gaussian_blur,lakeside_beach,model
2,3,0.333,nan,0.005864230915904045,gaussian_blur,lakeside_beach,model
2,4,0.444,nan,0.006033356301486492,gaussian_blur,lakeside_beach,model
2,5,0.555,nan,0.006090328097343445,gaussian_blur,lakeside_beach,model
2,6,0.666,nan,0.006203356198966503,gaussian_blur,lakeside_beach,model
2,7,0.777,nan,0.0062481556087732315,gaussian_blur,lakeside_beach,model
2,8,0.888,nan,0.006396641489118338,gaussian_blur,lakeside_beach,model
2,9,0.999,nan,0.006515756249427795,gaussian_blur,lakeside_beach,model
3,0,0.0,nan,0.008444780483841896,gaussian_blur,lakeside_beach,model
3,1,0.111,nan,0.008434638381004333,gaussian_blur,lakeside_beach,model
3,2,0.222,nan,0.008372427895665169,gaussian_blur,lakeside_beach,model
3,3,0.333,nan,0.008291201665997505,gaussian_blur,lakeside_beach,model
3,4,0.444,nan,0.008239202201366425,gaussian_blur,lakeside_beach,model
3,5,0.555,nan,0.008093317970633507,gaussian_blur,lakeside_beach,model
3,6,0.666,nan,0.007864384911954403,gaussian_blur,lakeside_beach,model
3,7,0.777,nan,0.007570268120616674,gaussian_blur,lakeside_beach,model
3,8,0.888,nan,0.007141217589378357,gaussian_blur,lakeside_beach,model
3,9,0.999,nan,0.007138804532587528,gaussian_blur,lakeside_beach,model
0,0,0.0,1.0,0.002991240471601486,gaussian_blur,lakeside_beach,alg2
0,1,0.111,0.9722500000000001,0.002963956445455551,gaussian_blur,lakeside_beach,alg2
0,2,0.222,0.9445,0.0028769331984221935,gaussian_blur,lakeside_beach,alg2
0,3,0.333,0.9167500000000001,0.002968630287796259,gaussian_blur,lakeside_beach,alg2
0,4,0.444,0.889,0.002996566705405712,gaussian_blur,lakeside_beach,alg2
0,5,0.555,0.86125,0.0029927915893495083,gaussian_blur,lakeside_beach,alg2
0,6,0.666,0.8335,0.002969796536490321,gaussian_blur,lakeside_beach,alg2
0,7,0.777,0.80575,0.0029563852585852146,gaussian_blur,lakeside_beach,alg2
0,8,0.888,0.778,0.003003765596076846,gaussian_blur,lakeside_beach,alg2
0,9,0.999,0.75025,0.002969711786136031,gaussian_blur,lakeside_beach,alg2
1,0,0.0,0.8571428571428572,1.037840723991394,gaussian_blur,lakeside_beach,alg2
1,1,0.111,0.8175000000000001,0.8799278140068054,gaussian_blur,lakeside_beach,alg2
1,2,0.222,0.7778571428571429,0.8657523393630981,gaussian_blur,lakeside_beach,alg2
1,3,0.333,0.7382142857142858,0.8375715017318726,gaussian_blur,lakeside_beach,alg2
1,4,0.444,0.6985714285714286,0.7647520303726196,gaussian_blur,lakeside_beach,alg2
1,5,0.555,0.6589285714285714,0.6528337597846985,gaussian_blur,lakeside_beach,alg2
1,6,0.666,0.6192857142857142,0.5381513833999634,gaussian_blur,lakeside_beach,alg2
1,7,0.777,0.5796428571428571,0.41856878995895386,gaussian_blur,lakeside_beach,alg2
1,8,0.888,0.54,0.3251558542251587,gaussian_blur,lakeside_beach,alg2
1,9,0.999,0.5003571428571428,0.26884472370147705,gaussian_blur,lakeside_beach,alg2
2,0,0.0,0.6666666666666667,15.997343063354492,gaussian_blur,lakeside_beach,alg2
2,1,0.111,0.6204166666666668,14.46673583984375,gaussian_blur,lakeside_beach,alg2
2,2,0.222,0.5741666666666667,12.196146965026855,gaussian_blur,lakeside_beach,alg2
2,3,0.333,0.5279166666666668,8.31455135345459,gaussian_blur,lakeside_beach,alg2
2,4,0.444,0.48166666666666674,5.489114284515381,gaussian_blur,lakeside_beach,alg2
2,5,0.555,0.4354166666666667,3.537097930908203,gaussian_blur,lakeside_beach,alg2
2,6,0.666,0.38916666666666666,2.3429667949676514,gaussian_blur,lakeside_beach,alg2
2,7,0.777,0.34291666666666665,1.6297328472137451,gaussian_blur,lakeside_beach,alg2
2,8,0.888,0.2966666666666667,1.1906718015670776,gaussian_blur,lakeside_beach,alg2
2,9,0.999,0.2504166666666667,0.9267946481704712,gaussian_blur,lakeside_beach,alg2
3,0,0.0,0.3999999999999999,1.642791986465454,gaussian_blur,lakeside_beach,alg2
3,1,0.111,0.3555999999999999,1.4234435558319092,gaussian_blur,lakeside_beach,alg2
3,2,0.222,0.3111999999999999,1.251868724822998,gaussian_blur,lakeside_beach,alg2
3,3,0.333,0.2668,1.1280878782272339,gaussian_blur,lakeside_beach,alg2
3,4,0.444,0.22239999999999996,1.0408743619918823,gaussian_blur,lakeside_beach,alg2
3,5,0.555,0.17799999999999994,0.988693356513977,gaussian_blur,lakeside_beach,alg2
3,6,0.666,0.13359999999999997,0.9635326862335205,gaussian_blur,lakeside_beach,alg2
3,7,0.777,0.08919999999999997,0.9528499841690063,gaussian_blur,lakeside_beach,alg2
3,8,0.888,0.044799999999999986,0.9505607485771179,gaussian_blur,lakeside_beach,alg2
3,9,0.999,0.0004000000000000003,0.9505607485771179,gaussian_blur,lakeside_beach,alg2
0,0,0.0,nan,0.295491099357605,gaussian_blur,sea_anemone,wls
0,1,0.111,nan,0.3332189917564392,gaussian_blur,sea_anemone,wls
0,2,0.222,nan,0.4038032293319702,gaussian_blur,sea_anemone,wls
0,3,0.333,nan,0.5347720980644226,gaussian_blur,sea_anemone,wls
0,4,0.444,nan,0.7961509227752686,gaussian_blur,sea_anemone,wls
0,5,0.555,nan,1.3730218410491943,gaussian_blur,sea_anemone,wls
0,6,0.666,nan,2.758401870727539,gaussian_blur,sea_anemone,wls
0,7,0.777,nan,6.759975433349609,gaussian_blur,sea_anemone,wls
0,8,0.888,nan,22.973133087158203,gaussian_blur,sea_anemone,wls
0,9,0.999,nan,82.39180755615234,gaussian_blur,sea_anemone,wls
1,0,0.0,nan,11.474455833435059,gaussian_blur,sea_anemone,wls
1,1,0.111,nan,16.413955688476562,gaussian_blur,sea_anemone,wls
1,2,0.222,nan,24.143417358398438,gaussian_blur,sea_anemone,wls
1,3,0.333,nan,38.06919860839844,gaussian_blur,sea_anemone,wls
1,4,0.444,nan,64.67120361328125,gaussian_blur,sea_anemone,wls
1,5,0.555,nan,119.412353515625,gaussian_blur,sea_anemone,wls
1,6,0.666,nan,244.04244995117188,gaussian_blur,sea_anemone,wls
1,7,0.777,nan,564.5888061523438,gaussian_blur,sea_anemone,wls
1,8,0.888,nan,1520.244873046875,gaussian_blur,sea_anemone,wls
1,9,0.999,nan,4908.6572265625,gaussian_blur,sea_anemone,wls
2,0,0.0,nan,2019.9541015625,gaussian_blur,sea_anemone,wls
2,1,0.111,nan,2707.2646484375,gaussian_blur,sea_anemone,wls
2,2,0.222,nan,3778.444091796875,gaussian_blur,sea_anemone,wls
2,3,0.333,nan,5480.83203125,gaussian_blur,sea_anemone,wls
2,4,0.444,nan,8234.150390625,gaussian_blur,sea_anemone,wls
2,5,0.555,nan,12748.744140625,gaussian_blur,sea_anemone,wls
2,6,0.666,nan,20218.05859375,gaussian_blur,sea_anemone,wls
2,7,0.777,nan,32615.640625,gaussian_blur,sea_anemone,wls
2,8,0.888,nan,53119.60546875,gaussian_blur,sea_anemone,wls
2,9,0.999,nan,86683.7421875,gaussian_blur,sea_anemone,wls
3,0,0.0,nan,48592.90625,gaussian_blur,sea_anemone,wls
3,1,0.111,nan,48357.34375,gaussian_blur,sea_anemone,wls
3,2,0.222,nan,48053.984375,gaussian_blur,sea_anemone,wls
3,3,0.333,nan,47746.96875,gaussian_blur,sea_anemone,wls
3,4,0.444,nan,47421.96484375,gaussian_blur,sea_anemone,wls
3,5,0.555,nan,47068.7109375,gaussian_blur,sea_anemone,wls
3,6,0.666,nan,46673.1484375,gaussian_blur,sea_anemone,wls
3,7,0.777,nan,46230.73046875,gaussian_blur,sea_anemone,wls
3,8,0.888,nan,45784.375,gaussian_blur,sea_anemone,wls
3,9,0.999,nan,45784.3125,gaussian_blur,sea_anemone,wls
0,0,0.0,nan,0.004034926183521748,gaussian_blur,sea_anemone,model
0,1,0.111,nan,0.0040866415947675705,gaussian_blur,sea_anemone,model
0,2,0.222,nan,0.003968283534049988,gaussian_blur,sea_anemone,model
0,3,0.333,nan,0.0039796484634280205,gaussian_blur,sea_anemone,model
0,4,0.444,nan,0.0038559928070753813,gaussian_blur,sea_anemone,model
0,5,0.555,nan,0.003809560090303421,gaussian_blur,sea_anemone,model
0,6,0.666,nan,0.0038440662901848555,gaussian_blur,sea_anemone,model
0,7,0.777,nan,0.003855376970022917,gaussian_blur,sea_anemone,model
0,8,0.888,nan,0.0037713299971073866,gaussian_blur,sea_anemone,model
0,9,0.999,nan,0.003910008817911148,gaussian_blur,sea_anemone,model
1,0,0.0,nan,0.003913528751581907,gaussian_blur,sea_anemone,model
1,1,0.111,nan,0.003881073324009776,gaussian_blur,sea_anemone,model
1,2,0.222,nan,0.0038636806420981884,gaussian_blur,sea_anemone,model
1,3,0.333,nan,0.00393681600689888,gaussian_blur,sea_anemone,model
1,4,0.444,nan,0.003892631968483329,gaussian_blur,sea_anemone,model
1,5,0.555,nan,0.003755776211619377,gaussian_blur,sea_anemone,model
1,6,0.666,nan,0.003886731108650565,gaussian_blur,sea_anemone,model
1,7,0.777,nan,0.0037997043691575527,gaussian_blur,sea_anemone,model
1,8,0.888,nan,0.004005867056548595,gaussian_blur,sea_anemone,model
1,9,0.999,nan,0.004129543900489807,gaussian_blur,sea_anemone,model
2,0,0.0,nan,0.00789800938218832,gaussian_blur,sea_anemone,model
2,1,0.111,nan,0.007961634546518326,gaussian_blur,sea_anemone,model
2,2,0.222,nan,0.0077539971098303795,gaussian_blur,sea_anemone,model
2,3,0.333,nan,0.007787336595356464,gaussian_blur,sea_anemone,model
2,4,0.444,nan,0.007988154888153076,gaussian_blur,sea_anemone,model
2,5,0.555,nan,0.007672610692679882,gaussian_blur,sea_anemone,model
2,6,0.666,nan,0.007572173606604338,gaussian_blur,sea_anemone,model
2,7,0.777,nan,0.007461007218807936,gaussian_blur,sea_anemone,model
2,8,0.888,nan,0.007488497532904148,gaussian_blur,sea_anemone,model
2,9,0.999,nan,0.007324158679693937,gaussian_blur,sea_anemone,model
3,0,0.0,nan,0.01222221553325653,gaussian_blur,sea_anemone,model
3,1,0.111,nan,0.012151142582297325,gaussian_blur,sea_anemone,model
3,2,0.222,nan,0.012091427110135555,gaussian_blur,sea_anemone,model
3,3,0.333,nan,0.012015832588076591,gaussian_blur,sea_anemone,model
3,4,0.444,nan,0.011926261708140373,gaussian_blur,sea_anemone,model
3,5,0.555,nan,0.011760260909795761,gaussian_blur,sea_anemone,model
3,6,0.666,nan,0.011503304354846478,gaussian_blur,sea_anemone,model
3,7,0.777,nan,0.011240577325224876,gaussian_blur,sea_anemone,model
3,8,0.888,nan,0.010779987089335918,gaussian_blur,sea_anemone,model
3,9,0.999,nan,0.010778950527310371,gaussian_blur,sea_anemone,model
0,0,0.0,1.0,0.007105791941285133,gaussian_blur,sea_anemone,alg2
0,1,0.111,0.9722500000000001,0.006906422786414623,gaussian_blur,sea_anemone,alg2
0,2,0.222,0.9445,0.0068394700065255165,gaussian_blur,sea_anemone,alg2
0,3,0.333,0.9167500000000001,0.006900567561388016,gaussian_blur,sea_anemone,alg2
0,4,0.444,0.889,0.006905452813953161,gaussian_blur,sea_anemone,alg2
0,5,0.555,0.86125,0.006921372376382351,gaussian_blur,sea_anemone,alg2
0,6,0.666,0.8335,0.006927131675183773,gaussian_blur,sea_anemone,alg2
0,7,0.777,0.80575,0.007069313898682594,gaussian_blur,sea_anemone,alg2
0,8,0.888,0.778,0.0070171840488910675,gaussian_blur,sea_anemone,alg2
0,9,0.999,0.75025,0.006883702706545591,gaussian_blur,sea_anemone,alg2
1,0,0.0,0.8571428571428572,1.0381566286087036,gaussian_blur,sea_anemone,alg2
1,1,0.111,0.8175000000000001,0.8808478116989136,gaussian_blur,sea_anemone,alg2
1,2,0.222,0.7778571428571429,0.8660823106765747,gaussian_blur,sea_anemone,alg2
1,3,0.333,0.7382142857142858,0.8391112089157104,gaussian_blur,sea_anemone,alg2
1,4,0.444,0.6985714285714286,0.7652807235717773,gaussian_blur,sea_anemone,alg2
1,5,0.555,0.6589285714285714,0.6543610692024231,gaussian_blur,sea_anemone,alg2
1,6,0.666,0.6192857142857142,0.5392529368400574,gaussian_blur,sea_anemone,alg2
1,7,0.777,0.5796428571428571,0.420287549495697,gaussian_blur,sea_anemone,alg2
1,8,0.888,0.54,0.3261467218399048,gaussian_blur,sea_anemone,alg2
1,9,0.999,0.5003571428571428,0.2705107033252716,gaussian_blur,sea_anemone,alg2
2,0,0.0,0.6666666666666667,15.993800163269043,gaussian_blur,sea_anemone,alg2
2,1,0.111,0.6204166666666668,14.422054290771484,gaussian_blur,sea_anemone,alg2
2,2,0.222,0.5741666666666667,11.975058555603027,gaussian_blur,sea_anemone,alg2
2,3,0.333,0.5279166666666668,8.050718307495117,gaussian_blur,sea_anemone,alg2
2,4,0.444,0.48166666666666674,5.298251628875732,gaussian_blur,sea_anemone,alg2
2,5,0.555,0.4354166666666667,3.414327621459961,gaussian_blur,sea_anemone,alg2
2,6,0.666,0.38916666666666666,2.244326114654541,gaussian_blur,sea_anemone,alg2
2,7,0.777,0.34291666666666665,1.5329711437225342,gaussian_blur,sea_anemone,alg2
2,8,0.888,0.2966666666666667,1.0977449417114258,gaussian_blur,sea_anemone,alg2
2,9,0.999,0.2504166666666667,0.8307373523712158,gaussian_blur,sea_anemone,alg2
3,0,0.0,0.3999999999999999,1.5414155721664429,gaussian_blur,sea_anemone,alg2
3,1,0.111,0.3555999999999999,1.2962344884872437,gaussian_blur,sea_anemone,alg2
3,2,0.222,0.3111999999999999,1.0993404388427734,gaussian_blur,sea_anemone,alg2
3,3,0.333,0.2668,0.9570685625076294,gaussian_blur,sea_anemone,alg2
3,4,0.444,0.22239999999999996,0.8529262542724609,gaussian_blur,sea_anemone,alg2
3,5,0.555,0.17799999999999994,0.782721221446991,gaussian_blur,sea_anemone,alg2
3,6,0.666,0.13359999999999997,0.7413212656974792,gaussian_blur,sea_anemone,alg2
3,7,0.777,0.08919999999999997,0.7191352248191833,gaussian_blur,sea_anemone,alg2
3,8,0.888,0.044799999999999986,0.7114146947860718,gaussian_blur,sea_anemone,alg2
3,9,0.999,0.0004000000000000003,0.7114146947860718,gaussian_blur,sea_anemone,alg2
0,0,0.0,nan,0.2968706786632538,gaussian_blur,shetland_sheepdog,wls
0,1,0.111,nan,0.3341160714626312,gaussian_blur,shetland_sheepdog,wls
0,2,0.222,nan,0.4045414328575134,gaussian_blur,shetland_sheepdog,wls
0,3,0.333,nan,0.5351278185844421,gaussian_blur,shetland_sheepdog,wls
0,4,0.444,nan,0.796676516532898,gaussian_blur,shetland_sheepdog,wls
0,5,0.555,nan,1.3747332096099854,gaussian_blur,shetland_sheepdog,wls
0,6,0.666,nan,2.7582948207855225,gaussian_blur,shetland_sheepdog,wls
0,7,0.777,nan,6.663935661315918,gaussian_blur,shetland_sheepdog,wls
0,8,0.888,nan,23.09113121032715,gaussian_blur,shetland_sheepdog,wls
0,9,0.999,nan,83.54933166503906,gaussian_blur,shetland_sheepdog,wls
1,0,0.0,nan,11.656553268432617,gaussian_blur,shetland_sheepdog,wls
1,1,0.111,nan,16.74657440185547,gaussian_blur,shetland_sheepdog,wls
1,2,0.222,nan,24.532817840576172,gaussian_blur,shetland_sheepdog,wls
1,3,0.333,nan,38.43281173706055,gaussian_blur,shetland_sheepdog,wls
1,4,0.444,nan,64.97438049316406,gaussian_blur,shetland_sheepdog,wls
1,5,0.555,nan,119.52458190917969,gaussian_blur,shetland_sheepdog,wls
1,6,0.666,nan,243.6666717529297,gaussian_blur,shetland_sheepdog,wls
1,7,0.777,nan,562.7261962890625,gaussian_blur,shetland_sheepdog,wls
1,8,0.888,nan,1513.3480224609375,gaussian_blur,shetland_sheepdog,wls
1,9,0.999,nan,4882.21142578125,gaussian_blur,shetland_sheepdog,wls
2,0,0.0,nan,2008.689697265625,gaussian_blur,shetland_sheepdog,wls
2,1,0.111,nan,2691.7060546875,gaussian_blur,shetland_sheepdog,wls
2,2,0.222,nan,3756.58349609375,gaussian_blur,shetland_sheepdog,wls
2,3,0.333,nan,5448.93896484375,gaussian_blur,shetland_sheepdog,wls
2,4,0.444,nan,8186.05615234375,gaussian_blur,shetland_sheepdog,wls
2,5,0.555,nan,12674.048828125,gaussian_blur,shetland_sheepdog,wls
2,6,0.666,nan,20099.01953125,gaussian_blur,shetland_sheepdog,wls
2,7,0.777,nan,32422.16796875,gaussian_blur,shetland_sheepdog,wls
2,8,0.888,nan,52801.9375,gaussian_blur,shetland_sheepdog,wls
2,9,0.999,nan,86161.6484375,gaussian_blur,shetland_sheepdog,wls
3,0,0.0,nan,48303.01171875,gaussian_blur,shetland_sheepdog,wls
3,1,0.111,nan,48069.2734375,gaussian_blur,shetland_sheepdog,wls
3,2,0.222,nan,47767.109375,gaussian_blur,shetland_sheepdog,wls
3,3,0.333,nan,47461.9609375,gaussian_blur,shetland_sheepdog,wls
3,4,0.444,nan,47139.0234375,gaussian_blur,shetland_sheepdog,wls
3,5,0.555,nan,46788.1875,gaussian_blur,shetland_sheepdog,wls
3,6,0.666,nan,46395.15234375,gaussian_blur,shetland_sheepdog,wls
3,7,0.777,nan,45955.3984375,gaussian_blur,shetland_sheepdog,wls
3,8,0.888,nan,45511.90234375,gaussian_blur,shetland_sheepdog,wls
3,9,0.999,nan,45511.83984375,gaussian_blur,shetland_sheepdog,wls
0,0,0.0,nan,0.005384084768593311,gaussian_blur,shetland_sheepdog,model
0,1,0.111,nan,0.00525353429839015,gaussian_blur,shetland_sheepdog,model
0,2,0.222,nan,0.005221973173320293,gaussian_blur,shetland_sheepdog,model
0,3,0.333,nan,0.005217268131673336,gaussian_blur,shetland_sheepdog,model
0,4,0.444,nan,0.005070777609944344,gaussian_blur,shetland_sheepdog,model
0,5,0.555,nan,0.005050752777606249,gaussian_blur,shetland_sheepdog,model
0,6,0.666,nan,0.005173475947231054,gaussian_blur,shetland_sheepdog,model
0,7,0.777,nan,0.005264067091047764,gaussian_blur,shetland_sheepdog,model
0,8,0.888,nan,0.005264732055366039,gaussian_blur,shetland_sheepdog,model
0,9,0.999,nan,0.0053171273320913315,gaussian_blur,shetland_sheepdog,model
1,0,0.0,nan,0.004015517421066761,gaussian_blur,shetland_sheepdog,model
1,1,0.111,nan,0.004086877219378948,gaussian_blur,shetland_sheepdog,model
1,2,0.222,nan,0.004124387167394161,gaussian_blur,shetland_sheepdog,model
1,3,0.333,nan,0.004240937065333128,gaussian_blur,shetland_sheepdog,model
1,4,0.444,nan,0.004379989113658667,gaussian_blur,shetland_sheepdog,model
1,5,0.555,nan,0.004323896020650864,gaussian_blur,shetland_sheepdog,model
1,6,0.666,nan,0.004261481575667858,gaussian_blur,shetland_sheepdog,model
1,7,0.777,nan,0.004277636297047138,gaussian_blur,shetland_sheepdog,model
1,8,0.888,nan,0.004316466860473156,gaussian_blur,shetland_sheepdog,model
1,9,0.999,nan,0.004379051737487316,gaussian_blur,shetland_sheepdog,model
2,0,0.0,nan,0.007989705540239811,gaussian_blur,shetland_sheepdog,model
2,1,0.111,nan,0.007482249289751053,gaussian_blur,shetland_sheepdog,model
2,2,0.222,nan,0.0073460787534713745,gaussian_blur,shetland_sheepdog,model
2,3,0.333,nan,0.007336676120758057,gaussian_blur,shetland_sheepdog,model
2,4,0.444,nan,0.00794745422899723,gaussian_blur,shetland_sheepdog,model
2,5,0.555,nan,0.00763014517724514,gaussian_blur,shetland_sheepdog,model
2,6,0.666,nan,0.007608936168253422,gaussian_blur,shetland_sheepdog,model
2,7,0.777,nan,0.007612436078488827,gaussian_blur,shetland_sheepdog,model
2,8,0.888,nan,0.007681079208850861,gaussian_blur,shetland_sheepdog,model
2,9,0.999,nan,0.00790421199053526,gaussian_blur,shetland_sheepdog,model
3,0,0.0,nan,0.00954174529761076,gaussian_blur,shetland_sheepdog,model
3,1,0.111,nan,0.00962899997830391,gaussian_blur,shetland_sheepdog,model
3,2,0.222,nan,0.009679468348622322,gaussian_blur,shetland_sheepdog,model
3,3,0.333,nan,0.009768563322722912,gaussian_blur,shetland_sheepdog,model
3,4,0.444,nan,0.009867308661341667,gaussian_blur,shetland_sheepdog,model
3,5,0.555,nan,0.009893868118524551,gaussian_blur,shetland_sheepdog,model
3,6,0.666,nan,0.009850765578448772,gaussian_blur,shetland_sheepdog,model
3,7,0.777,nan,0.009702161885797977,gaussian_blur,shetland_sheepdog,model
3,8,0.888,nan,0.009418795816600323,gaussian_blur,shetland_sheepdog,model
3,9,0.999,nan,0.00941874086856842,gaussian_blur,shetland_sheepdog,model
0,0,0.0,1.0,0.008981248363852501,gaussian_blur,shetland_sheepdog,alg2
0,1,0.111,0.9722500000000001,0.008879540488123894,gaussian_blur,shetland_sheepdog,alg2
0,2,0.222,0.9445,0.008994595147669315,gaussian_blur,shetland_sheepdog,alg2
0,3,0.333,0.9167500000000001,0.009035500697791576,gaussian_blur,shetland_sheepdog,alg2
0,4,0.444,0.889,0.008870833553373814,gaussian_blur,shetland_sheepdog,alg2
0,5,0.555,0.86125,0.009090913459658623,gaussian_blur,shetland_sheepdog,alg2
0,6,0.666,0.8335,0.008968334645032883,gaussian_blur,shetland_sheepdog,alg2
0,7,0.777,0.80575,0.008815753273665905,gaussian_blur,shetland_sheepdog,alg2
0,8,0.888,0.778,0.009050963446497917,gaussian_blur,shetland_sheepdog,alg2
0,9,0.999,0.75025,0.00899213831871748,gaussian_blur,shetland_sheepdog,alg2
1,0,0.0,0.8571428571428572,1.0392343997955322,gaussian_blur,shetland_sheepdog,alg2
1,1,0.111,0.8175000000000001,0.8816732168197632,gaussian_blur,shetland_sheepdog,alg2
1,2,0.222,0.7778571428571429,0.8662514686584473,gaussian_blur,shetland_sheepdog,alg2
1,3,0.333,0.7382142857142858,0.8390669822692871,gaussian_blur,shetland_sheepdog,alg2
1,4,0.444,0.6985714285714286,0.7665876150131226,gaussian_blur,shetland_sheepdog,alg2
1,5,0.555,0.6589285714285714,0.6543716192245483,gaussian_blur,shetland_sheepdog,alg2
1,6,0.666,0.6192857142857142,0.5399923324584961,gaussian_blur,shetland_sheepdog,alg2
1,7,0.777,0.5796428571428571,0.4209190309047699,gaussian_blur,shetland_sheepdog,alg2
1,8,0.888,0.54,0.32712322473526,gaussian_blur,shetland_sheepdog,alg2
1,9,0.999,0.5003571428571428,0.27024415135383606,gaussian_blur,shetland_sheepdog,alg2
2,0,0.0,0.6666666666666667,16.031888961791992,gaussian_blur,shetland_sheepdog,alg2
2,1,0.111,0.6204166666666668,14.497028350830078,gaussian_blur,shetland_sheepdog,alg2
2,2,0.222,0.5741666666666667,12.144817352294922,gaussian_blur,shetland_sheepdog,alg2
2,3,0.333,0.5279166666666668,8.240922927856445,gaussian_blur,shetland_sheepdog,alg2
2,4,0.444,0.48166666666666674,5.454942226409912,gaussian_blur,shetland_sheepdog,alg2
2,5,0.555,0.4354166666666667,3.5355918407440186,gaussian_blur,shetland_sheepdog,alg2
2,6,0.666,0.38916666666666666,2.353142499923706,gaussian_blur,shetland_sheepdog,alg2
2,7,0.777,0.34291666666666665,1.6372812986373901,gaussian_blur,shetland_sheepdog,alg2
2,8,0.888,0.2966666666666667,1.2054176330566406,gaussian_blur,shetland_sheepdog,alg2
2,9,0.999,0.2504166666666667,0.950040340423584,gaussian_blur,shetland_sheepdog,alg2
3,0,0.0,0.3999999999999999,1.6599105596542358,gaussian_blur,shetland_sheepdog,alg2
3,1,0.111,0.3555999999999999,1.4285650253295898,gaussian_blur,shetland_sheepdog,alg2
3,2,0.222,0.3111999999999999,1.2452707290649414,gaussian_blur,shetland_sheepdog,alg2
3,3,0.333,0.2668,1.1163160800933838,gaussian_blur,shetland_sheepdog,alg2
3,4,0.444,0.22239999999999996,1.0263042449951172,gaussian_blur,shetland_sheepdog,alg2
3,5,0.555,0.17799999999999994,0.9715558886528015,gaussian_blur,shetland_sheepdog,alg2
3,6,0.666,0.13359999999999997,0.9433690309524536,gaussian_blur,shetland_sheepdog,alg2
3,7,0.777,0.08919999999999997,0.9305137991905212,gaussian_blur,shetland_sheepdog,alg2
3,8,0.888,0.044799999999999986,0.9281396269798279,gaussian_blur,shetland_sheepdog,alg2
3,9,0.999,0.0004000000000000003,0.9281396269798279,gaussian_blur,shetland_sheepdog,alg2
0,0,0.0,nan,0.02180003747344017,motion_blur,breastplate_armor,wls
0,1,0.111,nan,0.021068012341856956,motion_blur,breastplate_armor,wls
0,2,0.222,nan,0.02019786462187767,motion_blur,breastplate_armor,wls
0,3,0.333,nan,0.020064158365130424,motion_blur,breastplate_armor,wls
0,4,0.444,nan,0.018997740000486374,motion_blur,breastplate_armor,wls
0,5,0.555,nan,0.019813915714621544,motion_blur,breastplate_armor,wls
0,6,0.666,nan,0.01966939866542816,motion_blur,breastplate_armor,wls
0,7,0.777,nan,0.01844785362482071,motion_blur,breastplate_armor,wls
0,8,0.888,nan,0.0174997728317976,motion_blur,breastplate_armor,wls
0,9,0.999,nan,0.017299428582191467,motion_blur,breastplate_armor,wls
1,0,0.0,nan,0.03068307600915432,motion_blur,breastplate_armor,wls
1,1,0.111,nan,0.029365558177232742,motion_blur,breastplate_armor,wls
1,2,0.222,nan,0.029313063248991966,motion_blur,breastplate_armor,wls
1,3,0.333,nan,0.02848263829946518,motion_blur,breastplate_armor,wls
1,4,0.444,nan,0.026618894189596176,motion_blur,breastplate_armor,wls
1,5,0.555,nan,0.025355692952871323,motion_blur,breastplate_armor,wls
1,6,0.666,nan,0.02388748526573181,motion_blur,breastplate_armor,wls
1,7,0.777,nan,0.023016314953565598,motion_blur,breastplate_armor,wls
1,8,0.888,nan,0.022269748151302338,motion_blur,breastplate_armor,wls
1,9,0.999,nan,0.021888501942157745,motion_blur,breastplate_armor,wls
2,0,0.0,nan,0.032455384731292725,motion_blur,breastplate_armor,wls
2,1,0.111,nan,0.03171713277697563,motion_blur,breastplate_armor,wls
2,2,0.222,nan,0.030048426240682602,motion_blur,breastplate_armor,wls
2,3,0.333,nan,0.029186338186264038,motion_blur,breastplate_armor,wls
2,4,0.444,nan,0.028251899406313896,motion_blur,breastplate_armor,wls
2,5,0.555,nan,0.02640116587281227,motion_blur,breastplate_armor,wls
2,6,0.666,nan,0.025119829922914505,motion_blur,breastplate_armor,wls
2,7,0.777,nan,0.02386823669075966,motion_blur,breastplate_armor,wls
2,8,0.888,nan,0.0225522518157959,motion_blur,breastplate_armor,wls
2,9,0.999,nan,0.02153431624174118,motion_blur,breastplate_armor,wls
3,0,0.0,nan,0.02899899333715439,motion_blur,breastplate_armor,wls
3,1,0.111,nan,0.02799234911799431,motion_blur,breastplate_armor,wls
3,2,0.222,nan,0.026773657649755478,motion_blur,breastplate_armor,wls
3,3,0.333,nan,0.025640105828642845,motion_blur,breastplate_armor,wls
3,4,0.444,nan,0.02461247146129608,motion_blur,breastplate_armor,wls
3,5,0.555,nan,0.023397749289870262,motion_blur,breastplate_armor,wls
3,6,0.666,nan,0.022221466526389122,motion_blur,breastplate_armor,wls
3,7,0.777,nan,0.02091880887746811,motion_blur,breastplate_armor,wls
3,8,0.888,nan,0.0198553167283535,motion_blur,breastplate_armor,wls
3,9,0.999,nan,0.019863484427332878,motion_blur,breastplate_armor,wls
0,0,0.0,nan,0.02180003747344017,motion_blur,breastplate_armor,model
0,1,0.111,nan,0.02106795273721218,motion_blur,breastplate_armor,model
0,2,0.222,nan,0.02019730769097805,motion_blur,breastplate_armor,model
0,3,0.333,nan,0.020063895732164383,motion_blur,breastplate_armor,model
0,4,0.444,nan,0.018994558602571487,motion_blur,breastplate_armor,model
0,5,0.555,nan,0.01979793608188629,motion_blur,breastplate_armor,model
0,6,0.666,nan,0.01965313032269478,motion_blur,breastplate_armor,model
0,7,0.777,nan,0.018425997346639633,motion_blur,breastplate_armor,model
0,8,0.888,nan,0.01746000349521637,motion_blur,breastplate_armor,model
0,9,0.999,nan,0.017218049615621567,motion_blur,breastplate_armor,model
1,0,0.0,nan,0.03072257712483406,motion_blur,breastplate_armor,model
1,1,0.111,nan,0.029391497373580933,motion_blur,breastplate_armor,model
1,2,0.222,nan,0.02926144376397133,motion_blur,breastplate_armor,model
1,3,0.333,nan,0.02842380851507187,motion_blur,breastplate_armor,model
1,4,0.444,nan,0.026597201824188232,motion_blur,breastplate_armor,model
1,5,0.555,nan,0.02533402107656002,motion_blur,breastplate_armor,model
1,6,0.666,nan,0.02386709675192833,motion_blur,breastplate_armor,model
1,7,0.777,nan,0.02290719747543335,motion_blur,breastplate_armor,model
1,8,0.888,nan,0.022023633122444153,motion_blur,breastplate_armor,model
1,9,0.999,nan,0.021396953612565994,motion_blur,breastplate_armor,model
2,0,0.0,nan,0.03170173242688179,motion_blur,breastplate_armor,model
2,1,0.111,nan,0.03017066977918148,motion_blur,breastplate_armor,model
2,2,0.222,nan,0.029050655663013458,motion_blur,breastplate_armor,model
2,3,0.333,nan,0.027476957067847252,motion_blur,breastplate_armor,model
2,4,0.444,nan,0.02644846960902214,motion_blur,breastplate_armor,model
2,5,0.555,nan,0.024452276527881622,motion_blur,breastplate_armor,model
2,6,0.666,nan,0.023193616420030594,motion_blur,breastplate_armor,model
2,7,0.777,nan,0.021823575720191002,motion_blur,breastplate_armor,model
2,8,0.888,nan,0.020491868257522583,motion_blur,breastplate_armor,model
2,9,0.999,nan,0.018952341750264168,motion_blur,breastplate_armor,model
3,0,0.0,nan,0.026552222669124603,motion_blur,breastplate_armor,model
3,1,0.111,nan,0.025453900918364525,motion_blur,breastplate_armor,model
3,2,0.222,nan,0.024178780615329742,motion_blur,breastplate_armor,model
3,3,0.333,nan,0.023008115589618683,motion_blur,breastplate_armor,model
3,4,0.444,nan,0.021852662786841393,motion_blur,breastplate_armor,model
3,5,0.555,nan,0.020585596561431885,motion_blur,breastplate_armor,model
3,6,0.666,nan,0.019333278760313988,motion_blur,breastplate_armor,model
3,7,0.777,nan,0.01793891005218029,motion_blur,breastplate_armor,model
3,8,0.888,nan,0.01647287793457508,motion_blur,breastplate_armor,model
3,9,0.999,nan,0.016474850475788116,motion_blur,breastplate_armor,model
0,0,0.0,1.0,0.038853056728839874,motion_blur,breastplate_armor,alg2
0,1,0.111,0.9722500000000001,0.038371942937374115,motion_blur,breastplate_armor,alg2
0,2,0.222,0.9445,0.03877217322587967,motion_blur,breastplate_armor,alg2
0,3,0.333,0.9167500000000001,0.036412667483091354,motion_blur,breastplate_armor,alg2
0,4,0.444,0.889,0.03897377848625183,motion_blur,breastplate_armor,alg2
0,5,0.555,0.86125,0.0397188663482666,motion_blur,breastplate_armor,alg2
0,6,0.666,0.8335,0.037148505449295044,motion_blur,breastplate_armor,alg2
0,7,0.777,0.80575,0.039764948189258575,motion_blur,breastplate_armor,alg2
0,8,0.888,0.778,0.0371212363243103,motion_blur,breastplate_armor,alg2
0,9,0.999,0.75025,0.038714371621608734,motion_blur,breastplate_armor,alg2
1,0,0.0,0.8571428571428572,0.3697541654109955,motion_blur,breastplate_armor,alg2
1,1,0.111,0.8175000000000001,0.28133830428123474,motion_blur,breastplate_armor,alg2
1,2,0.222,0.7778571428571429,0.27974069118499756,motion_blur,breastplate_armor,alg2
1,3,0.333,0.7382142857142858,0.2806295156478882,motion_blur,breastplate_armor,alg2
1,4,0.444,0.6985714285714286,0.2838110327720642,motion_blur,breastplate_armor,alg2
1,5,0.555,0.6589285714285714,0.26712101697921753,motion_blur,breastplate_armor,alg2
1,6,0.666,0.6192857142857142,0.26129597425460815,motion_blur,breastplate_armor,alg2
1,7,0.777,0.5796428571428571,0.26544708013534546,motion_blur,breastplate_armor,alg2
1,8,0.888,0.54,0.24221102893352509,motion_blur,breastplate_armor,alg2
1,9,0.999,0.5003571428571428,0.23475012183189392,motion_blur,breastplate_armor,alg2
2,0,0.0,0.6666666666666667,5.516885280609131,motion_blur,breastplate_armor,alg2
2,1,0.111,0.6204166666666668,3.8446764945983887,motion_blur,breastplate_armor,alg2
2,2,0.222,0.5741666666666667,3.291903257369995,motion_blur,breastplate_armor,alg2
2,3,0.333,0.5279166666666668,2.5887303352355957,motion_blur,breastplate_armor,alg2
2,4,0.444,0.48166666666666674,1.9966747760772705,motion_blur,breastplate_armor,alg2
2,5,0.555,0.4354166666666667,1.5251630544662476,motion_blur,breastplate_armor,alg2
2,6,0.666,0.38916666666666666,1.1733369827270508,motion_blur,breastplate_armor,alg2
2,7,0.777,0.34291666666666665,0.9276599884033203,motion_blur,breastplate_armor,alg2
2,8,0.888,0.2966666666666667,0.7313054800033569,motion_blur,breastplate_armor,alg2
2,9,0.999,0.2504166666666667,0.5944956541061401,motion_blur,breastplate_armor,alg2
3,0,0.0,0.3999999999999999,1.144637107849121,motion_blur,breastplate_armor,alg2
3,1,0.111,0.3555999999999999,0.9732869863510132,motion_blur,breastplate_armor,alg2
3,2,0.222,0.3111999999999999,0.8531402349472046,motion_blur,breastplate_armor,alg2
3,3,0.333,0.2668,0.7664890289306641,motion_blur,breastplate_armor,alg2
3,4,0.444,0.22239999999999996,0.7087952494621277,motion_blur,breastplate_armor,alg2
3,5,0.555,0.17799999999999994,0.6739850044250488,motion_blur,breastplate_armor,alg2
3,6,0.666,0.13359999999999997,0.6609768867492676,motion_blur,breastplate_armor,alg2
3,7,0.777,0.08919999999999997,0.6556569933891296,motion_blur,breastplate_armor,alg2
3,8,0.888,0.044799999999999986,0.655754566192627,motion_blur,breastplate_armor,alg2
3,9,0.999,0.0004000000000000003,0.655754566192627,motion_blur,breastplate_armor,alg2
0,0,0.0,nan,0.03527513146400452,motion_blur,crane_structure,wls
0,1,0.111,nan,0.034361258149147034,motion_blur,crane_structure,wls
0,2,0.222,nan,0.03409302979707718,motion_blur,crane_structure,wls
0,3,0.333,nan,0.033526916056871414,motion_blur,crane_structure,wls
0,4,0.444,nan,0.03216816484928131,motion_blur,crane_structure,wls
0,5,0.555,nan,0.03230346739292145,motion_blur,crane_structure,wls
0,6,0.666,nan,0.03185766562819481,motion_blur,crane_structure,wls
0,7,0.777,nan,0.02945668064057827,motion_blur,crane_structure,wls
0,8,0.888,nan,0.028429752215743065,motion_blur,crane_structure,wls
0,9,0.999,nan,0.028298212215304375,motion_blur,crane_structure,wls
1,0,0.0,nan,0.04375014826655388,motion_blur,crane_structure,wls
1,1,0.111,nan,0.0417424701154232,motion_blur,crane_structure,wls
1,2,0.222,nan,0.041997458785772324,motion_blur,crane_structure,wls
1,3,0.333,nan,0.03971095755696297,motion_blur,crane_structure,wls
1,4,0.444,nan,0.03845086321234703,motion_blur,crane_structure,wls
1,5,0.555,nan,0.037652261555194855,motion_blur,crane_structure,wls
1,6,0.666,nan,0.03615356236696243,motion_blur,crane_structure,wls
1,7,0.777,nan,0.0357884019613266,motion_blur,crane_structure,wls
1,8,0.888,nan,0.037230927497148514,motion_blur,crane_structure,wls
1,9,0.999,nan,0.03770456835627556,motion_blur,crane_structure,wls
2,0,0.0,nan,0.06190946698188782,motion_blur,crane_structure,wls
2,1,0.111,nan,0.05801776051521301,motion_blur,crane_structure,wls
2,2,0.222,nan,0.05323123186826706,motion_blur,crane_structure,wls
2,3,0.333,nan,0.05148773640394211,motion_blur,crane_structure,wls
2,4,0.444,nan,0.050218790769577026,motion_blur,crane_structure,wls
2,5,0.555,nan,0.048143934458494186,motion_blur,crane_structure,wls
2,6,0.666,nan,0.04507187753915787,motion_blur,crane_structure,wls
2,7,0.777,nan,0.044064030051231384,motion_blur,crane_structure,wls
2,8,0.888,nan,0.04243486374616623,motion_blur,crane_structure,wls
2,9,0.999,nan,0.04197964072227478,motion_blur,crane_structure,wls
3,0,0.0,nan,0.057176899164915085,motion_blur,crane_structure,wls
3,1,0.111,nan,0.056044142693281174,motion_blur,crane_structure,wls
3,2,0.222,nan,0.054670125246047974,motion_blur,crane_structure,wls
3,3,0.333,nan,0.05336236581206322,motion_blur,crane_structure,wls
3,4,0.444,nan,0.05218012258410454,motion_blur,crane_structure,wls
3,5,0.555,nan,0.050875481218099594,motion_blur,crane_structure,wls
3,6,0.666,nan,0.049960456788539886,motion_blur,crane_structure,wls
3,7,0.777,nan,0.04878867790102959,motion_blur,crane_structure,wls
3,8,0.888,nan,0.047812625765800476,motion_blur,crane_structure,wls
3,9,0.999,nan,0.0478222593665123,motion_blur,crane_structure,wls
0,0,0.0,nan,0.035275138914585114,motion_blur,crane_structure,model
0,1,0.111,nan,0.034361355006694794,motion_blur,crane_structure,model
0,2,0.222,nan,0.03409269079566002,motion_blur,crane_structure,model
0,3,0.333,nan,0.03352600708603859,motion_blur,crane_structure,model
0,4,0.444,nan,0.03216370567679405,motion_blur,crane_structure,model
0,5,0.555,nan,0.032284852117300034,motion_blur,crane_structure,model
0,6,0.666,nan,0.03185056895017624,motion_blur,crane_structure,model
0,7,0.777,nan,0.029444769024848938,motion_blur,crane_structure,model
0,8,0.888,nan,0.02841794118285179,motion_blur,crane_structure,model
0,9,0.999,nan,0.02823425643146038,motion_blur,crane_structure,model
1,0,0.0,nan,0.04428447410464287,motion_blur,crane_structure,model
1,1,0.111,nan,0.04208395630121231,motion_blur,crane_structure,model
1,2,0.222,nan,0.04262853413820267,motion_blur,crane_structure,model
1,3,0.333,nan,0.039617203176021576,motion_blur,crane_structure,model
1,4,0.444,nan,0.038316454738378525,motion_blur,crane_structure,model
1,5,0.555,nan,0.03785111755132675,motion_blur,crane_structure,model
1,6,0.666,nan,0.035136591643095016,motion_blur,crane_structure,model
1,7,0.777,nan,0.03464687243103981,motion_blur,crane_structure,model
1,8,0.888,nan,0.03481103479862213,motion_blur,crane_structure,model
1,9,0.999,nan,0.03482122719287872,motion_blur,crane_structure,model
2,0,0.0,nan,0.054073184728622437,motion_blur,crane_structure,model
2,1,0.111,nan,0.05186071991920471,motion_blur,crane_structure,model
2,2,0.222,nan,0.0485958568751812,motion_blur,crane_structure,model
2,3,0.333,nan,0.047030337154865265,motion_blur,crane_structure,model
2,4,0.444,nan,0.045708440244197845,motion_blur,crane_structure,model
2,5,0.555,nan,0.04327499866485596,motion_blur,crane_structure,model
2,6,0.666,nan,0.040590040385723114,motion_blur,crane_structure,model
2,7,0.777,nan,0.03931710869073868,motion_blur,crane_structure,model
2,8,0.888,nan,0.03724932670593262,motion_blur,crane_structure,model
2,9,0.999,nan,0.035635482519865036,motion_blur,crane_structure,model
3,0,0.0,nan,0.050986796617507935,motion_blur,crane_structure,model
3,1,0.111,nan,0.04984511062502861,motion_blur,crane_structure,model
3,2,0.222,nan,0.048496752977371216,motion_blur,crane_structure,model
3,3,0.333,nan,0.04695078358054161,motion_blur,crane_structure,model
3,4,0.444,nan,0.04558192193508148,motion_blur,crane_structure,model
3,5,0.555,nan,0.04423324391245842,motion_blur,crane_structure,model
3,6,0.666,nan,0.04312566667795181,motion_blur,crane_structure,model
3,7,0.777,nan,0.041746512055397034,motion_blur,crane_structure,model
3,8,0.888,nan,0.04042261838912964,motion_blur,crane_structure,model
3,9,0.999,nan,0.040425222367048264,motion_blur,crane_structure,model
0,0,0.0,1.0,0.08569322526454926,motion_blur,crane_structure,alg2
0,1,0.111,0.9722500000000001,0.08703500032424927,motion_blur,crane_structure,alg2
0,2,0.222,0.9445,0.08680623024702072,motion_blur,crane_structure,alg2
0,3,0.333,0.9167500000000001,0.08873295038938522,motion_blur,crane_structure,alg2
0,4,0.444,0.889,0.08712922036647797,motion_blur,crane_structure,alg2
0,5,0.555,0.86125,0.08663439750671387,motion_blur,crane_structure,alg2
0,6,0.666,0.8335,0.08619165420532227,motion_blur,crane_structure,alg2
0,7,0.777,0.80575,0.08700168132781982,motion_blur,crane_structure,alg2
0,8,0.888,0.778,0.08357429504394531,motion_blur,crane_structure,alg2
0,9,0.999,0.75025,0.08708794414997101,motion_blur,crane_structure,alg2
1,0,0.0,0.8571428571428572,0.4260962903499603,motion_blur,crane_structure,alg2
1,1,0.111,0.8175000000000001,0.3362654149532318,motion_blur,crane_structure,alg2
1,2,0.222,0.7778571428571429,0.3287391662597656,motion_blur,crane_structure,alg2
1,3,0.333,0.7382142857142858,0.32834017276763916,motion_blur,crane_structure,alg2
1,4,0.444,0.6985714285714286,0.33185911178588867,motion_blur,crane_structure,alg2
1,5,0.555,0.6589285714285714,0.3147509694099426,motion_blur,crane_structure,alg2
1,6,0.666,0.6192857142857142,0.3056948184967041,motion_blur,crane_structure,alg2
1,7,0.777,0.5796428571428571,0.3081541955471039,motion_blur,crane_structure,alg2
1,8,0.888,0.54,0.2829166650772095,motion_blur,crane_structure,alg2
1,9,0.999,0.5003571428571428,0.27826833724975586,motion_blur,crane_structure,alg2
2,0,0.0,0.6666666666666667,5.5505194664001465,motion_blur,crane_structure,alg2
2,1,0.111,0.6204166666666668,3.8844707012176514,motion_blur,crane_structure,alg2
2,2,0.222,0.5741666666666667,3.323857069015503,motion_blur,crane_structure,alg2
2,3,0.333,0.5279166666666668,2.621860980987549,motion_blur,crane_structure,alg2
2,4,0.444,0.48166666666666674,2.0366268157958984,motion_blur,crane_structure,alg2
2,5,0.555,0.4354166666666667,1.57486093044281,motion_blur,crane_structure,alg2
2,6,0.666,0.38916666666666666,1.212106466293335,motion_blur,crane_structure,alg2
2,7,0.777,0.34291666666666665,0.954332709312439,motion_blur,crane_structure,alg2
2,8,0.888,0.2966666666666667,0.7483012080192566,motion_blur,crane_structure,alg2
2,9,0.999,0.2504166666666667,0.6054966449737549,motion_blur,crane_structure,alg2
3,0,0.0,0.3999999999999999,1.1575191020965576,motion_blur,crane_structure,alg2
3,1,0.111,0.3555999999999999,0.9883298873901367,motion_blur,crane_structure,alg2
3,2,0.222,0.3111999999999999,0.8698770999908447,motion_blur,crane_structure,alg2
3,3,0.333,0.2668,0.7861616015434265,motion_blur,crane_structure,alg2
3,4,0.444,0.22239999999999996,0.7317113876342773,motion_blur,crane_structure,alg2
3,5,0.555,0.17799999999999994,0.702262282371521,motion_blur,crane_structure,alg2
3,6,0.666,0.13359999999999997,0.6920714378356934,motion_blur,crane_structure,alg2
3,7,0.777,0.08919999999999997,0.6893920302391052,motion_blur,crane_structure,alg2
3,8,0.888,0.044799999999999986,0.6899744868278503,motion_blur,crane_structure,alg2
3,9,0.999,0.0004000000000000003,0.6899744868278503,motion_blur,crane_structure,alg2
0,0,0.0,nan,0.05027950927615166,motion_blur,ibex_horns,wls
0,1,0.111,nan,0.05031972751021385,motion_blur,ibex_horns,wls
0,2,0.222,nan,0.04844276234507561,motion_blur,ibex_horns,wls
0,3,0.333,nan,0.04834887385368347,motion_blur,ibex_horns,wls
0,4,0.444,nan,0.04743844270706177,motion_blur,ibex_horns,wls
0,5,0.555,nan,0.04744769260287285,motion_blur,ibex_horns,wls
0,6,0.666,nan,0.04629988595843315,motion_blur,ibex_horns,wls
0,7,0.777,nan,0.044913094490766525,motion_blur,ibex_horns,wls
0,8,0.888,nan,0.04448651894927025,motion_blur,ibex_horns,wls
0,9,0.999,nan,0.04286229610443115,motion_blur,ibex_horns,wls
1,0,0.0,nan,0.04391561076045036,motion_blur,ibex_horns,wls
1,1,0.111,nan,0.04196914657950401,motion_blur,ibex_horns,wls
1,2,0.222,nan,0.04212826117873192,motion_blur,ibex_horns,wls
1,3,0.333,nan,0.041161827743053436,motion_blur,ibex_horns,wls
1,4,0.444,nan,0.03937477990984917,motion_blur,ibex_horns,wls
1,5,0.555,nan,0.03700750693678856,motion_blur,ibex_horns,wls
1,6,0.666,nan,0.03489674627780914,motion_blur,ibex_horns,wls
1,7,0.777,nan,0.03562775254249573,motion_blur,ibex_horns,wls
1,8,0.888,nan,0.03522805497050285,motion_blur,ibex_horns,wls
1,9,0.999,nan,0.03936627134680748,motion_blur,ibex_horns,wls
2,0,0.0,nan,0.05541681498289108,motion_blur,ibex_horns,wls
2,1,0.111,nan,0.052113860845565796,motion_blur,ibex_horns,wls
2,2,0.222,nan,0.04974310100078583,motion_blur,ibex_horns,wls
2,3,0.333,nan,0.04881390556693077,motion_blur,ibex_horns,wls
2,4,0.444,nan,0.047420721501111984,motion_blur,ibex_horns,wls
2,5,0.555,nan,0.0457109734416008,motion_blur,ibex_horns,wls
2,6,0.666,nan,0.043294113129377365,motion_blur,ibex_horns,wls
2,7,0.777,nan,0.04177417606115341,motion_blur,ibex_horns,wls
2,8,0.888,nan,0.04041963070631027,motion_blur,ibex_horns,wls
2,9,0.999,nan,0.03989133983850479,motion_blur,ibex_horns,wls
3,0,0.0,nan,0.05222512036561966,motion_blur,ibex_horns,wls
3,1,0.111,nan,0.05119217187166214,motion_blur,ibex_horns,wls
3,2,0.222,nan,0.050160884857177734,motion_blur,ibex_horns,wls
3,3,0.333,nan,0.04881212115287781,motion_blur,ibex_horns,wls
3,4,0.444,nan,0.04814525693655014,motion_blur,ibex_horns,wls
3,5,0.555,nan,0.04717137664556503,motion_blur,ibex_horns,wls
3,6,0.666,nan,0.046284645795822144,motion_blur,ibex_horns,wls
3,7,0.777,nan,0.04530608654022217,motion_blur,ibex_horns,wls
3,8,0.888,nan,0.04440523684024811,motion_blur,ibex_horns,wls
3,9,0.999,nan,0.04441474378108978,motion_blur,ibex_horns,wls
0,0,0.0,nan,0.05027950927615166,motion_blur,ibex_horns,model
0,1,0.111,nan,0.050319865345954895,motion_blur,ibex_horns,model
0,2,0.222,nan,0.048442527651786804,motion_blur,ibex_horns,model
0,3,0.333,nan,0.04834740608930588,motion_blur,ibex_horns,model
0,4,0.444,nan,0.04743392392992973,motion_blur,ibex_horns,model
0,5,0.555,nan,0.047421716153621674,motion_blur,ibex_horns,model
0,6,0.666,nan,0.046255700290203094,motion_blur,ibex_horns,model
0,7,0.777,nan,0.04482327401638031,motion_blur,ibex_horns,model
0,8,0.888,nan,0.044270455837249756,motion_blur,ibex_horns,model
0,9,0.999,nan,0.042147062718868256,motion_blur,ibex_horns,model
1,0,0.0,nan,0.044407933950424194,motion_blur,ibex_horns,model
1,1,0.111,nan,0.04262399673461914,motion_blur,ibex_horns,model
1,2,0.222,nan,0.042142413556575775,motion_blur,ibex_horns,model
1,3,0.333,nan,0.04094737023115158,motion_blur,ibex_horns,model
1,4,0.444,nan,0.03854751959443092,motion_blur,ibex_horns,model
1,5,0.555,nan,0.036393653601408005,motion_blur,ibex_horns,model
1,6,0.666,nan,0.033962562680244446,motion_blur,ibex_horns,model
1,7,0.777,nan,0.03304419666528702,motion_blur,ibex_horns,model
1,8,0.888,nan,0.032714199274778366,motion_blur,ibex_horns,model
1,9,0.999,nan,0.03600166365504265,motion_blur,ibex_horns,model
2,0,0.0,nan,0.04790147393941879,motion_blur,ibex_horns,model
2,1,0.111,nan,0.04732685536146164,motion_blur,ibex_horns,model
2,2,0.222,nan,0.04617241024971008,motion_blur,ibex_horns,model
2,3,0.333,nan,0.046027861535549164,motion_blur,ibex_horns,model
2,4,0.444,nan,0.04507658630609512,motion_blur,ibex_horns,model
2,5,0.555,nan,0.04350873455405235,motion_blur,ibex_horns,model
2,6,0.666,nan,0.04131980985403061,motion_blur,ibex_horns,model
2,7,0.777,nan,0.039215460419654846,motion_blur,ibex_horns,model
2,8,0.888,nan,0.03765050321817398,motion_blur,ibex_horns,model
2,9,0.999,nan,0.03596556559205055,motion_blur,ibex_horns,model
3,0,0.0,nan,0.048991721123456955,motion_blur,ibex_horns,model
3,1,0.111,nan,0.04802229255437851,motion_blur,ibex_horns,model
3,2,0.222,nan,0.0469876192510128,motion_blur,ibex_horns,model
3,3,0.333,nan,0.04566580057144165,motion_blur,ibex_horns,model
3,4,0.444,nan,0.0449395589530468,motion_blur,ibex_horns,model
3,5,0.555,nan,0.04385700076818466,motion_blur,ibex_horns,model
3,6,0.666,nan,0.042828261852264404,motion_blur,ibex_horns,model
3,7,0.777,nan,0.041683539748191833,motion_blur,ibex_horns,model
3,8,0.888,nan,0.040370360016822815,motion_blur,ibex_horns,model
3,9,0.999,nan,0.04037312790751457,motion_blur,ibex_horns,model
0,0,0.0,1.0,0.1133662685751915,motion_blur,ibex_horns,alg2
0,1,0.111,0.9722500000000001,0.11855153739452362,motion_blur,ibex_horns,alg2
0,2,0.222,0.9445,0.11564517021179199,motion_blur,ibex_horns,alg2
0,3,0.333,0.9167500000000001,0.11757373809814453,motion_blur,ibex_horns,alg2
0,4,0.444,0.889,0.11582601070404053,motion_blur,ibex_horns,alg2
0,5,0.555,0.86125,0.11701877415180206,motion_blur,ibex_horns,alg2
0,6,0.666,0.8335,0.11653614044189453,motion_blur,ibex_horns,alg2
0,7,0.777,0.80575,0.11457844078540802,motion_blur,ibex_horns,alg2
0,8,0.888,0.778,0.11248847842216492,motion_blur,ibex_horns,alg2
0,9,0.999,0.75025,0.11709436029195786,motion_blur,ibex_horns,alg2
1,0,0.0,0.8571428571428572,0.39908093214035034,motion_blur,ibex_horns,alg2
1,1,0.111,0.8175000000000001,0.30965831875801086,motion_blur,ibex_horns,alg2
1,2,0.222,0.7778571428571429,0.3064119219779968,motion_blur,ibex_horns,alg2
1,3,0.333,0.7382142857142858,0.309614896774292,motion_blur,ibex_horns,alg2
1,4,0.444,0.6985714285714286,0.3112006187438965,motion_blur,ibex_horns,alg2
1,5,0.555,0.6589285714285714,0.297227680683136,motion_blur,ibex_horns,alg2
1,6,0.666,0.6192857142857142,0.2854648530483246,motion_blur,ibex_horns,alg2
1,7,0.777,0.5796428571428571,0.2918669879436493,motion_blur,ibex_horns,alg2
1,8,0.888,0.54,0.266467809677124,motion_blur,ibex_horns,alg2
1,9,0.999,0.5003571428571428,0.2597545087337494,motion_blur,ibex_horns,alg2
2,0,0.0,0.6666666666666667,5.537887096405029,motion_blur,ibex_horns,alg2
2,1,0.111,0.6204166666666668,3.8647964000701904,motion_blur,ibex_horns,alg2
2,2,0.222,0.5741666666666667,3.317331314086914,motion_blur,ibex_horns,alg2
2,3,0.333,0.5279166666666668,2.6181647777557373,motion_blur,ibex_horns,alg2
2,4,0.444,0.48166666666666674,2.0486271381378174,motion_blur,ibex_horns,alg2
2,5,0.555,0.4354166666666667,1.6129192113876343,motion_blur,ibex_horns,alg2
2,6,0.666,0.38916666666666666,1.2690945863723755,motion_blur,ibex_horns,alg2
2,7,0.777,0.34291666666666665,1.0220348834991455,motion_blur,ibex_horns,alg2
2,8,0.888,0.2966666666666667,0.817894458770752,motion_blur,ibex_horns,alg2
2,9,0.999,0.2504166666666667,0.676908016204834,motion_blur,ibex_horns,alg2
3,0,0.0,0.3999999999999999,1.2224187850952148,motion_blur,ibex_horns,alg2
3,1,0.111,0.3555999999999999,1.0577391386032104,motion_blur,ibex_horns,alg2
3,2,0.222,0.3111999999999999,0.9466208219528198,motion_blur,ibex_horns,alg2
3,3,0.333,0.2668,0.8692669868469238,motion_blur,ibex_horns,alg2
3,4,0.444,0.22239999999999996,0.8181964159011841,motion_blur,ibex_horns,alg2
3,5,0.555,0.17799999999999994,0.7920284271240234,motion_blur,ibex_horns,alg2
3,6,0.666,0.13359999999999997,0.7835060358047485,motion_blur,ibex_horns,alg2
3,7,0.777,0.08919999999999997,0.7825684547424316,motion_blur,ibex_horns,alg2
3,8,0.888,0.044799999999999986,0.78501957654953,motion_blur,ibex_horns,alg2
3,9,0.999,0.0004000000000000003,0.78501957654953,motion_blur,ibex_horns,alg2
0,0,0.0,nan,0.02892860397696495,motion_blur,junco,wls
0,1,0.111,nan,0.029018878936767578,motion_blur,junco,wls
0,2,0.222,nan,0.0277091097086668,motion_blur,junco,wls
0,3,0.333,nan,0.02846713364124298,motion_blur,junco,wls
0,4,0.444,nan,0.026679564267396927,motion_blur,junco,wls
0,5,0.555,nan,0.0282969381660223,motion_blur,junco,wls
0,6,0.666,nan,0.026978664100170135,motion_blur,junco,wls
0,7,0.777,nan,0.026438560336828232,motion_blur,junco,wls
0,8,0.888,nan,0.024955224245786667,motion_blur,junco,wls
0,9,0.999,nan,0.0252518467605114,motion_blur,junco,wls
1,0,0.0,nan,0.030288726091384888,motion_blur,junco,wls
1,1,0.111,nan,0.029399406164884567,motion_blur,junco,wls
1,2,0.222,nan,0.029233908280730247,motion_blur,junco,wls
1,3,0.333,nan,0.028120175004005432,motion_blur,junco,wls
1,4,0.444,nan,0.02623177133500576,motion_blur,junco,wls
1,5,0.555,nan,0.025257816538214684,motion_blur,junco,wls
1,6,0.666,nan,0.02391810715198517,motion_blur,junco,wls
1,7,0.777,nan,0.02280436083674431,motion_blur,junco,wls
1,8,0.888,nan,0.022306254133582115,motion_blur,junco,wls
1,9,0.999,nan,0.02254657819867134,motion_blur,junco,wls
2,0,0.0,nan,0.030126256868243217,motion_blur,junco,wls
2,1,0.111,nan,0.02829555794596672,motion_blur,junco,wls
2,2,0.222,nan,0.026680316776037216,motion_blur,junco,wls
2,3,0.333,nan,0.025204023346304893,motion_blur,junco,wls
2,4,0.444,nan,0.02415800839662552,motion_blur,junco,wls
2,5,0.555,nan,0.02210088074207306,motion_blur,junco,wls
2,6,0.666,nan,0.02072630450129509,motion_blur,junco,wls
2,7,0.777,nan,0.019550763070583344,motion_blur,junco,wls
2,8,0.888,nan,0.018394222483038902,motion_blur,junco,wls
2,9,0.999,nan,0.01709745079278946,motion_blur,junco,wls
3,0,0.0,nan,0.020304549485445023,motion_blur,junco,wls
3,1,0.111,nan,0.01905972510576248,motion_blur,junco,wls
3,2,0.222,nan,0.017793966457247734,motion_blur,junco,wls
3,3,0.333,nan,0.01668856292963028,motion_blur,junco,wls
3,4,0.444,nan,0.015535715967416763,motion_blur,junco,wls
3,5,0.555,nan,0.014175599440932274,motion_blur,junco,wls
3,6,0.666,nan,0.012971332296729088,motion_blur,junco,wls
3,7,0.777,nan,0.011608913540840149,motion_blur,junco,wls
3,8,0.888,nan,0.01050480268895626,motion_blur,junco,wls
3,9,0.999,nan,0.010512578301131725,motion_blur,junco,wls
0,0,0.0,nan,0.02892860397696495,motion_blur,junco,model
0,1,0.111,nan,0.029018964618444443,motion_blur,junco,model
0,2,0.222,nan,0.02770901285111904,motion_blur,junco,model
0,3,0.333,nan,0.028466617688536644,motion_blur,junco,model
0,4,0.444,nan,0.026676176115870476,motion_blur,junco,model
0,5,0.555,nan,0.0282798632979393,motion_blur,junco,model
0,6,0.666,nan,0.026957746595144272,motion_blur,junco,model
0,7,0.777,nan,0.026407232508063316,motion_blur,junco,model
0,8,0.888,nan,0.024897409602999687,motion_blur,junco,model
0,9,0.999,nan,0.025087594985961914,motion_blur,junco,model
1,0,0.0,nan,0.03030000627040863,motion_blur,junco,model
1,1,0.111,nan,0.029351068660616875,motion_blur,junco,model
1,2,0.222,nan,0.02925775945186615,motion_blur,junco,model
1,3,0.333,nan,0.028194790706038475,motion_blur,junco,model
1,4,0.444,nan,0.02634274773299694,motion_blur,junco,model
1,5,0.555,nan,0.02522134780883789,motion_blur,junco,model
1,6,0.666,nan,0.02379050850868225,motion_blur,junco,model
1,7,0.777,nan,0.02263910137116909,motion_blur,junco,model
1,8,0.888,nan,0.021824590861797333,motion_blur,junco,model
1,9,0.999,nan,0.02178570255637169,motion_blur,junco,model
2,0,0.0,nan,0.029605260118842125,motion_blur,junco,model
2,1,0.111,nan,0.028336524963378906,motion_blur,junco,model
2,2,0.222,nan,0.026953458786010742,motion_blur,junco,model
2,3,0.333,nan,0.02510937862098217,motion_blur,junco,model
2,4,0.444,nan,0.024160131812095642,motion_blur,junco,model
2,5,0.555,nan,0.022123392671346664,motion_blur,junco,model
2,6,0.666,nan,0.02070968970656395,motion_blur,junco,model
2,7,0.777,nan,0.019471775740385056,motion_blur,junco,model
2,8,0.888,nan,0.018104298040270805,motion_blur,junco,model
2,9,0.999,nan,0.016410809010267258,motion_blur,junco,model
3,0,0.0,nan,0.019852440804243088,motion_blur,junco,model
3,1,0.111,nan,0.018688475713133812,motion_blur,junco,model
3,2,0.222,nan,0.01729508675634861,motion_blur,junco,model
3,3,0.333,nan,0.01607230305671692,motion_blur,junco,model
3,4,0.444,nan,0.014773751609027386,motion_blur,junco,model
3,5,0.555,nan,0.013326779007911682,motion_blur,junco,model
3,6,0.666,nan,0.01203775405883789,motion_blur,junco,model
3,7,0.777,nan,0.010568641126155853,motion_blur,junco,model
3,8,0.888,nan,0.00902591459453106,motion_blur,junco,model
3,9,0.999,nan,0.009027086198329926,motion_blur,junco,model
0,0,0.0,1.0,0.05718027800321579,motion_blur,junco,alg2
0,1,0.111,0.9722500000000001,0.05839373916387558,motion_blur,junco,alg2
0,2,0.222,0.9445,0.06322340667247772,motion_blur,junco,alg2
0,3,0.333,0.9167500000000001,0.059766899794340134,motion_blur,junco,alg2
0,4,0.444,0.889,0.05888819321990013,motion_blur,junco,alg2
0,5,0.555,0.86125,0.06110132858157158,motion_blur,junco,alg2
0,6,0.666,0.8335,0.060719262808561325,motion_blur,junco,alg2
0,7,0.777,0.80575,0.05797508358955383,motion_blur,junco,alg2
0,8,0.888,0.778,0.05866913124918938,motion_blur,junco,alg2
0,9,0.999,0.75025,0.05944301187992096,motion_blur,junco,alg2
1,0,0.0,0.8571428571428572,0.3634626269340515,motion_blur,junco,alg2
1,1,0.111,0.8175000000000001,0.27767059206962585,motion_blur,junco,alg2
1,2,0.222,0.7778571428571429,0.27667349576950073,motion_blur,junco,alg2
1,3,0.333,0.7382142857142858,0.2752574384212494,motion_blur,junco,alg2
1,4,0.444,0.6985714285714286,0.2809320092201233,motion_blur,junco,alg2
1,5,0.555,0.6589285714285714,0.266193687915802,motion_blur,junco,alg2
1,6,0.666,0.6192857142857142,0.25807467103004456,motion_blur,junco,alg2
1,7,0.777,0.5796428571428571,0.26269274950027466,motion_blur,junco,alg2
1,8,0.888,0.54,0.23724299669265747,motion_blur,junco,alg2
1,9,0.999,0.5003571428571428,0.23412442207336426,motion_blur,junco,alg2
2,0,0.0,0.6666666666666667,5.506682395935059,motion_blur,junco,alg2
2,1,0.111,0.6204166666666668,3.8363685607910156,motion_blur,junco,alg2
2,2,0.222,0.5741666666666667,3.2866740226745605,motion_blur,junco,alg2
2,3,0.333,0.5279166666666668,2.5855026245117188,motion_blur,junco,alg2
2,4,0.444,0.48166666666666674,2.016218900680542,motion_blur,junco,alg2
2,5,0.555,0.4354166666666667,1.600356936454773,motion_blur,junco,alg2
2,6,0.666,0.38916666666666666,1.2760558128356934,motion_blur,junco,alg2
2,7,0.777,0.34291666666666665,1.0451300144195557,motion_blur,junco,alg2
2,8,0.888,0.2966666666666667,0.8479527235031128,motion_blur,junco,alg2
2,9,0.999,0.2504166666666667,0.7085514068603516,motion_blur,junco,alg2
3,0,0.0,0.3999999999999999,1.2368805408477783,motion_blur,junco,alg2
3,1,0.111,0.3555999999999999,1.0763325691223145,motion_blur,junco,alg2
3,2,0.222,0.3111999999999999,0.9785281419754028,motion_blur,junco,alg2
3,3,0.333,0.2668,0.916233241558075,motion_blur,junco,alg2
3,4,0.444,0.22239999999999996,0.8772985935211182,motion_blur,junco,alg2
3,5,0.555,0.17799999999999994,0.8608155250549316,motion_blur,junco,alg2
3,6,0.666,0.13359999999999997,0.8607832789421082,motion_blur,junco,alg2
3,7,0.777,0.08919999999999997,0.8642978668212891,motion_blur,junco,alg2
3,8,0.888,0.044799999999999986,0.8676246404647827,motion_blur,junco,alg2
3,9,0.999,0.0004000000000000003,0.8676246404647827,motion_blur,junco,alg2
0,0,0.0,nan,0.015000108629465103,motion_blur,lakeside_beach,wls
0,1,0.111,nan,0.014198288321495056,motion_blur,lakeside_beach,wls
0,2,0.222,nan,0.014005197212100029,motion_blur,lakeside_beach,wls
0,3,0.333,nan,0.01374804973602295,motion_blur,lakeside_beach,wls
0,4,0.444,nan,0.012960359454154968,motion_blur,lakeside_beach,wls
0,5,0.555,nan,0.013967981562018394,motion_blur,lakeside_beach,wls
0,6,0.666,nan,0.013324713334441185,motion_blur,lakeside_beach,wls
0,7,0.777,nan,0.012514213100075722,motion_blur,lakeside_beach,wls
0,8,0.888,nan,0.012098319828510284,motion_blur,lakeside_beach,wls
0,9,0.999,nan,0.011730238795280457,motion_blur,lakeside_beach,wls
1,0,0.0,nan,0.028181694447994232,motion_blur,lakeside_beach,wls
1,1,0.111,nan,0.027074558660387993,motion_blur,lakeside_beach,wls
1,2,0.222,nan,0.02714199386537075,motion_blur,lakeside_beach,wls
1,3,0.333,nan,0.02597065269947052,motion_blur,lakeside_beach,wls
1,4,0.444,nan,0.02450834959745407,motion_blur,lakeside_beach,wls
1,5,0.555,nan,0.023396078497171402,motion_blur,lakeside_beach,wls
1,6,0.666,nan,0.022162122651934624,motion_blur,lakeside_beach,wls
1,7,0.777,nan,0.02085459791123867,motion_blur,lakeside_beach,wls
1,8,0.888,nan,0.0203390009701252,motion_blur,lakeside_beach,wls
1,9,0.999,nan,0.0194498673081398,motion_blur,lakeside_beach,wls
2,0,0.0,nan,0.02817797288298607,motion_blur,lakeside_beach,wls
2,1,0.111,nan,0.027102883905172348,motion_blur,lakeside_beach,wls
2,2,0.222,nan,0.02565770410001278,motion_blur,lakeside_beach,wls
2,3,0.333,nan,0.02399294637143612,motion_blur,lakeside_beach,wls
2,4,0.444,nan,0.022937696427106857,motion_blur,lakeside_beach,wls
2,5,0.555,nan,0.021320965141057968,motion_blur,lakeside_beach,wls
2,6,0.666,nan,0.01991146430373192,motion_blur,lakeside_beach,wls
2,7,0.777,nan,0.018642844632267952,motion_blur,lakeside_beach,wls
2,8,0.888,nan,0.017224200069904327,motion_blur,lakeside_beach,wls
2,9,0.999,nan,0.015696901828050613,motion_blur,lakeside_beach,wls
3,0,0.0,nan,0.01857142150402069,motion_blur,lakeside_beach,wls
3,1,0.111,nan,0.017542308196425438,motion_blur,lakeside_beach,wls
3,2,0.222,nan,0.01632472686469555,motion_blur,lakeside_beach,wls
3,3,0.333,nan,0.015015063807368279,motion_blur,lakeside_beach,wls
3,4,0.444,nan,0.013718616217374802,motion_blur,lakeside_beach,wls
3,5,0.555,nan,0.012362994253635406,motion_blur,lakeside_beach,wls
3,6,0.666,nan,0.010950461030006409,motion_blur,lakeside_beach,wls
3,7,0.777,nan,0.00948222167789936,motion_blur,lakeside_beach,wls
3,8,0.888,nan,0.008251724764704704,motion_blur,lakeside_beach,wls
3,9,0.999,nan,0.008259047754108906,motion_blur,lakeside_beach,wls
0,0,0.0,nan,0.015000112354755402,motion_blur,lakeside_beach,model
0,1,0.111,nan,0.014198262244462967,motion_blur,lakeside_beach,model
0,2,0.222,nan,0.014004550874233246,motion_blur,lakeside_beach,model
0,3,0.333,nan,0.013748067431151867,motion_blur,lakeside_beach,model
0,4,0.444,nan,0.012959340587258339,motion_blur,lakeside_beach,model
0,5,0.555,nan,0.013956909999251366,motion_blur,lakeside_beach,model
0,6,0.666,nan,0.013306180946528912,motion_blur,lakeside_beach,model
0,7,0.777,nan,0.012502193450927734,motion_blur,lakeside_beach,model
0,8,0.888,nan,0.012075692415237427,motion_blur,lakeside_beach,model
0,9,0.999,nan,0.011703228577971458,motion_blur,lakeside_beach,model
1,0,0.0,nan,0.028082987293601036,motion_blur,lakeside_beach,model
1,1,0.111,nan,0.02707504853606224,motion_blur,lakeside_beach,model
1,2,0.222,nan,0.02713661454617977,motion_blur,lakeside_beach,model
1,3,0.333,nan,0.025928571820259094,motion_blur,lakeside_beach,model
1,4,0.444,nan,0.02447563037276268,motion_blur,lakeside_beach,model
1,5,0.555,nan,0.023378849029541016,motion_blur,lakeside_beach,model
1,6,0.666,nan,0.022155120968818665,motion_blur,lakeside_beach,model
1,7,0.777,nan,0.020857468247413635,motion_blur,lakeside_beach,model
1,8,0.888,nan,0.02017795294523239,motion_blur,lakeside_beach,model
1,9,0.999,nan,0.0194234699010849,motion_blur,lakeside_beach,model
2,0,0.0,nan,0.02848958969116211,motion_blur,lakeside_beach,model
2,1,0.111,nan,0.0272466242313385,motion_blur,lakeside_beach,model
2,2,0.222,nan,0.025784656405448914,motion_blur,lakeside_beach,model
2,3,0.333,nan,0.02413354441523552,motion_blur,lakeside_beach,model
2,4,0.444,nan,0.023022308945655823,motion_blur,lakeside_beach,model
2,5,0.555,nan,0.02129560336470604,motion_blur,lakeside_beach,model
2,6,0.666,nan,0.019965849816799164,motion_blur,lakeside_beach,model
2,7,0.777,nan,0.018666882067918777,motion_blur,lakeside_beach,model
2,8,0.888,nan,0.017280206084251404,motion_blur,lakeside_beach,model
2,9,0.999,nan,0.015454228036105633,motion_blur,lakeside_beach,model
3,0,0.0,nan,0.018583543598651886,motion_blur,lakeside_beach,model
3,1,0.111,nan,0.017433688044548035,motion_blur,lakeside_beach,model
3,2,0.222,nan,0.016109373420476913,motion_blur,lakeside_beach,model
3,3,0.333,nan,0.014711743220686913,motion_blur,lakeside_beach,model
3,4,0.444,nan,0.0133803840726614,motion_blur,lakeside_beach,model
3,5,0.555,nan,0.012002291157841682,motion_blur,lakeside_beach,model
3,6,0.666,nan,0.010572787374258041,motion_blur,lakeside_beach,model
3,7,0.777,nan,0.009077375754714012,motion_blur,lakeside_beach,model
3,8,0.888,nan,0.0074568274430930614,motion_blur,lakeside_beach,model
3,9,0.999,nan,0.007458057254552841,motion_blur,lakeside_beach,model
0,0,0.0,1.0,0.02862265333533287,motion_blur,lakeside_beach,alg2
0,1,0.111,0.9722500000000001,0.02987668290734291,motion_blur,lakeside_beach,alg2
0,2,0.222,0.9445,0.031304627656936646,motion_blur,lakeside_beach,alg2
0,3,0.333,0.9167500000000001,0.03037927858531475,motion_blur,lakeside_beach,alg2
0,4,0.444,0.889,0.030228130519390106,motion_blur,lakeside_beach,alg2
0,5,0.555,0.86125,0.029593363404273987,motion_blur,lakeside_beach,alg2
0,6,0.666,0.8335,0.0303167924284935,motion_blur,lakeside_beach,alg2
0,7,0.777,0.80575,0.02876351773738861,motion_blur,lakeside_beach,alg2
0,8,0.888,0.778,0.029166793450713158,motion_blur,lakeside_beach,alg2
0,9,0.999,0.75025,0.030511248856782913,motion_blur,lakeside_beach,alg2
1,0,0.0,0.8571428571428572,0.35597914457321167,motion_blur,lakeside_beach,alg2
1,1,0.111,0.8175000000000001,0.2684987485408783,motion_blur,lakeside_beach,alg2
1,2,0.222,0.7778571428571429,0.26704010367393494,motion_blur,lakeside_beach,alg2
1,3,0.333,0.7382142857142858,0.2664889991283417,motion_blur,lakeside_beach,alg2
1,4,0.444,0.6985714285714286,0.2724332809448242,motion_blur,lakeside_beach,alg2
1,5,0.555,0.6589285714285714,0.25657737255096436,motion_blur,lakeside_beach,alg2
1,6,0.666,0.6192857142857142,0.24958078563213348,motion_blur,lakeside_beach,alg2
1,7,0.777,0.5796428571428571,0.25289997458457947,motion_blur,lakeside_beach,alg2
1,8,0.888,0.54,0.22998100519180298,motion_blur,lakeside_beach,alg2
1,9,0.999,0.5003571428571428,0.22657009959220886,motion_blur,lakeside_beach,alg2
2,0,0.0,0.6666666666666667,5.504418849945068,motion_blur,lakeside_beach,alg2
2,1,0.111,0.6204166666666668,3.8343911170959473,motion_blur,lakeside_beach,alg2
2,2,0.222,0.5741666666666667,3.283734083175659,motion_blur,lakeside_beach,alg2
2,3,0.333,0.5279166666666668,2.579359531402588,motion_blur,lakeside_beach,alg2
2,4,0.444,0.48166666666666674,2.0065712928771973,motion_blur,lakeside_beach,alg2
2,5,0.555,0.4354166666666667,1.5836251974105835,motion_blur,lakeside_beach,alg2
2,6,0.666,0.38916666666666666,1.2590835094451904,motion_blur,lakeside_beach,alg2
2,7,0.777,0.34291666666666665,1.023876667022705,motion_blur,lakeside_beach,alg2
2,8,0.888,0.2966666666666667,0.8275823593139648,motion_blur,lakeside_beach,alg2
2,9,0.999,0.2504166666666667,0.6870028376579285,motion_blur,lakeside_beach,alg2
3,0,0.0,0.3999999999999999,1.2216349840164185,motion_blur,lakeside_beach,alg2
3,1,0.111,0.3555999999999999,1.0566391944885254,motion_blur,lakeside_beach,alg2
3,2,0.222,0.3111999999999999,0.956588625907898,motion_blur,lakeside_beach,alg2
3,3,0.333,0.2668,0.8908932209014893,motion_blur,lakeside_beach,alg2
3,4,0.444,0.22239999999999996,0.8480210304260254,motion_blur,lakeside_beach,alg2
3,5,0.555,0.17799999999999994,0.8280035853385925,motion_blur,lakeside_beach,alg2
3,6,0.666,0.13359999999999997,0.8273512721061707,motion_blur,lakeside_beach,alg2
3,7,0.777,0.08919999999999997,0.8315457105636597,motion_blur,lakeside_beach,alg2
3,8,0.888,0.044799999999999986,0.8354439735412598,motion_blur,lakeside_beach,alg2
3,9,0.999,0.0004000000000000003,0.8354439735412598,motion_blur,lakeside_beach,alg2
0,0,0.0,nan,0.018935613334178925,motion_blur,sea_anemone,wls
0,1,0.111,nan,0.01854020170867443,motion_blur,sea_anemone,wls
0,2,0.222,nan,0.018047478049993515,motion_blur,sea_anemone,wls
0,3,0.333,nan,0.01816449873149395,motion_blur,sea_anemone,wls
0,4,0.444,nan,0.01712925359606743,motion_blur,sea_anemone,wls
0,5,0.555,nan,0.017015784978866577,motion_blur,sea_anemone,wls
0,6,0.666,nan,0.017486099153757095,motion_blur,sea_anemone,wls
0,7,0.777,nan,0.0158902108669281,motion_blur,sea_anemone,wls
0,8,0.888,nan,0.015567125752568245,motion_blur,sea_anemone,wls
0,9,0.999,nan,0.01569666713476181,motion_blur,sea_anemone,wls
1,0,0.0,nan,0.029643084853887558,motion_blur,sea_anemone,wls
1,1,0.111,nan,0.028330087661743164,motion_blur,sea_anemone,wls
1,2,0.222,nan,0.028382278978824615,motion_blur,sea_anemone,wls
1,3,0.333,nan,0.02725730650126934,motion_blur,sea_anemone,wls
1,4,0.444,nan,0.025674818083643913,motion_blur,sea_anemone,wls
1,5,0.555,nan,0.024443060159683228,motion_blur,sea_anemone,wls
1,6,0.666,nan,0.023370593786239624,motion_blur,sea_anemone,wls
1,7,0.777,nan,0.022136351093649864,motion_blur,sea_anemone,wls
1,8,0.888,nan,0.021631672978401184,motion_blur,sea_anemone,wls
1,9,0.999,nan,0.021134844049811363,motion_blur,sea_anemone,wls
2,0,0.0,nan,0.031025510281324387,motion_blur,sea_anemone,wls
2,1,0.111,nan,0.029351770877838135,motion_blur,sea_anemone,wls
2,2,0.222,nan,0.027942638844251633,motion_blur,sea_anemone,wls
2,3,0.333,nan,0.026013053953647614,motion_blur,sea_anemone,wls
2,4,0.444,nan,0.02514537423849106,motion_blur,sea_anemone,wls
2,5,0.555,nan,0.023217465728521347,motion_blur,sea_anemone,wls
2,6,0.666,nan,0.02190059795975685,motion_blur,sea_anemone,wls
2,7,0.777,nan,0.02050468884408474,motion_blur,sea_anemone,wls
2,8,0.888,nan,0.019367605447769165,motion_blur,sea_anemone,wls
2,9,0.999,nan,0.01807980239391327,motion_blur,sea_anemone,wls
3,0,0.0,nan,0.02411552146077156,motion_blur,sea_anemone,wls
3,1,0.111,nan,0.02291835844516754,motion_blur,sea_anemone,wls
3,2,0.222,nan,0.021679511293768883,motion_blur,sea_anemone,wls
3,3,0.333,nan,0.02043767273426056,motion_blur,sea_anemone,wls
3,4,0.444,nan,0.019075121730566025,motion_blur,sea_anemone,wls
3,5,0.555,nan,0.01772748865187168,motion_blur,sea_anemone,wls
3,6,0.666,nan,0.0163308996707201,motion_blur,sea_anemone,wls
3,7,0.777,nan,0.014966300688683987,motion_blur,sea_anemone,wls
3,8,0.888,nan,0.013708586804568768,motion_blur,sea_anemone,wls
3,9,0.999,nan,0.013715329580008984,motion_blur,sea_anemone,wls
0,0,0.0,nan,0.01893562078475952,motion_blur,sea_anemone,model
0,1,0.111,nan,0.01854023151099682,motion_blur,sea_anemone,model
0,2,0.222,nan,0.018047165125608444,motion_blur,sea_anemone,model
0,3,0.333,nan,0.018164968118071556,motion_blur,sea_anemone,model
0,4,0.444,nan,0.01712949201464653,motion_blur,sea_anemone,model
0,5,0.555,nan,0.01700931042432785,motion_blur,sea_anemone,model
0,6,0.666,nan,0.017476709559559822,motion_blur,sea_anemone,model
0,7,0.777,nan,0.015878723934292793,motion_blur,sea_anemone,model
0,8,0.888,nan,0.015540066175162792,motion_blur,sea_anemone,model
0,9,0.999,nan,0.015642350539565086,motion_blur,sea_anemone,model
1,0,0.0,nan,0.02964097633957863,motion_blur,sea_anemone,model
1,1,0.111,nan,0.028311189264059067,motion_blur,sea_anemone,model
1,2,0.222,nan,0.02834424003958702,motion_blur,sea_anemone,model
1,3,0.333,nan,0.027271952480077744,motion_blur,sea_anemone,model
1,4,0.444,nan,0.025685718283057213,motion_blur,sea_anemone,model
1,5,0.555,nan,0.02439345233142376,motion_blur,sea_anemone,model
1,6,0.666,nan,0.02333526313304901,motion_blur,sea_anemone,model
1,7,0.777,nan,0.022098414599895477,motion_blur,sea_anemone,model
1,8,0.888,nan,0.021492864936590195,motion_blur,sea_anemone,model
1,9,0.999,nan,0.020883481949567795,motion_blur,sea_anemone,model
2,0,0.0,nan,0.030865585431456566,motion_blur,sea_anemone,model
2,1,0.111,nan,0.0292520634829998,motion_blur,sea_anemone,model
2,2,0.222,nan,0.027904357761144638,motion_blur,sea_anemone,model
2,3,0.333,nan,0.026096781715750694,motion_blur,sea_anemone,model
2,4,0.444,nan,0.02520836517214775,motion_blur,sea_anemone,model
2,5,0.555,nan,0.023148110136389732,motion_blur,sea_anemone,model
2,6,0.666,nan,0.02183365449309349,motion_blur,sea_anemone,model
2,7,0.777,nan,0.020433513447642326,motion_blur,sea_anemone,model
2,8,0.888,nan,0.019262295216321945,motion_blur,sea_anemone,model
2,9,0.999,nan,0.01743907481431961,motion_blur,sea_anemone,model
3,0,0.0,nan,0.023679282516241074,motion_blur,sea_anemone,model
3,1,0.111,nan,0.022525642067193985,motion_blur,sea_anemone,model
3,2,0.222,nan,0.02133968099951744,motion_blur,sea_anemone,model
3,3,0.333,nan,0.02007358893752098,motion_blur,sea_anemone,model
3,4,0.444,nan,0.01869078539311886,motion_blur,sea_anemone,model
3,5,0.555,nan,0.017298277467489243,motion_blur,sea_anemone,model
3,6,0.666,nan,0.015855252742767334,motion_blur,sea_anemone,model
3,7,0.777,nan,0.014425995759665966,motion_blur,sea_anemone,model
3,8,0.888,nan,0.012775755487382412,motion_blur,sea_anemone,model
3,9,0.999,nan,0.012776192277669907,motion_blur,sea_anemone,model
0,0,0.0,1.0,0.03544043004512787,motion_blur,sea_anemone,alg2
0,1,0.111,0.9722500000000001,0.03531145304441452,motion_blur,sea_anemone,alg2
0,2,0.222,0.9445,0.03738420456647873,motion_blur,sea_anemone,alg2
0,3,0.333,0.9167500000000001,0.03576572611927986,motion_blur,sea_anemone,alg2
0,4,0.444,0.889,0.035856492817401886,motion_blur,sea_anemone,alg2
0,5,0.555,0.86125,0.03646270930767059,motion_blur,sea_anemone,alg2
0,6,0.666,0.8335,0.03469268977642059,motion_blur,sea_anemone,alg2
0,7,0.777,0.80575,0.03618014603853226,motion_blur,sea_anemone,alg2
0,8,0.888,0.778,0.03583142161369324,motion_blur,sea_anemone,alg2
0,9,0.999,0.75025,0.035368502140045166,motion_blur,sea_anemone,alg2
1,0,0.0,0.8571428571428572,0.3635216951370239,motion_blur,sea_anemone,alg2
1,1,0.111,0.8175000000000001,0.2782433032989502,motion_blur,sea_anemone,alg2
1,2,0.222,0.7778571428571429,0.27580726146698,motion_blur,sea_anemone,alg2
1,3,0.333,0.7382142857142858,0.27719661593437195,motion_blur,sea_anemone,alg2
1,4,0.444,0.6985714285714286,0.28168851137161255,motion_blur,sea_anemone,alg2
1,5,0.555,0.6589285714285714,0.2636701762676239,motion_blur,sea_anemone,alg2
1,6,0.666,0.6192857142857142,0.2573660910129547,motion_blur,sea_anemone,alg2
1,7,0.777,0.5796428571428571,0.26235705614089966,motion_blur,sea_anemone,alg2
1,8,0.888,0.54,0.23833797872066498,motion_blur,sea_anemone,alg2
1,9,0.999,0.5003571428571428,0.23326611518859863,motion_blur,sea_anemone,alg2
2,0,0.0,0.6666666666666667,5.5104079246521,motion_blur,sea_anemone,alg2
2,1,0.111,0.6204166666666668,3.8418805599212646,motion_blur,sea_anemone,alg2
2,2,0.222,0.5741666666666667,3.290370464324951,motion_blur,sea_anemone,alg2
2,3,0.333,0.5279166666666668,2.574631452560425,motion_blur,sea_anemone,alg2
2,4,0.444,0.48166666666666674,1.9822171926498413,motion_blur,sea_anemone,alg2
2,5,0.555,0.4354166666666667,1.495667815208435,motion_blur,sea_anemone,alg2
2,6,0.666,0.38916666666666666,1.1360013484954834,motion_blur,sea_anemone,alg2
2,7,0.777,0.34291666666666665,0.8896181583404541,motion_blur,sea_anemone,alg2
2,8,0.888,0.2966666666666667,0.6885929107666016,motion_blur,sea_anemone,alg2
2,9,0.999,0.2504166666666667,0.5516563653945923,motion_blur,sea_anemone,alg2
3,0,0.0,0.3999999999999999,1.1161363124847412,motion_blur,sea_anemone,alg2
3,1,0.111,0.3555999999999999,0.9443273544311523,motion_blur,sea_anemone,alg2
3,2,0.222,0.3111999999999999,0.8158590197563171,motion_blur,sea_anemone,alg2
3,3,0.333,0.2668,0.7173402309417725,motion_blur,sea_anemone,alg2
3,4,0.444,0.22239999999999996,0.6439501047134399,motion_blur,sea_anemone,alg2
3,5,0.555,0.17799999999999994,0.5937885642051697,motion_blur,sea_anemone,alg2
3,6,0.666,0.13359999999999997,0.5668207406997681,motion_blur,sea_anemone,alg2
3,7,0.777,0.08919999999999997,0.5525895953178406,motion_blur,sea_anemone,alg2
3,8,0.888,0.044799999999999986,0.5488160848617554,motion_blur,sea_anemone,alg2
3,9,0.999,0.0004000000000000003,0.5488160848617554,motion_blur,sea_anemone,alg2
0,0,0.0,nan,0.023433446884155273,motion_blur,shetland_sheepdog,wls
0,1,0.111,nan,0.022740652784705162,motion_blur,shetland_sheepdog,wls
0,2,0.222,nan,0.022776909172534943,motion_blur,shetland_sheepdog,wls
0,3,0.333,nan,0.022290930151939392,motion_blur,shetland_sheepdog,wls
0,4,0.444,nan,0.021584361791610718,motion_blur,shetland_sheepdog,wls
0,5,0.555,nan,0.02222755178809166,motion_blur,shetland_sheepdog,wls
0,6,0.666,nan,0.021414821967482567,motion_blur,shetland_sheepdog,wls
0,7,0.777,nan,0.020938580855727196,motion_blur,shetland_sheepdog,wls
0,8,0.888,nan,0.019453078508377075,motion_blur,shetland_sheepdog,wls
0,9,0.999,nan,0.019900349900126457,motion_blur,shetland_sheepdog,wls
1,0,0.0,nan,0.03001135215163231,motion_blur,shetland_sheepdog,wls
1,1,0.111,nan,0.028821483254432678,motion_blur,shetland_sheepdog,wls
1,2,0.222,nan,0.028730226680636406,motion_blur,shetland_sheepdog,wls
1,3,0.333,nan,0.02725595235824585,motion_blur,shetland_sheepdog,wls
1,4,0.444,nan,0.026156898587942123,motion_blur,shetland_sheepdog,wls
1,5,0.555,nan,0.02478589117527008,motion_blur,shetland_sheepdog,wls
1,6,0.666,nan,0.023381568491458893,motion_blur,shetland_sheepdog,wls
1,7,0.777,nan,0.022867141291499138,motion_blur,shetland_sheepdog,wls
1,8,0.888,nan,0.021863102912902832,motion_blur,shetland_sheepdog,wls
1,9,0.999,nan,0.021640470251441002,motion_blur,shetland_sheepdog,wls
2,0,0.0,nan,0.03061676397919655,motion_blur,shetland_sheepdog,wls
2,1,0.111,nan,0.029122790321707726,motion_blur,shetland_sheepdog,wls
2,2,0.222,nan,0.027504077181220055,motion_blur,shetland_sheepdog,wls
2,3,0.333,nan,0.026247508823871613,motion_blur,shetland_sheepdog,wls
2,4,0.444,nan,0.025104455649852753,motion_blur,shetland_sheepdog,wls
2,5,0.555,nan,0.02330753766000271,motion_blur,shetland_sheepdog,wls
2,6,0.666,nan,0.022091520950198174,motion_blur,shetland_sheepdog,wls
2,7,0.777,nan,0.020672421902418137,motion_blur,shetland_sheepdog,wls
2,8,0.888,nan,0.019352490082383156,motion_blur,shetland_sheepdog,wls
2,9,0.999,nan,0.018397245556116104,motion_blur,shetland_sheepdog,wls
3,0,0.0,nan,0.021258234977722168,motion_blur,shetland_sheepdog,wls
3,1,0.111,nan,0.020365174859762192,motion_blur,shetland_sheepdog,wls
3,2,0.222,nan,0.019185656681656837,motion_blur,shetland_sheepdog,wls
3,3,0.333,nan,0.01786235347390175,motion_blur,shetland_sheepdog,wls
3,4,0.444,nan,0.016653375700116158,motion_blur,shetland_sheepdog,wls
3,5,0.555,nan,0.015271350741386414,motion_blur,shetland_sheepdog,wls
3,6,0.666,nan,0.013973298482596874,motion_blur,shetland_sheepdog,wls
3,7,0.777,nan,0.012577040120959282,motion_blur,shetland_sheepdog,wls
3,8,0.888,nan,0.011491212993860245,motion_blur,shetland_sheepdog,wls
3,9,0.999,nan,0.011498960666358471,motion_blur,shetland_sheepdog,wls
0,0,0.0,nan,0.02343345247209072,motion_blur,shetland_sheepdog,model
0,1,0.111,nan,0.022740766406059265,motion_blur,shetland_sheepdog,model
0,2,0.222,nan,0.022777235135436058,motion_blur,shetland_sheepdog,model
0,3,0.333,nan,0.022292200475931168,motion_blur,shetland_sheepdog,model
0,4,0.444,nan,0.021585015580058098,motion_blur,shetland_sheepdog,model
0,5,0.555,nan,0.02221793681383133,motion_blur,shetland_sheepdog,model
0,6,0.666,nan,0.021404441446065903,motion_blur,shetland_sheepdog,model
0,7,0.777,nan,0.02092764340341091,motion_blur,shetland_sheepdog,model
0,8,0.888,nan,0.019435185939073563,motion_blur,shetland_sheepdog,model
0,9,0.999,nan,0.019849492236971855,motion_blur,shetland_sheepdog,model
1,0,0.0,nan,0.029992565512657166,motion_blur,shetland_sheepdog,model
1,1,0.111,nan,0.028797436505556107,motion_blur,shetland_sheepdog,model
1,2,0.222,nan,0.028710704296827316,motion_blur,shetland_sheepdog,model
1,3,0.333,nan,0.027271922677755356,motion_blur,shetland_sheepdog,model
1,4,0.444,nan,0.026117630302906036,motion_blur,shetland_sheepdog,model
1,5,0.555,nan,0.024770233780145645,motion_blur,shetland_sheepdog,model
1,6,0.666,nan,0.023365460336208344,motion_blur,shetland_sheepdog,model
1,7,0.777,nan,0.022807355970144272,motion_blur,shetland_sheepdog,model
1,8,0.888,nan,0.021684587001800537,motion_blur,shetland_sheepdog,model
1,9,0.999,nan,0.021407758817076683,motion_blur,shetland_sheepdog,model
2,0,0.0,nan,0.03079717978835106,motion_blur,shetland_sheepdog,model
2,1,0.111,nan,0.02919548749923706,motion_blur,shetland_sheepdog,model
2,2,0.222,nan,0.027550458908081055,motion_blur,shetland_sheepdog,model
2,3,0.333,nan,0.026280110701918602,motion_blur,shetland_sheepdog,model
2,4,0.444,nan,0.025133078917860985,motion_blur,shetland_sheepdog,model
2,5,0.555,nan,0.023312335833907127,motion_blur,shetland_sheepdog,model
2,6,0.666,nan,0.022076133638620377,motion_blur,shetland_sheepdog,model
2,7,0.777,nan,0.02053654007613659,motion_blur,shetland_sheepdog,model
2,8,0.888,nan,0.01912194862961769,motion_blur,shetland_sheepdog,model
2,9,0.999,nan,0.017676375806331635,motion_blur,shetland_sheepdog,model
3,0,0.0,nan,0.02063499577343464,motion_blur,shetland_sheepdog,model
3,1,0.111,nan,0.0196954645216465,motion_blur,shetland_sheepdog,model
3,2,0.222,nan,0.01846102625131607,motion_blur,shetland_sheepdog,model
3,3,0.333,nan,0.017159102484583855,motion_blur,shetland_sheepdog,model
3,4,0.444,nan,0.01589139923453331,motion_blur,shetland_sheepdog,model
3,5,0.555,nan,0.014432065188884735,motion_blur,shetland_sheepdog,model
3,6,0.666,nan,0.013023944571614265,motion_blur,shetland_sheepdog,model
3,7,0.777,nan,0.011515391990542412,motion_blur,shetland_sheepdog,model
3,8,0.888,nan,0.009991883300244808,motion_blur,shetland_sheepdog,model
3,9,0.999,nan,0.009993142448365688,motion_blur,shetland_sheepdog,model
0,0,0.0,1.0,0.04246709868311882,motion_blur,shetland_sheepdog,alg2
0,1,0.111,0.9722500000000001,0.04230886697769165,motion_blur,shetland_sheepdog,alg2
0,2,0.222,0.9445,0.042885418981313705,motion_blur,shetland_sheepdog,alg2
0,3,0.333,0.9167500000000001,0.041821207851171494,motion_blur,shetland_sheepdog,alg2
0,4,0.444,0.889,0.04277688264846802,motion_blur,shetland_sheepdog,alg2
0,5,0.555,0.86125,0.04311167448759079,motion_blur,shetland_sheepdog,alg2
0,6,0.666,0.8335,0.042423587292432785,motion_blur,shetland_sheepdog,alg2
0,7,0.777,0.80575,0.044153034687042236,motion_blur,shetland_sheepdog,alg2
0,8,0.888,0.778,0.0418817475438118,motion_blur,shetland_sheepdog,alg2
0,9,0.999,0.75025,0.041962116956710815,motion_blur,shetland_sheepdog,alg2
1,0,0.0,0.8571428571428572,0.35723111033439636,motion_blur,shetland_sheepdog,alg2
1,1,0.111,0.8175000000000001,0.2721517086029053,motion_blur,shetland_sheepdog,alg2
1,2,0.222,0.7778571428571429,0.2701184153556824,motion_blur,shetland_sheepdog,alg2
1,3,0.333,0.7382142857142858,0.2713441848754883,motion_blur,shetland_sheepdog,alg2
1,4,0.444,0.6985714285714286,0.2751023471355438,motion_blur,shetland_sheepdog,alg2
1,5,0.555,0.6589285714285714,0.2608526945114136,motion_blur,shetland_sheepdog,alg2
1,6,0.666,0.6192857142857142,0.2525044083595276,motion_blur,shetland_sheepdog,alg2
1,7,0.777,0.5796428571428571,0.25641724467277527,motion_blur,shetland_sheepdog,alg2
1,8,0.888,0.54,0.23392139375209808,motion_blur,shetland_sheepdog,alg2
1,9,0.999,0.5003571428571428,0.23080866038799286,motion_blur,shetland_sheepdog,alg2
2,0,0.0,0.6666666666666667,5.503950119018555,motion_blur,shetland_sheepdog,alg2
2,1,0.111,0.6204166666666668,3.8344240188598633,motion_blur,shetland_sheepdog,alg2
2,2,0.222,0.5741666666666667,3.283869504928589,motion_blur,shetland_sheepdog,alg2
2,3,0.333,0.5279166666666668,2.573406934738159,motion_blur,shetland_sheepdog,alg2
2,4,0.444,0.48166666666666674,1.9946378469467163,motion_blur,shetland_sheepdog,alg2
2,5,0.555,0.4354166666666667,1.5520706176757812,motion_blur,shetland_sheepdog,alg2
2,6,0.666,0.38916666666666666,1.218144416809082,motion_blur,shetland_sheepdog,alg2
2,7,0.777,0.34291666666666665,0.9809855222702026,motion_blur,shetland_sheepdog,alg2
2,8,0.888,0.2966666666666667,0.7826576232910156,motion_blur,shetland_sheepdog,alg2
2,9,0.999,0.2504166666666667,0.6434345245361328,motion_blur,shetland_sheepdog,alg2
3,0,0.0,0.3999999999999999,1.1836320161819458,motion_blur,shetland_sheepdog,alg2
3,1,0.111,0.3555999999999999,1.0206825733184814,motion_blur,shetland_sheepdog,alg2
3,2,0.222,0.3111999999999999,0.9144344329833984,motion_blur,shetland_sheepdog,alg2
3,3,0.333,0.2668,0.8382420539855957,motion_blur,shetland_sheepdog,alg2
3,4,0.444,0.22239999999999996,0.7867554426193237,motion_blur,shetland_sheepdog,alg2
3,5,0.555,0.17799999999999994,0.7588667869567871,motion_blur,shetland_sheepdog,alg2
3,6,0.666,0.13359999999999997,0.7501629590988159,motion_blur,shetland_sheepdog,alg2
3,7,0.777,0.08919999999999997,0.7480872869491577,motion_blur,shetland_sheepdog,alg2
3,8,0.888,0.044799999999999986,0.749799907207489,motion_blur,shetland_sheepdog,alg2
3,9,0.999,0.0004000000000000003,0.749799907207489,motion_blur,shetland_sheepdog,alg2
0,0,0.0,nan,3.0569190979003906,superresolution,breastplate_armor,wls
0,1,0.111,nan,3.7217888832092285,superresolution,breastplate_armor,wls
0,2,0.222,nan,5.122183799743652,superresolution,breastplate_armor,wls
0,3,0.333,nan,8.143176078796387,superresolution,breastplate_armor,wls
0,4,0.444,nan,13.469717979431152,superresolution,breastplate_armor,wls
0,5,0.555,nan,39.98530578613281,superresolution,breastplate_armor,wls
0,6,0.666,nan,123.38421630859375,superresolution,breastplate_armor,wls
0,7,0.777,nan,424.10687255859375,superresolution,breastplate_armor,wls
0,8,0.888,nan,1804.221923828125,superresolution,breastplate_armor,wls
0,9,0.999,nan,10113.1640625,superresolution,breastplate_armor,wls
1,0,0.0,nan,1879.838623046875,superresolution,breastplate_armor,wls
1,1,0.111,nan,2911.21044921875,superresolution,breastplate_armor,wls
1,2,0.222,nan,5028.9677734375,superresolution,breastplate_armor,wls
1,3,0.333,nan,9743.392578125,superresolution,breastplate_armor,wls
1,4,0.444,nan,21328.25,superresolution,breastplate_armor,wls
1,5,0.555,nan,53032.8515625,superresolution,breastplate_armor,wls
1,6,0.666,nan,150471.9375,superresolution,breastplate_armor,wls
1,7,0.777,nan,488866.34375,superresolution,breastplate_armor,wls
1,8,0.888,nan,1824055.375,superresolution,breastplate_armor,wls
1,9,0.999,nan,7834579.0,superresolution,breastplate_armor,wls
2,0,0.0,nan,3227162.0,superresolution,breastplate_armor,wls
2,1,0.111,nan,4524829.5,superresolution,breastplate_armor,wls
2,2,0.222,nan,6653511.0,superresolution,breastplate_armor,wls
2,3,0.333,nan,10247286.0,superresolution,breastplate_armor,wls
2,4,0.444,nan,16486799.0,superresolution,breastplate_armor,wls
2,5,0.555,nan,27598374.0,superresolution,breastplate_armor,wls
2,6,0.666,nan,47808044.0,superresolution,breastplate_armor,wls
2,7,0.777,nan,85128880.0,superresolution,breastplate_armor,wls
2,8,0.888,nan,154601552.0,superresolution,breastplate_armor,wls
2,9,0.999,nan,283900416.0,superresolution,breastplate_armor,wls
3,0,0.0,nan,153215456.0,superresolution,breastplate_armor,wls
3,1,0.111,nan,152229616.0,superresolution,breastplate_armor,wls
3,2,0.222,nan,151367296.0,superresolution,breastplate_armor,wls
3,3,0.333,nan,150602688.0,superresolution,breastplate_armor,wls
3,4,0.444,nan,149900800.0,superresolution,breastplate_armor,wls
3,5,0.555,nan,149222560.0,superresolution,breastplate_armor,wls
3,6,0.666,nan,148527360.0,superresolution,breastplate_armor,wls
3,7,0.777,nan,147780720.0,superresolution,breastplate_armor,wls
3,8,0.888,nan,147009856.0,superresolution,breastplate_armor,wls
3,9,0.999,nan,147009152.0,superresolution,breastplate_armor,wls
0,0,0.0,nan,0.03612753748893738,superresolution,breastplate_armor,model
0,1,0.111,nan,0.03839059919118881,superresolution,breastplate_armor,model
0,2,0.222,nan,0.028115518391132355,superresolution,breastplate_armor,model
0,3,0.333,nan,0.015090586617588997,superresolution,breastplate_armor,model
0,4,0.444,nan,0.00896913930773735,superresolution,breastplate_armor,model
0,5,0.555,nan,0.006444928236305714,superresolution,breastplate_armor,model
0,6,0.666,nan,0.005276276730000973,superresolution,breastplate_armor,model
0,7,0.777,nan,0.004469216801226139,superresolution,breastplate_armor,model
0,8,0.888,nan,0.003750614821910858,superresolution,breastplate_armor,model
0,9,0.999,nan,0.00306493416428566,superresolution,breastplate_armor,model
1,0,0.0,nan,0.010819397866725922,superresolution,breastplate_armor,model
1,1,0.111,nan,0.00959712639451027,superresolution,breastplate_armor,model
1,2,0.222,nan,0.00884098932147026,superresolution,breastplate_armor,model
1,3,0.333,nan,0.00853568222373724,superresolution,breastplate_armor,model
1,4,0.444,nan,0.007618939038366079,superresolution,breastplate_armor,model
1,5,0.555,nan,0.007501635700464249,superresolution,breastplate_armor,model
1,6,0.666,nan,0.00719411438331008,superresolution,breastplate_armor,model
1,7,0.777,nan,0.006468541920185089,superresolution,breastplate_armor,model
1,8,0.888,nan,0.00583186000585556,superresolution,breastplate_armor,model
1,9,0.999,nan,0.005454026162624359,superresolution,breastplate_armor,model
2,0,0.0,nan,0.01389671117067337,superresolution,breastplate_armor,model
2,1,0.111,nan,0.014591269195079803,superresolution,breastplate_armor,model
2,2,0.222,nan,0.014151744544506073,superresolution,breastplate_armor,model
2,3,0.333,nan,0.013819627463817596,superresolution,breastplate_armor,model
2,4,0.444,nan,0.013927862048149109,superresolution,breastplate_armor,model
2,5,0.555,nan,0.014042641036212444,superresolution,breastplate_armor,model
2,6,0.666,nan,0.014385822229087353,superresolution,breastplate_armor,model
2,7,0.777,nan,0.014645318500697613,superresolution,breastplate_armor,model
2,8,0.888,nan,0.014895103871822357,superresolution,breastplate_armor,model
2,9,0.999,nan,0.01530744880437851,superresolution,breastplate_armor,model
3,0,0.0,nan,0.022454185411334038,superresolution,breastplate_armor,model
3,1,0.111,nan,0.022944409400224686,superresolution,breastplate_armor,model
3,2,0.222,nan,0.023586159572005272,superresolution,breastplate_armor,model
3,3,0.333,nan,0.02404167316854,superresolution,breastplate_armor,model
3,4,0.444,nan,0.024305619299411774,superresolution,breastplate_armor,model
3,5,0.555,nan,0.024425670504570007,superresolution,breastplate_armor,model
3,6,0.666,nan,0.02444847673177719,superresolution,breastplate_armor,model
3,7,0.777,nan,0.024431778118014336,superresolution,breastplate_armor,model
3,8,0.888,nan,0.02430102229118347,superresolution,breastplate_armor,model
3,9,0.999,nan,0.024297749623656273,superresolution,breastplate_armor,model
0,0,0.0,1.0,0.007806035690009594,superresolution,breastplate_armor,alg2
0,1,0.111,0.9722500000000001,0.007994171231985092,superresolution,breastplate_armor,alg2
0,2,0.222,0.9445,0.007825546897947788,superresolution,breastplate_armor,alg2
0,3,0.333,0.9167500000000001,0.00767846405506134,superresolution,breastplate_armor,alg2
0,4,0.444,0.889,0.007693696767091751,superresolution,breastplate_armor,alg2
0,5,0.555,0.86125,0.007603583391755819,superresolution,breastplate_armor,alg2
0,6,0.666,0.8335,0.007637903094291687,superresolution,breastplate_armor,alg2
0,7,0.777,0.80575,0.00798601470887661,superresolution,breastplate_armor,alg2
0,8,0.888,0.778,0.007720145862549543,superresolution,breastplate_armor,alg2
0,9,0.999,0.75025,0.00774944294244051,superresolution,breastplate_armor,alg2
1,0,0.0,0.8571428571428572,0.037126827985048294,superresolution,breastplate_armor,alg2
1,1,0.111,0.8175000000000001,0.03658352792263031,superresolution,breastplate_armor,alg2
1,2,0.222,0.7778571428571429,0.036900170147418976,superresolution,breastplate_armor,alg2
1,3,0.333,0.7382142857142858,0.03624897822737694,superresolution,breastplate_armor,alg2
1,4,0.444,0.6985714285714286,0.03544298931956291,superresolution,breastplate_armor,alg2
1,5,0.555,0.6589285714285714,0.03545931726694107,superresolution,breastplate_armor,alg2
1,6,0.666,0.6192857142857142,0.03609513118863106,superresolution,breastplate_armor,alg2
1,7,0.777,0.5796428571428571,0.03605174273252487,superresolution,breastplate_armor,alg2
1,8,0.888,0.54,0.035929203033447266,superresolution,breastplate_armor,alg2
1,9,0.999,0.5003571428571428,0.03671197593212128,superresolution,breastplate_armor,alg2
2,0,0.0,0.6666666666666667,32.86746597290039,superresolution,breastplate_armor,alg2
2,1,0.111,0.6204166666666668,70.26726531982422,superresolution,breastplate_armor,alg2
2,2,0.222,0.5741666666666667,32.40244674682617,superresolution,breastplate_armor,alg2
2,3,0.333,0.5279166666666668,15.652522087097168,superresolution,breastplate_armor,alg2
2,4,0.444,0.48166666666666674,8.025752067565918,superresolution,breastplate_armor,alg2
2,5,0.555,0.4354166666666667,4.401528358459473,superresolution,breastplate_armor,alg2
2,6,0.666,0.38916666666666666,2.677560806274414,superresolution,breastplate_armor,alg2
2,7,0.777,0.34291666666666665,1.7350553274154663,superresolution,breastplate_armor,alg2
2,8,0.888,0.2966666666666667,1.2091115713119507,superresolution,breastplate_armor,alg2
2,9,0.999,0.2504166666666667,0.9017102122306824,superresolution,breastplate_armor,alg2
3,0,0.0,0.3999999999999999,1.5834474563598633,superresolution,breastplate_armor,alg2
3,1,0.111,0.3555999999999999,1.3094048500061035,superresolution,breastplate_armor,alg2
3,2,0.222,0.3111999999999999,1.1149284839630127,superresolution,breastplate_armor,alg2
3,3,0.333,0.2668,0.9733718633651733,superresolution,breastplate_armor,alg2
3,4,0.444,0.22239999999999996,0.8802406191825867,superresolution,breastplate_armor,alg2
3,5,0.555,0.17799999999999994,0.8237716555595398,superresolution,breastplate_armor,alg2
3,6,0.666,0.13359999999999997,0.7943515777587891,superresolution,breastplate_armor,alg2
3,7,0.777,0.08919999999999997,0.7807757258415222,superresolution,breastplate_armor,alg2
3,8,0.888,0.044799999999999986,0.7775995135307312,superresolution,breastplate_armor,alg2
3,9,0.999,0.0004000000000000003,0.7775995135307312,superresolution,breastplate_armor,alg2
0,0,0.0,nan,3.056626319885254,superresolution,crane_structure,wls
0,1,0.111,nan,3.7184531688690186,superresolution,crane_structure,wls
0,2,0.222,nan,5.11649227142334,superresolution,crane_structure,wls
0,3,0.333,nan,8.112663269042969,superresolution,crane_structure,wls
0,4,0.444,nan,13.659231185913086,superresolution,crane_structure,wls
0,5,0.555,nan,39.566322326660156,superresolution,crane_structure,wls
0,6,0.666,nan,123.88113403320312,superresolution,crane_structure,wls
0,7,0.777,nan,428.3540954589844,superresolution,crane_structure,wls
0,8,0.888,nan,1825.7620849609375,superresolution,crane_structure,wls
0,9,0.999,nan,10247.6064453125,superresolution,crane_structure,wls
1,0,0.0,nan,1901.707275390625,superresolution,crane_structure,wls
1,1,0.111,nan,2948.19921875,superresolution,crane_structure,wls
1,2,0.222,nan,5097.43212890625,superresolution,crane_structure,wls
1,3,0.333,nan,9882.310546875,superresolution,crane_structure,wls
1,4,0.444,nan,21639.625,superresolution,crane_structure,wls
1,5,0.555,nan,53810.984375,superresolution,crane_structure,wls
1,6,0.666,nan,152664.90625,superresolution,crane_structure,wls
1,7,0.777,nan,495915.6875,superresolution,crane_structure,wls
1,8,0.888,nan,1850127.375,superresolution,crane_structure,wls
1,9,0.999,nan,7946199.0,superresolution,crane_structure,wls
2,0,0.0,nan,3273272.0,superresolution,crane_structure,wls
2,1,0.111,nan,4589481.0,superresolution,crane_structure,wls
2,2,0.222,nan,6748591.0,superresolution,crane_structure,wls
2,3,0.333,nan,10393783.0,superresolution,crane_structure,wls
2,4,0.444,nan,16722632.0,superresolution,crane_structure,wls
2,5,0.555,nan,27993472.0,superresolution,crane_structure,wls
2,6,0.666,nan,48493144.0,superresolution,crane_structure,wls
2,7,0.777,nan,86350208.0,superresolution,crane_structure,wls
2,8,0.888,nan,156822256.0,superresolution,crane_structure,wls
2,9,0.999,nan,287982912.0,superresolution,crane_structure,wls
3,0,0.0,nan,155419536.0,superresolution,crane_structure,wls
3,1,0.111,nan,154419680.0,superresolution,crane_structure,wls
3,2,0.222,nan,153545152.0,superresolution,crane_structure,wls
3,3,0.333,nan,152769712.0,superresolution,crane_structure,wls
3,4,0.444,nan,152057872.0,superresolution,crane_structure,wls
3,5,0.555,nan,151370048.0,superresolution,crane_structure,wls
3,6,0.666,nan,150664992.0,superresolution,crane_structure,wls
3,7,0.777,nan,149907648.0,superresolution,crane_structure,wls
3,8,0.888,nan,149125760.0,superresolution,crane_structure,wls
3,9,0.999,nan,149125040.0,superresolution,crane_structure,wls
0,0,0.0,nan,0.041182320564985275,superresolution,crane_structure,model
0,1,0.111,nan,0.04202422499656677,superresolution,crane_structure,model
0,2,0.222,nan,0.035319339483976364,superresolution,crane_structure,model
0,3,0.333,nan,0.022879375144839287,superresolution,crane_structure,model
0,4,0.444,nan,0.011533470824360847,superresolution,crane_structure,model
0,5,0.555,nan,0.008820287883281708,superresolution,crane_structure,model
0,6,0.666,nan,0.005794445984065533,superresolution,crane_structure,model
0,7,0.777,nan,0.00502102542668581,superresolution,crane_structure,model
0,8,0.888,nan,0.005523247644305229,superresolution,crane_structure,model
0,9,0.999,nan,0.004787861835211515,superresolution,crane_structure,model
1,0,0.0,nan,0.025877540931105614,superresolution,crane_structure,model
1,1,0.111,nan,0.025997420772910118,superresolution,crane_structure,model
1,2,0.222,nan,0.023032700642943382,superresolution,crane_structure,model
1,3,0.333,nan,0.021261272951960564,superresolution,crane_structure,model
1,4,0.444,nan,0.02198450267314911,superresolution,crane_structure,model
1,5,0.555,nan,0.022162050008773804,superresolution,crane_structure,model
1,6,0.666,nan,0.020408283919095993,superresolution,crane_structure,model
1,7,0.777,nan,0.018518954515457153,superresolution,crane_structure,model
1,8,0.888,nan,0.016185199841856956,superresolution,crane_structure,model
1,9,0.999,nan,0.01647367887198925,superresolution,crane_structure,model
2,0,0.0,nan,0.04429401457309723,superresolution,crane_structure,model
2,1,0.111,nan,0.047475527971982956,superresolution,crane_structure,model
2,2,0.222,nan,0.04661332815885544,superresolution,crane_structure,model
2,3,0.333,nan,0.04528524726629257,superresolution,crane_structure,model
2,4,0.444,nan,0.04435279220342636,superresolution,crane_structure,model
2,5,0.555,nan,0.04381256923079491,superresolution,crane_structure,model
2,6,0.666,nan,0.044159114360809326,superresolution,crane_structure,model
2,7,0.777,nan,0.045981358736753464,superresolution,crane_structure,model
2,8,0.888,nan,0.04792861267924309,superresolution,crane_structure,model
2,9,0.999,nan,0.050678543746471405,superresolution,crane_structure,model
3,0,0.0,nan,0.06609662622213364,superresolution,crane_structure,model
3,1,0.111,nan,0.06678485870361328,superresolution,crane_structure,model
3,2,0.222,nan,0.06802624464035034,superresolution,crane_structure,model
3,3,0.333,nan,0.0691562071442604,superresolution,crane_structure,model
3,4,0.444,nan,0.07019191980361938,superresolution,crane_structure,model
3,5,0.555,nan,0.07096374034881592,superresolution,crane_structure,model
3,6,0.666,nan,0.0715063065290451,superresolution,crane_structure,model
3,7,0.777,nan,0.07176703214645386,superresolution,crane_structure,model
3,8,0.888,nan,0.07184510678052902,superresolution,crane_structure,model
3,9,0.999,nan,0.07184363901615143,superresolution,crane_structure,model
0,0,0.0,1.0,0.01953684352338314,superresolution,crane_structure,alg2
0,1,0.111,0.9722500000000001,0.019428983330726624,superresolution,crane_structure,alg2
0,2,0.222,0.9445,0.019397659227252007,superresolution,crane_structure,alg2
0,3,0.333,0.9167500000000001,0.019278964027762413,superresolution,crane_structure,alg2
0,4,0.444,0.889,0.01877133548259735,superresolution,crane_structure,alg2
0,5,0.555,0.86125,0.019077954813838005,superresolution,crane_structure,alg2
0,6,0.666,0.8335,0.019218284636735916,superresolution,crane_structure,alg2
0,7,0.777,0.80575,0.019382013007998466,superresolution,crane_structure,alg2
0,8,0.888,0.778,0.019510099664330482,superresolution,crane_structure,alg2
0,9,0.999,0.75025,0.019567884504795074,superresolution,crane_structure,alg2
1,0,0.0,0.8571428571428572,0.06255318224430084,superresolution,crane_structure,alg2
1,1,0.111,0.8175000000000001,0.06331247091293335,superresolution,crane_structure,alg2
1,2,0.222,0.7778571428571429,0.06338206678628922,superresolution,crane_structure,alg2
1,3,0.333,0.7382142857142858,0.061819009482860565,superresolution,crane_structure,alg2
1,4,0.444,0.6985714285714286,0.06097966432571411,superresolution,crane_structure,alg2
1,5,0.555,0.6589285714285714,0.06089688837528229,superresolution,crane_structure,alg2
1,6,0.666,0.6192857142857142,0.06153872609138489,superresolution,crane_structure,alg2
1,7,0.777,0.5796428571428571,0.06165384501218796,superresolution,crane_structure,alg2
1,8,0.888,0.54,0.060489945113658905,superresolution,crane_structure,alg2
1,9,0.999,0.5003571428571428,0.06063751131296158,superresolution,crane_structure,alg2
2,0,0.0,0.6666666666666667,32.65039825439453,superresolution,crane_structure,alg2
2,1,0.111,0.6204166666666668,70.34537506103516,superresolution,crane_structure,alg2
2,2,0.222,0.5741666666666667,32.39496994018555,superresolution,crane_structure,alg2
2,3,0.333,0.5279166666666668,15.658197402954102,superresolution,crane_structure,alg2
2,4,0.444,0.48166666666666674,8.048219680786133,superresolution,crane_structure,alg2
2,5,0.555,0.4354166666666667,4.442025184631348,superresolution,crane_structure,alg2
2,6,0.666,0.38916666666666666,2.7126309871673584,superresolution,crane_structure,alg2
2,7,0.777,0.34291666666666665,1.7629790306091309,superresolution,crane_structure,alg2
2,8,0.888,0.2966666666666667,1.229582667350769,superresolution,crane_structure,alg2
2,9,0.999,0.2504166666666667,0.9159336090087891,superresolution,crane_structure,alg2
3,0,0.0,0.3999999999999999,1.6024678945541382,superresolution,crane_structure,alg2
3,1,0.111,0.3555999999999999,1.3308415412902832,superresolution,crane_structure,alg2
3,2,0.222,0.3111999999999999,1.1420994997024536,superresolution,crane_structure,alg2
3,3,0.333,0.2668,1.0074881315231323,superresolution,crane_structure,alg2
3,4,0.444,0.22239999999999996,0.9217365980148315,superresolution,crane_structure,alg2
3,5,0.555,0.17799999999999994,0.8726667761802673,superresolution,crane_structure,alg2
3,6,0.666,0.13359999999999997,0.849575936794281,superresolution,crane_structure,alg2
3,7,0.777,0.08919999999999997,0.8395172953605652,superresolution,crane_structure,alg2
3,8,0.888,0.044799999999999986,0.8377344012260437,superresolution,crane_structure,alg2
3,9,0.999,0.0004000000000000003,0.8377344012260437,superresolution,crane_structure,alg2
0,0,0.0,nan,3.0421557426452637,superresolution,ibex_horns,wls
0,1,0.111,nan,3.7058186531066895,superresolution,ibex_horns,wls
0,2,0.222,nan,5.11237096786499,superresolution,ibex_horns,wls
0,3,0.333,nan,8.107349395751953,superresolution,ibex_horns,wls
0,4,0.444,nan,13.539590835571289,superresolution,ibex_horns,wls
0,5,0.555,nan,39.87009048461914,superresolution,ibex_horns,wls
0,6,0.666,nan,123.7666015625,superresolution,ibex_horns,wls
0,7,0.777,nan,426.3226318359375,superresolution,ibex_horns,wls
0,8,0.888,nan,1815.25244140625,superresolution,ibex_horns,wls
0,9,0.999,nan,10181.04296875,superresolution,ibex_horns,wls
1,0,0.0,nan,1890.578125,superresolution,ibex_horns,wls
1,1,0.111,nan,2928.986083984375,superresolution,ibex_horns,wls
1,2,0.222,nan,5062.10693359375,superresolution,ibex_horns,wls
1,3,0.333,nan,9810.9091796875,superresolution,ibex_horns,wls
1,4,0.444,nan,21479.91015625,superresolution,ibex_horns,wls
1,5,0.555,nan,53413.1484375,superresolution,ibex_horns,wls
1,6,0.666,nan,151549.703125,superresolution,ibex_horns,wls
1,7,0.777,nan,492350.1875,superresolution,ibex_horns,wls
1,8,0.888,nan,1836966.0,superresolution,ibex_horns,wls
1,9,0.999,nan,7889812.0,superresolution,ibex_horns,wls
2,0,0.0,nan,3249852.5,superresolution,ibex_horns,wls
2,1,0.111,nan,4556678.0,superresolution,ibex_horns,wls
2,2,0.222,nan,6700383.0,superresolution,ibex_horns,wls
2,3,0.333,nan,10319534.0,superresolution,ibex_horns,wls
2,4,0.444,nan,16603118.0,superresolution,ibex_horns,wls
2,5,0.555,nan,27793212.0,superresolution,ibex_horns,wls
2,6,0.666,nan,48145760.0,superresolution,ibex_horns,wls
2,7,0.777,nan,85730656.0,superresolution,ibex_horns,wls
2,8,0.888,nan,155695152.0,superresolution,ibex_horns,wls
2,9,0.999,nan,285909760.0,superresolution,ibex_horns,wls
3,0,0.0,nan,154299456.0,superresolution,ibex_horns,wls
3,1,0.111,nan,153306720.0,superresolution,ibex_horns,wls
3,2,0.222,nan,152438320.0,superresolution,ibex_horns,wls
3,3,0.333,nan,151668320.0,superresolution,ibex_horns,wls
3,4,0.444,nan,150961440.0,superresolution,ibex_horns,wls
3,5,0.555,nan,150278400.0,superresolution,ibex_horns,wls
3,6,0.666,nan,149578288.0,superresolution,ibex_horns,wls
3,7,0.777,nan,148826352.0,superresolution,ibex_horns,wls
3,8,0.888,nan,148050032.0,superresolution,ibex_horns,wls
3,9,0.999,nan,148049312.0,superresolution,ibex_horns,wls
0,0,0.0,nan,0.018807141110301018,superresolution,ibex_horns,model
0,1,0.111,nan,0.018440820276737213,superresolution,ibex_horns,model
0,2,0.222,nan,0.01997068151831627,superresolution,ibex_horns,model
0,3,0.333,nan,0.019520824775099754,superresolution,ibex_horns,model
0,4,0.444,nan,0.016393326222896576,superresolution,ibex_horns,model
0,5,0.555,nan,0.013914371840655804,superresolution,ibex_horns,model
0,6,0.666,nan,0.011498543433845043,superresolution,ibex_horns,model
0,7,0.777,nan,0.009171204641461372,superresolution,ibex_horns,model
0,8,0.888,nan,0.007466187234967947,superresolution,ibex_horns,model
0,9,0.999,nan,0.006449736189097166,superresolution,ibex_horns,model
1,0,0.0,nan,0.03487886115908623,superresolution,ibex_horns,model
1,1,0.111,nan,0.03827979788184166,superresolution,ibex_horns,model
1,2,0.222,nan,0.03372914716601372,superresolution,ibex_horns,model
1,3,0.333,nan,0.02640213631093502,superresolution,ibex_horns,model
1,4,0.444,nan,0.0226652380079031,superresolution,ibex_horns,model
1,5,0.555,nan,0.01918403059244156,superresolution,ibex_horns,model
1,6,0.666,nan,0.017002616077661514,superresolution,ibex_horns,model
1,7,0.777,nan,0.015554990619421005,superresolution,ibex_horns,model
1,8,0.888,nan,0.014715831726789474,superresolution,ibex_horns,model
1,9,0.999,nan,0.01525184791535139,superresolution,ibex_horns,model
2,0,0.0,nan,0.032262787222862244,superresolution,ibex_horns,model
2,1,0.111,nan,0.033158011734485626,superresolution,ibex_horns,model
2,2,0.222,nan,0.032766520977020264,superresolution,ibex_horns,model
2,3,0.333,nan,0.031016390770673752,superresolution,ibex_horns,model
2,4,0.444,nan,0.030291445553302765,superresolution,ibex_horns,model
2,5,0.555,nan,0.02985602244734764,superresolution,ibex_horns,model
2,6,0.666,nan,0.029539000242948532,superresolution,ibex_horns,model
2,7,0.777,nan,0.02985323965549469,superresolution,ibex_horns,model
2,8,0.888,nan,0.030551014468073845,superresolution,ibex_horns,model
2,9,0.999,nan,0.0315404012799263,superresolution,ibex_horns,model
3,0,0.0,nan,0.041587356477975845,superresolution,ibex_horns,model
3,1,0.111,nan,0.04196660965681076,superresolution,ibex_horns,model
3,2,0.222,nan,0.0424514040350914,superresolution,ibex_horns,model
3,3,0.333,nan,0.04273071140050888,superresolution,ibex_horns,model
3,4,0.444,nan,0.04320283979177475,superresolution,ibex_horns,model
3,5,0.555,nan,0.04350988194346428,superresolution,ibex_horns,model
3,6,0.666,nan,0.04372493550181389,superresolution,ibex_horns,model
3,7,0.777,nan,0.043869055807590485,superresolution,ibex_horns,model
3,8,0.888,nan,0.04388310760259628,superresolution,ibex_horns,model
3,9,0.999,nan,0.04388163611292839,superresolution,ibex_horns,model
0,0,0.0,1.0,0.027260785922408104,superresolution,ibex_horns,alg2
0,1,0.111,0.9722500000000001,0.027529945597052574,superresolution,ibex_horns,alg2
0,2,0.222,0.9445,0.02758113667368889,superresolution,ibex_horns,alg2
0,3,0.333,0.9167500000000001,0.02783125452697277,superresolution,ibex_horns,alg2
0,4,0.444,0.889,0.02713097631931305,superresolution,ibex_horns,alg2
0,5,0.555,0.86125,0.026743827387690544,superresolution,ibex_horns,alg2
0,6,0.666,0.8335,0.0271841399371624,superresolution,ibex_horns,alg2
0,7,0.777,0.80575,0.027710221707820892,superresolution,ibex_horns,alg2
0,8,0.888,0.778,0.02766980044543743,superresolution,ibex_horns,alg2
0,9,0.999,0.75025,0.028227731585502625,superresolution,ibex_horns,alg2
1,0,0.0,0.8571428571428572,0.049188919365406036,superresolution,ibex_horns,alg2
1,1,0.111,0.8175000000000001,0.04920278489589691,superresolution,ibex_horns,alg2
1,2,0.222,0.7778571428571429,0.0491507351398468,superresolution,ibex_horns,alg2
1,3,0.333,0.7382142857142858,0.04868851229548454,superresolution,ibex_horns,alg2
1,4,0.444,0.6985714285714286,0.04781242832541466,superresolution,ibex_horns,alg2
1,5,0.555,0.6589285714285714,0.0474402979016304,superresolution,ibex_horns,alg2
1,6,0.666,0.6192857142857142,0.04860988259315491,superresolution,ibex_horns,alg2
1,7,0.777,0.5796428571428571,0.04783448204398155,superresolution,ibex_horns,alg2
1,8,0.888,0.54,0.04825758934020996,superresolution,ibex_horns,alg2
1,9,0.999,0.5003571428571428,0.048028528690338135,superresolution,ibex_horns,alg2
2,0,0.0,0.6666666666666667,33.531097412109375,superresolution,ibex_horns,alg2
2,1,0.111,0.6204166666666668,70.91580200195312,superresolution,ibex_horns,alg2
2,2,0.222,0.5741666666666667,32.600494384765625,superresolution,ibex_horns,alg2
2,3,0.333,0.5279166666666668,15.721708297729492,superresolution,ibex_horns,alg2
2,4,0.444,0.48166666666666674,8.059146881103516,superresolution,ibex_horns,alg2
2,5,0.555,0.4354166666666667,4.4289140701293945,superresolution,ibex_horns,alg2
2,6,0.666,0.38916666666666666,2.7058358192443848,superresolution,ibex_horns,alg2
2,7,0.777,0.34291666666666665,1.7628207206726074,superresolution,ibex_horns,alg2
2,8,0.888,0.2966666666666667,1.2378685474395752,superresolution,ibex_horns,alg2
2,9,0.999,0.2504166666666667,0.9368953108787537,superresolution,ibex_horns,alg2
3,0,0.0,0.3999999999999999,1.6322354078292847,superresolution,ibex_horns,alg2
3,1,0.111,0.3555999999999999,1.3719090223312378,superresolution,ibex_horns,alg2
3,2,0.222,0.3111999999999999,1.1911625862121582,superresolution,ibex_horns,alg2
3,3,0.333,0.2668,1.0576367378234863,superresolution,ibex_horns,alg2
3,4,0.444,0.22239999999999996,0.9678380489349365,superresolution,ibex_horns,alg2
3,5,0.555,0.17799999999999994,0.9131526350975037,superresolution,ibex_horns,alg2
3,6,0.666,0.13359999999999997,0.8880550265312195,superresolution,ibex_horns,alg2
3,7,0.777,0.08919999999999997,0.878518283367157,superresolution,ibex_horns,alg2
3,8,0.888,0.044799999999999986,0.8774141073226929,superresolution,ibex_horns,alg2
3,9,0.999,0.0004000000000000003,0.8774141073226929,superresolution,ibex_horns,alg2
0,0,0.0,nan,3.0298495292663574,superresolution,junco,wls
0,1,0.111,nan,3.6940646171569824,superresolution,junco,wls
0,2,0.222,nan,5.104236602783203,superresolution,junco,wls
0,3,0.333,nan,8.063203811645508,superresolution,junco,wls
0,4,0.444,nan,13.099576950073242,superresolution,junco,wls
0,5,0.555,nan,40.0782585144043,superresolution,junco,wls
0,6,0.666,nan,122.55940246582031,superresolution,junco,wls
0,7,0.777,nan,419.9354248046875,superresolution,junco,wls
0,8,0.888,nan,1783.0947265625,superresolution,junco,wls
0,9,0.999,nan,9983.6357421875,superresolution,junco,wls
1,0,0.0,nan,1855.0296630859375,superresolution,junco,wls
1,1,0.111,nan,2872.69921875,superresolution,junco,wls
1,2,0.222,nan,4963.5244140625,superresolution,junco,wls
1,3,0.333,nan,9618.19140625,superresolution,junco,wls
1,4,0.444,nan,21056.29296875,superresolution,junco,wls
1,5,0.555,nan,52359.9609375,superresolution,junco,wls
1,6,0.666,nan,148570.546875,superresolution,junco,wls
1,7,0.777,nan,482714.6875,superresolution,junco,wls
1,8,0.888,nan,1801187.75,superresolution,junco,wls
1,9,0.999,nan,7736877.0,superresolution,junco,wls
2,0,0.0,nan,3186891.5,superresolution,junco,wls
2,1,0.111,nan,4468453.0,superresolution,junco,wls
2,2,0.222,nan,6570728.0,superresolution,junco,wls
2,3,0.333,nan,10119962.0,superresolution,junco,wls
2,4,0.444,nan,16282262.0,superresolution,junco,wls
2,5,0.555,nan,27256556.0,superresolution,junco,wls
2,6,0.666,nan,47216952.0,superresolution,junco,wls
2,7,0.777,nan,84078288.0,superresolution,junco,wls
2,8,0.888,nan,152696880.0,superresolution,junco,wls
2,9,0.999,nan,280408128.0,superresolution,junco,wls
3,0,0.0,nan,151330176.0,superresolution,junco,wls
3,1,0.111,nan,150356784.0,superresolution,junco,wls
3,2,0.222,nan,149505280.0,superresolution,junco,wls
3,3,0.333,nan,148750208.0,superresolution,junco,wls
3,4,0.444,nan,148057056.0,superresolution,junco,wls
3,5,0.555,nan,147387248.0,superresolution,junco,wls
3,6,0.666,nan,146700704.0,superresolution,junco,wls
3,7,0.777,nan,145963264.0,superresolution,junco,wls
3,8,0.888,nan,145201920.0,superresolution,junco,wls
3,9,0.999,nan,145201216.0,superresolution,junco,wls
0,0,0.0,nan,0.0069558448158204556,superresolution,junco,model
0,1,0.111,nan,0.008652633056044579,superresolution,junco,model
0,2,0.222,nan,0.009847665205597878,superresolution,junco,model
0,3,0.333,nan,0.009645944461226463,superresolution,junco,model
0,4,0.444,nan,0.007403704337775707,superresolution,junco,model
0,5,0.555,nan,0.006126114167273045,superresolution,junco,model
0,6,0.666,nan,0.005413917358964682,superresolution,junco,model
0,7,0.777,nan,0.004802045878022909,superresolution,junco,model
0,8,0.888,nan,0.004295188467949629,superresolution,junco,model
0,9,0.999,nan,0.0036244713701307774,superresolution,junco,model
1,0,0.0,nan,0.01600520871579647,superresolution,junco,model
1,1,0.111,nan,0.014740179292857647,superresolution,junco,model
1,2,0.222,nan,0.013349759392440319,superresolution,junco,model
1,3,0.333,nan,0.014113761484622955,superresolution,junco,model
1,4,0.444,nan,0.011582141742110252,superresolution,junco,model
1,5,0.555,nan,0.009049767628312111,superresolution,junco,model
1,6,0.666,nan,0.007689035497605801,superresolution,junco,model
1,7,0.777,nan,0.007216932252049446,superresolution,junco,model
1,8,0.888,nan,0.005465037189424038,superresolution,junco,model
1,9,0.999,nan,0.005198923870921135,superresolution,junco,model
2,0,0.0,nan,0.010017218068242073,superresolution,junco,model
2,1,0.111,nan,0.010704594664275646,superresolution,junco,model
2,2,0.222,nan,0.010262038558721542,superresolution,junco,model
2,3,0.333,nan,0.009793194942176342,superresolution,junco,model
2,4,0.444,nan,0.009402681142091751,superresolution,junco,model
2,5,0.555,nan,0.009240887127816677,superresolution,junco,model
2,6,0.666,nan,0.00916359480470419,superresolution,junco,model
2,7,0.777,nan,0.009028283879160881,superresolution,junco,model
2,8,0.888,nan,0.009052894078195095,superresolution,junco,model
2,9,0.999,nan,0.009111680090427399,superresolution,junco,model
3,0,0.0,nan,0.011249041184782982,superresolution,junco,model
3,1,0.111,nan,0.011273722164332867,superresolution,junco,model
3,2,0.222,nan,0.011188331060111523,superresolution,junco,model
3,3,0.333,nan,0.011229808442294598,superresolution,junco,model
3,4,0.444,nan,0.011296256445348263,superresolution,junco,model
3,5,0.555,nan,0.01133415475487709,superresolution,junco,model
3,6,0.666,nan,0.01136556826531887,superresolution,junco,model
3,7,0.777,nan,0.011284957639873028,superresolution,junco,model
3,8,0.888,nan,0.01114109717309475,superresolution,junco,model
3,9,0.999,nan,0.011138486675918102,superresolution,junco,model
0,0,0.0,1.0,0.01367970835417509,superresolution,junco,alg2
0,1,0.111,0.9722500000000001,0.013167436234652996,superresolution,junco,alg2
0,2,0.222,0.9445,0.013595812022686005,superresolution,junco,alg2
0,3,0.333,0.9167500000000001,0.013357661664485931,superresolution,junco,alg2
0,4,0.444,0.889,0.012856515124440193,superresolution,junco,alg2
0,5,0.555,0.86125,0.013118160888552666,superresolution,junco,alg2
0,6,0.666,0.8335,0.01330014131963253,superresolution,junco,alg2
0,7,0.777,0.80575,0.013312017545104027,superresolution,junco,alg2
0,8,0.888,0.778,0.013490337878465652,superresolution,junco,alg2
0,9,0.999,0.75025,0.013078447431325912,superresolution,junco,alg2
1,0,0.0,0.8571428571428572,0.03830650448799133,superresolution,junco,alg2
1,1,0.111,0.8175000000000001,0.03838492929935455,superresolution,junco,alg2
1,2,0.222,0.7778571428571429,0.038288600742816925,superresolution,junco,alg2
1,3,0.333,0.7382142857142858,0.037411779165267944,superresolution,junco,alg2
1,4,0.444,0.6985714285714286,0.03703336417675018,superresolution,junco,alg2
1,5,0.555,0.6589285714285714,0.03684326633810997,superresolution,junco,alg2
1,6,0.666,0.6192857142857142,0.037595417350530624,superresolution,junco,alg2
1,7,0.777,0.5796428571428571,0.03733189031481743,superresolution,junco,alg2
1,8,0.888,0.54,0.03763185814023018,superresolution,junco,alg2
1,9,0.999,0.5003571428571428,0.03776375576853752,superresolution,junco,alg2
2,0,0.0,0.6666666666666667,33.015804290771484,superresolution,junco,alg2
2,1,0.111,0.6204166666666668,70.78182220458984,superresolution,junco,alg2
2,2,0.222,0.5741666666666667,32.454856872558594,superresolution,junco,alg2
2,3,0.333,0.5279166666666668,15.577886581420898,superresolution,junco,alg2
2,4,0.444,0.48166666666666674,7.96079158782959,superresolution,junco,alg2
2,5,0.555,0.4354166666666667,4.359500885009766,superresolution,junco,alg2
2,6,0.666,0.38916666666666666,2.6613054275512695,superresolution,junco,alg2
2,7,0.777,0.34291666666666665,1.7362951040267944,superresolution,junco,alg2
2,8,0.888,0.2966666666666667,1.2261607646942139,superresolution,junco,alg2
2,9,0.999,0.2504166666666667,0.9322578310966492,superresolution,junco,alg2
3,0,0.0,0.3999999999999999,1.6143311262130737,superresolution,junco,alg2
3,1,0.111,0.3555999999999999,1.364394187927246,superresolution,junco,alg2
3,2,0.222,0.3111999999999999,1.1871132850646973,superresolution,junco,alg2
3,3,0.333,0.2668,1.056331992149353,superresolution,junco,alg2
3,4,0.444,0.22239999999999996,0.9716724157333374,superresolution,junco,alg2
3,5,0.555,0.17799999999999994,0.9250233173370361,superresolution,junco,alg2
3,6,0.666,0.13359999999999997,0.904080331325531,superresolution,junco,alg2
3,7,0.777,0.08919999999999997,0.8962034583091736,superresolution,junco,alg2
3,8,0.888,0.044799999999999986,0.8960215449333191,superresolution,junco,alg2
3,9,0.999,0.0004000000000000003,0.8960215449333191,superresolution,junco,alg2
0,0,0.0,nan,3.025433301925659,superresolution,lakeside_beach,wls
0,1,0.111,nan,3.6916403770446777,superresolution,lakeside_beach,wls
0,2,0.222,nan,5.095242023468018,superresolution,lakeside_beach,wls
0,3,0.333,nan,8.08629035949707,superresolution,lakeside_beach,wls
0,4,0.444,nan,13.499045372009277,superresolution,lakeside_beach,wls
0,5,0.555,nan,39.503150939941406,superresolution,lakeside_beach,wls
0,6,0.666,nan,123.29447937011719,superresolution,lakeside_beach,wls
0,7,0.777,nan,426.523193359375,superresolution,lakeside_beach,wls
0,8,0.888,nan,1819.302490234375,superresolution,lakeside_beach,wls
0,9,0.999,nan,10213.8974609375,superresolution,lakeside_beach,wls
1,0,0.0,nan,1893.947509765625,superresolution,lakeside_beach,wls
1,1,0.111,nan,2936.572265625,superresolution,lakeside_beach,wls
1,2,0.222,nan,5078.59375,superresolution,lakeside_beach,wls
1,3,0.333,nan,9847.4296875,superresolution,lakeside_beach,wls
1,4,0.444,nan,21566.98046875,superresolution,lakeside_beach,wls
1,5,0.555,nan,53641.953125,superresolution,lakeside_beach,wls
1,6,0.666,nan,152221.96875,superresolution,lakeside_beach,wls
1,7,0.777,nan,494581.25,superresolution,lakeside_beach,wls
1,8,0.888,nan,1845414.0,superresolution,lakeside_beach,wls
1,9,0.999,nan,7926491.0,superresolution,lakeside_beach,wls
2,0,0.0,nan,3265064.75,superresolution,lakeside_beach,wls
2,1,0.111,nan,4577996.5,superresolution,lakeside_beach,wls
2,2,0.222,nan,6731713.5,superresolution,lakeside_beach,wls
2,3,0.333,nan,10367774.0,superresolution,lakeside_beach,wls
2,4,0.444,nan,16680747.0,superresolution,lakeside_beach,wls
2,5,0.555,nan,27923238.0,superresolution,lakeside_beach,wls
2,6,0.666,nan,48371200.0,superresolution,lakeside_beach,wls
2,7,0.777,nan,86132488.0,superresolution,lakeside_beach,wls
2,8,0.888,nan,156425696.0,superresolution,lakeside_beach,wls
2,9,0.999,nan,287252672.0,superresolution,lakeside_beach,wls
3,0,0.0,nan,155024624.0,superresolution,lakeside_beach,wls
3,1,0.111,nan,154027296.0,superresolution,lakeside_beach,wls
3,2,0.222,nan,153154912.0,superresolution,lakeside_beach,wls
3,3,0.333,nan,152381344.0,superresolution,lakeside_beach,wls
3,4,0.444,nan,151671200.0,superresolution,lakeside_beach,wls
3,5,0.555,nan,150985008.0,superresolution,lakeside_beach,wls
3,6,0.666,nan,150281664.0,superresolution,lakeside_beach,wls
3,7,0.777,nan,149526208.0,superresolution,lakeside_beach,wls
3,8,0.888,nan,148746272.0,superresolution,lakeside_beach,wls
3,9,0.999,nan,148745552.0,superresolution,lakeside_beach,wls
0,0,0.0,nan,0.008635176345705986,superresolution,lakeside_beach,model
0,1,0.111,nan,0.008746262639760971,superresolution,lakeside_beach,model
0,2,0.222,nan,0.008615836501121521,superresolution,lakeside_beach,model
0,3,0.333,nan,0.007481950335204601,superresolution,lakeside_beach,model
0,4,0.444,nan,0.005018366035073996,superresolution,lakeside_beach,model
0,5,0.555,nan,0.003565840423107147,superresolution,lakeside_beach,model
0,6,0.666,nan,0.0028438875451684,superresolution,lakeside_beach,model
0,7,0.777,nan,0.002299767918884754,superresolution,lakeside_beach,model
0,8,0.888,nan,0.0020872121676802635,superresolution,lakeside_beach,model
0,9,0.999,nan,0.0018391595222055912,superresolution,lakeside_beach,model
1,0,0.0,nan,0.005751391407102346,superresolution,lakeside_beach,model
1,1,0.111,nan,0.005476669874042273,superresolution,lakeside_beach,model
1,2,0.222,nan,0.005383023992180824,superresolution,lakeside_beach,model
1,3,0.333,nan,0.005404401104897261,superresolution,lakeside_beach,model
1,4,0.444,nan,0.004984539933502674,superresolution,lakeside_beach,model
1,5,0.555,nan,0.004656504839658737,superresolution,lakeside_beach,model
1,6,0.666,nan,0.004405338782817125,superresolution,lakeside_beach,model
1,7,0.777,nan,0.004019585438072681,superresolution,lakeside_beach,model
1,8,0.888,nan,0.0035949083976447582,superresolution,lakeside_beach,model
1,9,0.999,nan,0.0033744568936526775,superresolution,lakeside_beach,model
2,0,0.0,nan,0.006141575984656811,superresolution,lakeside_beach,model
2,1,0.111,nan,0.006136353127658367,superresolution,lakeside_beach,model
2,2,0.222,nan,0.006154430098831654,superresolution,lakeside_beach,model
2,3,0.333,nan,0.006220164708793163,superresolution,lakeside_beach,model
2,4,0.444,nan,0.0062307026237249374,superresolution,lakeside_beach,model
2,5,0.555,nan,0.006239393725991249,superresolution,lakeside_beach,model
2,6,0.666,nan,0.006331018637865782,superresolution,lakeside_beach,model
2,7,0.777,nan,0.006382727529853582,superresolution,lakeside_beach,model
2,8,0.888,nan,0.006431014742702246,superresolution,lakeside_beach,model
2,9,0.999,nan,0.006538026034832001,superresolution,lakeside_beach,model
3,0,0.0,nan,0.008525058627128601,superresolution,lakeside_beach,model
3,1,0.111,nan,0.008576588705182076,superresolution,lakeside_beach,model
3,2,0.222,nan,0.008540079928934574,superresolution,lakeside_beach,model
3,3,0.333,nan,0.008545303717255592,superresolution,lakeside_beach,model
3,4,0.444,nan,0.00857353862375021,superresolution,lakeside_beach,model
3,5,0.555,nan,0.008566181175410748,superresolution,lakeside_beach,model
3,6,0.666,nan,0.0084858862683177,superresolution,lakeside_beach,model
3,7,0.777,nan,0.008383389562368393,superresolution,lakeside_beach,model
3,8,0.888,nan,0.008173261769115925,superresolution,lakeside_beach,model
3,9,0.999,nan,0.008169176056981087,superresolution,lakeside_beach,model
0,0,0.0,1.0,0.005682497285306454,superresolution,lakeside_beach,alg2
0,1,0.111,0.9722500000000001,0.005595712922513485,superresolution,lakeside_beach,alg2
0,2,0.222,0.9445,0.0057422928512096405,superresolution,lakeside_beach,alg2
0,3,0.333,0.9167500000000001,0.005615364294499159,superresolution,lakeside_beach,alg2
0,4,0.444,0.889,0.00549422949552536,superresolution,lakeside_beach,alg2
0,5,0.555,0.86125,0.005480592139065266,superresolution,lakeside_beach,alg2
0,6,0.666,0.8335,0.005541716702282429,superresolution,lakeside_beach,alg2
0,7,0.777,0.80575,0.00575922941789031,superresolution,lakeside_beach,alg2
0,8,0.888,0.778,0.00561041384935379,superresolution,lakeside_beach,alg2
0,9,0.999,0.75025,0.005713300313800573,superresolution,lakeside_beach,alg2
1,0,0.0,0.8571428571428572,0.03533288836479187,superresolution,lakeside_beach,alg2
1,1,0.111,0.8175000000000001,0.0350700281560421,superresolution,lakeside_beach,alg2
1,2,0.222,0.7778571428571429,0.03516487777233124,superresolution,lakeside_beach,alg2
1,3,0.333,0.7382142857142858,0.034390442073345184,superresolution,lakeside_beach,alg2
1,4,0.444,0.6985714285714286,0.03397200256586075,superresolution,lakeside_beach,alg2
1,5,0.555,0.6589285714285714,0.033972423523664474,superresolution,lakeside_beach,alg2
1,6,0.666,0.6192857142857142,0.03455710411071777,superresolution,lakeside_beach,alg2
1,7,0.777,0.5796428571428571,0.034308500587940216,superresolution,lakeside_beach,alg2
1,8,0.888,0.54,0.034369491040706635,superresolution,lakeside_beach,alg2
1,9,0.999,0.5003571428571428,0.034525878727436066,superresolution,lakeside_beach,alg2
2,0,0.0,0.6666666666666667,32.69241714477539,superresolution,lakeside_beach,alg2
2,1,0.111,0.6204166666666668,70.51692199707031,superresolution,lakeside_beach,alg2
2,2,0.222,0.5741666666666667,32.383644104003906,superresolution,lakeside_beach,alg2
2,3,0.333,0.5279166666666668,15.597582817077637,superresolution,lakeside_beach,alg2
2,4,0.444,0.48166666666666674,7.995711326599121,superresolution,lakeside_beach,alg2
2,5,0.555,0.4354166666666667,4.388463973999023,superresolution,lakeside_beach,alg2
2,6,0.666,0.38916666666666666,2.681542158126831,superresolution,lakeside_beach,alg2
2,7,0.777,0.34291666666666665,1.7519525289535522,superresolution,lakeside_beach,alg2
2,8,0.888,0.2966666666666667,1.2322413921356201,superresolution,lakeside_beach,alg2
2,9,0.999,0.2504166666666667,0.9283673167228699,superresolution,lakeside_beach,alg2
3,0,0.0,0.3999999999999999,1.6063709259033203,superresolution,lakeside_beach,alg2
3,1,0.111,0.3555999999999999,1.3485498428344727,superresolution,lakeside_beach,alg2
3,2,0.222,0.3111999999999999,1.167993426322937,superresolution,lakeside_beach,alg2
3,3,0.333,0.2668,1.03541898727417,superresolution,lakeside_beach,alg2
3,4,0.444,0.22239999999999996,0.9490290880203247,superresolution,lakeside_beach,alg2
3,5,0.555,0.17799999999999994,0.8994799852371216,superresolution,lakeside_beach,alg2
3,6,0.666,0.13359999999999997,0.8783901929855347,superresolution,lakeside_beach,alg2
3,7,0.777,0.08919999999999997,0.8706678152084351,superresolution,lakeside_beach,alg2
3,8,0.888,0.044799999999999986,0.8703100681304932,superresolution,lakeside_beach,alg2
3,9,0.999,0.0004000000000000003,0.8703100681304932,superresolution,lakeside_beach,alg2
0,0,0.0,nan,3.0670299530029297,superresolution,sea_anemone,wls
0,1,0.111,nan,3.722801923751831,superresolution,sea_anemone,wls
0,2,0.222,nan,5.1118059158325195,superresolution,sea_anemone,wls
0,3,0.333,nan,8.073448181152344,superresolution,sea_anemone,wls
0,4,0.444,nan,13.247982025146484,superresolution,sea_anemone,wls
0,5,0.555,nan,39.777584075927734,superresolution,sea_anemone,wls
0,6,0.666,nan,123.859619140625,superresolution,sea_anemone,wls
0,7,0.777,nan,427.55804443359375,superresolution,sea_anemone,wls
0,8,0.888,nan,1821.6673583984375,superresolution,sea_anemone,wls
0,9,0.999,nan,10204.8662109375,superresolution,sea_anemone,wls
1,0,0.0,nan,1895.948486328125,superresolution,sea_anemone,wls
1,1,0.111,nan,2936.796875,superresolution,sea_anemone,wls
1,2,0.222,nan,5074.2001953125,superresolution,sea_anemone,wls
1,3,0.333,nan,9832.4365234375,superresolution,sea_anemone,wls
1,4,0.444,nan,21524.919921875,superresolution,sea_anemone,wls
1,5,0.555,nan,53525.25,superresolution,sea_anemone,wls
1,6,0.666,nan,151880.125,superresolution,sea_anemone,wls
1,7,0.777,nan,493478.84375,superresolution,sea_anemone,wls
1,8,0.888,nan,1841372.875,superresolution,sea_anemone,wls
1,9,0.999,nan,7909367.0,superresolution,sea_anemone,wls
2,0,0.0,nan,3257948.0,superresolution,sea_anemone,wls
2,1,0.111,nan,4568044.0,superresolution,sea_anemone,wls
2,2,0.222,nan,6717139.0,superresolution,sea_anemone,wls
2,3,0.333,nan,10345422.0,superresolution,sea_anemone,wls
2,4,0.444,nan,16644912.0,superresolution,sea_anemone,wls
2,5,0.555,nan,27863436.0,superresolution,sea_anemone,wls
2,6,0.666,nan,48267836.0,superresolution,sea_anemone,wls
2,7,0.777,nan,85948704.0,superresolution,sea_anemone,wls
2,8,0.888,nan,156092272.0,superresolution,sea_anemone,wls
2,9,0.999,nan,286640640.0,superresolution,sea_anemone,wls
3,0,0.0,nan,154693584.0,superresolution,sea_anemone,wls
3,1,0.111,nan,153698240.0,superresolution,sea_anemone,wls
3,2,0.222,nan,152827696.0,superresolution,sea_anemone,wls
3,3,0.333,nan,152055776.0,superresolution,sea_anemone,wls
3,4,0.444,nan,151347152.0,superresolution,sea_anemone,wls
3,5,0.555,nan,150662448.0,superresolution,sea_anemone,wls
3,6,0.666,nan,149960608.0,superresolution,sea_anemone,wls
3,7,0.777,nan,149206784.0,superresolution,sea_anemone,wls
3,8,0.888,nan,148428512.0,superresolution,sea_anemone,wls
3,9,0.999,nan,148427808.0,superresolution,sea_anemone,wls
0,0,0.0,nan,0.03737717494368553,superresolution,sea_anemone,model
0,1,0.111,nan,0.039582427591085434,superresolution,sea_anemone,model
0,2,0.222,nan,0.03381728008389473,superresolution,sea_anemone,model
0,3,0.333,nan,0.023228488862514496,superresolution,sea_anemone,model
0,4,0.444,nan,0.013513694517314434,superresolution,sea_anemone,model
0,5,0.555,nan,0.009602050296962261,superresolution,sea_anemone,model
0,6,0.666,nan,0.00811031460762024,superresolution,sea_anemone,model
0,7,0.777,nan,0.006829342804849148,superresolution,sea_anemone,model
0,8,0.888,nan,0.00570765882730484,superresolution,sea_anemone,model
0,9,0.999,nan,0.004222822841256857,superresolution,sea_anemone,model
1,0,0.0,nan,0.015410855412483215,superresolution,sea_anemone,model
1,1,0.111,nan,0.01331059169024229,superresolution,sea_anemone,model
1,2,0.222,nan,0.015157617628574371,superresolution,sea_anemone,model
1,3,0.333,nan,0.011148221790790558,superresolution,sea_anemone,model
1,4,0.444,nan,0.009747750125825405,superresolution,sea_anemone,model
1,5,0.555,nan,0.00901581346988678,superresolution,sea_anemone,model
1,6,0.666,nan,0.008149162866175175,superresolution,sea_anemone,model
1,7,0.777,nan,0.007079524453729391,superresolution,sea_anemone,model
1,8,0.888,nan,0.0063466876745224,superresolution,sea_anemone,model
1,9,0.999,nan,0.005888256244361401,superresolution,sea_anemone,model
2,0,0.0,nan,0.011119410395622253,superresolution,sea_anemone,model
2,1,0.111,nan,0.010956354439258575,superresolution,sea_anemone,model
2,2,0.222,nan,0.010382119566202164,superresolution,sea_anemone,model
2,3,0.333,nan,0.010189728811383247,superresolution,sea_anemone,model
2,4,0.444,nan,0.010221592150628567,superresolution,sea_anemone,model
2,5,0.555,nan,0.009905371814966202,superresolution,sea_anemone,model
2,6,0.666,nan,0.009583460167050362,superresolution,sea_anemone,model
2,7,0.777,nan,0.009279008954763412,superresolution,sea_anemone,model
2,8,0.888,nan,0.008972341194748878,superresolution,sea_anemone,model
2,9,0.999,nan,0.008646659553050995,superresolution,sea_anemone,model
3,0,0.0,nan,0.013541756197810173,superresolution,sea_anemone,model
3,1,0.111,nan,0.01347233634442091,superresolution,sea_anemone,model
3,2,0.222,nan,0.013430393300950527,superresolution,sea_anemone,model
3,3,0.333,nan,0.013401005417108536,superresolution,sea_anemone,model
3,4,0.444,nan,0.013352980837225914,superresolution,sea_anemone,model
3,5,0.555,nan,0.013281728141009808,superresolution,sea_anemone,model
3,6,0.666,nan,0.013162227347493172,superresolution,sea_anemone,model
3,7,0.777,nan,0.013028440997004509,superresolution,sea_anemone,model
3,8,0.888,nan,0.012769689783453941,superresolution,sea_anemone,model
3,9,0.999,nan,0.012766152620315552,superresolution,sea_anemone,model
0,0,0.0,1.0,0.00905457604676485,superresolution,sea_anemone,alg2
0,1,0.111,0.9722500000000001,0.009070687927305698,superresolution,sea_anemone,alg2
0,2,0.222,0.9445,0.009039729833602905,superresolution,sea_anemone,alg2
0,3,0.333,0.9167500000000001,0.008771944791078568,superresolution,sea_anemone,alg2
0,4,0.444,0.889,0.00886145606637001,superresolution,sea_anemone,alg2
0,5,0.555,0.86125,0.008992917835712433,superresolution,sea_anemone,alg2
0,6,0.666,0.8335,0.008876578882336617,superresolution,sea_anemone,alg2
0,7,0.777,0.80575,0.009099068120121956,superresolution,sea_anemone,alg2
0,8,0.888,0.778,0.008787477388978004,superresolution,sea_anemone,alg2
0,9,0.999,0.75025,0.008858832530677319,superresolution,sea_anemone,alg2
1,0,0.0,0.8571428571428572,0.0363796129822731,superresolution,sea_anemone,alg2
1,1,0.111,0.8175000000000001,0.03647288307547569,superresolution,sea_anemone,alg2
1,2,0.222,0.7778571428571429,0.03626213222742081,superresolution,sea_anemone,alg2
1,3,0.333,0.7382142857142858,0.03542964160442352,superresolution,sea_anemone,alg2
1,4,0.444,0.6985714285714286,0.035297684371471405,superresolution,sea_anemone,alg2
1,5,0.555,0.6589285714285714,0.03549448773264885,superresolution,sea_anemone,alg2
1,6,0.666,0.6192857142857142,0.035993754863739014,superresolution,sea_anemone,alg2
1,7,0.777,0.5796428571428571,0.03575075790286064,superresolution,sea_anemone,alg2
1,8,0.888,0.54,0.035545479506254196,superresolution,sea_anemone,alg2
1,9,0.999,0.5003571428571428,0.03584660217165947,superresolution,sea_anemone,alg2
2,0,0.0,0.6666666666666667,33.221519470214844,superresolution,sea_anemone,alg2
2,1,0.111,0.6204166666666668,70.36557006835938,superresolution,sea_anemone,alg2
2,2,0.222,0.5741666666666667,32.422584533691406,superresolution,sea_anemone,alg2
2,3,0.333,0.5279166666666668,15.63178825378418,superresolution,sea_anemone,alg2
2,4,0.444,0.48166666666666674,8.021846771240234,superresolution,sea_anemone,alg2
2,5,0.555,0.4354166666666667,4.397835731506348,superresolution,sea_anemone,alg2
2,6,0.666,0.38916666666666666,2.6623945236206055,superresolution,sea_anemone,alg2
2,7,0.777,0.34291666666666665,1.7086975574493408,superresolution,sea_anemone,alg2
2,8,0.888,0.2966666666666667,1.1702297925949097,superresolution,sea_anemone,alg2
2,9,0.999,0.2504166666666667,0.8538152575492859,superresolution,sea_anemone,alg2
3,0,0.0,0.3999999999999999,1.5428893566131592,superresolution,sea_anemone,alg2
3,1,0.111,0.3555999999999999,1.2731125354766846,superresolution,sea_anemone,alg2
3,2,0.222,0.3111999999999999,1.074767827987671,superresolution,sea_anemone,alg2
3,3,0.333,0.2668,0.9251682162284851,superresolution,sea_anemone,alg2
3,4,0.444,0.22239999999999996,0.8206185102462769,superresolution,sea_anemone,alg2
3,5,0.555,0.17799999999999994,0.7511935234069824,superresolution,sea_anemone,alg2
3,6,0.666,0.13359999999999997,0.7117276191711426,superresolution,sea_anemone,alg2
3,7,0.777,0.08919999999999997,0.6899573802947998,superresolution,sea_anemone,alg2
3,8,0.888,0.044799999999999986,0.6828171610832214,superresolution,sea_anemone,alg2
3,9,0.999,0.0004000000000000003,0.6828171610832214,superresolution,sea_anemone,alg2
0,0,0.0,nan,3.044255018234253,superresolution,shetland_sheepdog,wls
0,1,0.111,nan,3.7057700157165527,superresolution,shetland_sheepdog,wls
0,2,0.222,nan,5.103769302368164,superresolution,shetland_sheepdog,wls
0,3,0.333,nan,8.10452938079834,superresolution,shetland_sheepdog,wls
0,4,0.444,nan,13.76167106628418,superresolution,shetland_sheepdog,wls
0,5,0.555,nan,39.576904296875,superresolution,shetland_sheepdog,wls
0,6,0.666,nan,125.03230285644531,superresolution,shetland_sheepdog,wls
0,7,0.777,nan,432.4755859375,superresolution,shetland_sheepdog,wls
0,8,0.888,nan,1843.573486328125,superresolution,shetland_sheepdog,wls
0,9,0.999,nan,10338.3994140625,superresolution,shetland_sheepdog,wls
1,0,0.0,nan,1918.6474609375,superresolution,shetland_sheepdog,wls
1,1,0.111,nan,2974.16162109375,superresolution,shetland_sheepdog,wls
1,2,0.222,nan,5140.9521484375,superresolution,shetland_sheepdog,wls
1,3,0.333,nan,9964.2626953125,superresolution,shetland_sheepdog,wls
1,4,0.444,nan,21817.3671875,superresolution,shetland_sheepdog,wls
1,5,0.555,nan,54257.2734375,superresolution,shetland_sheepdog,wls
1,6,0.666,nan,153957.0,superresolution,shetland_sheepdog,wls
1,7,0.777,nan,500198.0625,superresolution,shetland_sheepdog,wls
1,8,0.888,nan,1866306.0,superresolution,shetland_sheepdog,wls
1,9,0.999,nan,8015760.0,superresolution,shetland_sheepdog,wls
2,0,0.0,nan,3301860.75,superresolution,shetland_sheepdog,wls
2,1,0.111,nan,4629481.0,superresolution,shetland_sheepdog,wls
2,2,0.222,nan,6807289.0,superresolution,shetland_sheepdog,wls
2,3,0.333,nan,10483963.0,superresolution,shetland_sheepdog,wls
2,4,0.444,nan,16867312.0,superresolution,shetland_sheepdog,wls
2,5,0.555,nan,28234888.0,superresolution,shetland_sheepdog,wls
2,6,0.666,nan,48909920.0,superresolution,shetland_sheepdog,wls
2,7,0.777,nan,87089760.0,superresolution,shetland_sheepdog,wls
2,8,0.888,nan,158160816.0,superresolution,shetland_sheepdog,wls
2,9,0.999,nan,290433664.0,superresolution,shetland_sheepdog,wls
3,0,0.0,nan,156741536.0,superresolution,shetland_sheepdog,wls
3,1,0.111,nan,155732928.0,superresolution,shetland_sheepdog,wls
3,2,0.222,nan,154850720.0,superresolution,shetland_sheepdog,wls
3,3,0.333,nan,154068448.0,superresolution,shetland_sheepdog,wls
3,4,0.444,nan,153350320.0,superresolution,shetland_sheepdog,wls
3,5,0.555,nan,152656464.0,superresolution,shetland_sheepdog,wls
3,6,0.666,nan,151945248.0,superresolution,shetland_sheepdog,wls
3,7,0.777,nan,151181376.0,superresolution,shetland_sheepdog,wls
3,8,0.888,nan,150392768.0,superresolution,shetland_sheepdog,wls
3,9,0.999,nan,150392048.0,superresolution,shetland_sheepdog,wls
0,0,0.0,nan,0.018704382702708244,superresolution,shetland_sheepdog,model
0,1,0.111,nan,0.023872962221503258,superresolution,shetland_sheepdog,model
0,2,0.222,nan,0.02251506596803665,superresolution,shetland_sheepdog,model
0,3,0.333,nan,0.017849769443273544,superresolution,shetland_sheepdog,model
0,4,0.444,nan,0.012167337350547314,superresolution,shetland_sheepdog,model
0,5,0.555,nan,0.008368982002139091,superresolution,shetland_sheepdog,model
0,6,0.666,nan,0.006259370595216751,superresolution,shetland_sheepdog,model
0,7,0.777,nan,0.004650985822081566,superresolution,shetland_sheepdog,model
0,8,0.888,nan,0.004016888327896595,superresolution,shetland_sheepdog,model
0,9,0.999,nan,0.0038349877577275038,superresolution,shetland_sheepdog,model
1,0,0.0,nan,0.01437124889343977,superresolution,shetland_sheepdog,model
1,1,0.111,nan,0.013601075857877731,superresolution,shetland_sheepdog,model
1,2,0.222,nan,0.0123023372143507,superresolution,shetland_sheepdog,model
1,3,0.333,nan,0.0106304120272398,superresolution,shetland_sheepdog,model
1,4,0.444,nan,0.009439835324883461,superresolution,shetland_sheepdog,model
1,5,0.555,nan,0.009131659753620625,superresolution,shetland_sheepdog,model
1,6,0.666,nan,0.007956881076097488,superresolution,shetland_sheepdog,model
1,7,0.777,nan,0.007150786928832531,superresolution,shetland_sheepdog,model
1,8,0.888,nan,0.006451049819588661,superresolution,shetland_sheepdog,model
1,9,0.999,nan,0.006045396905392408,superresolution,shetland_sheepdog,model
2,0,0.0,nan,0.010518333874642849,superresolution,shetland_sheepdog,model
2,1,0.111,nan,0.010592798702418804,superresolution,shetland_sheepdog,model
2,2,0.222,nan,0.010243505239486694,superresolution,shetland_sheepdog,model
2,3,0.333,nan,0.010193999856710434,superresolution,shetland_sheepdog,model
2,4,0.444,nan,0.009930039756000042,superresolution,shetland_sheepdog,model
2,5,0.555,nan,0.009556678123772144,superresolution,shetland_sheepdog,model
2,6,0.666,nan,0.009394736960530281,superresolution,shetland_sheepdog,model
2,7,0.777,nan,0.00925653986632824,superresolution,shetland_sheepdog,model
2,8,0.888,nan,0.009043308906257153,superresolution,shetland_sheepdog,model
2,9,0.999,nan,0.008942852728068829,superresolution,shetland_sheepdog,model
3,0,0.0,nan,0.010602062568068504,superresolution,shetland_sheepdog,model
3,1,0.111,nan,0.01064746081829071,superresolution,shetland_sheepdog,model
3,2,0.222,nan,0.01058921031653881,superresolution,shetland_sheepdog,model
3,3,0.333,nan,0.010562807321548462,superresolution,shetland_sheepdog,model
3,4,0.444,nan,0.010575510561466217,superresolution,shetland_sheepdog,model
3,5,0.555,nan,0.01054677739739418,superresolution,shetland_sheepdog,model
3,6,0.666,nan,0.010477839969098568,superresolution,shetland_sheepdog,model
3,7,0.777,nan,0.010389221832156181,superresolution,shetland_sheepdog,model
3,8,0.888,nan,0.010229341685771942,superresolution,shetland_sheepdog,model
3,9,0.999,nan,0.010226959362626076,superresolution,shetland_sheepdog,model
0,0,0.0,1.0,0.010590357705950737,superresolution,shetland_sheepdog,alg2
0,1,0.111,0.9722500000000001,0.010706881992518902,superresolution,shetland_sheepdog,alg2
0,2,0.222,0.9445,0.01078068744391203,superresolution,shetland_sheepdog,alg2
0,3,0.333,0.9167500000000001,0.010647441260516644,superresolution,shetland_sheepdog,alg2
0,4,0.444,0.889,0.010794958099722862,superresolution,shetland_sheepdog,alg2
0,5,0.555,0.86125,0.010907746851444244,superresolution,shetland_sheepdog,alg2
0,6,0.666,0.8335,0.010801581665873528,superresolution,shetland_sheepdog,alg2
0,7,0.777,0.80575,0.011024633422493935,superresolution,shetland_sheepdog,alg2
0,8,0.888,0.778,0.010521924123167992,superresolution,shetland_sheepdog,alg2
0,9,0.999,0.75025,0.010997064411640167,superresolution,shetland_sheepdog,alg2
1,0,0.0,0.8571428571428572,0.037468135356903076,superresolution,shetland_sheepdog,alg2
1,1,0.111,0.8175000000000001,0.03723294287919998,superresolution,shetland_sheepdog,alg2
1,2,0.222,0.7778571428571429,0.03710614889860153,superresolution,shetland_sheepdog,alg2
1,3,0.333,0.7382142857142858,0.03638579696416855,superresolution,shetland_sheepdog,alg2
1,4,0.444,0.6985714285714286,0.03604813665151596,superresolution,shetland_sheepdog,alg2
1,5,0.555,0.6589285714285714,0.03574392944574356,superresolution,shetland_sheepdog,alg2
1,6,0.666,0.6192857142857142,0.03666715323925018,superresolution,shetland_sheepdog,alg2
1,7,0.777,0.5796428571428571,0.036471374332904816,superresolution,shetland_sheepdog,alg2
1,8,0.888,0.54,0.03619709238409996,superresolution,shetland_sheepdog,alg2
1,9,0.999,0.5003571428571428,0.03694559633731842,superresolution,shetland_sheepdog,alg2
2,0,0.0,0.6666666666666667,32.93610763549805,superresolution,shetland_sheepdog,alg2
2,1,0.111,0.6204166666666668,70.52071380615234,superresolution,shetland_sheepdog,alg2
2,2,0.222,0.5741666666666667,32.40673828125,superresolution,shetland_sheepdog,alg2
2,3,0.333,0.5279166666666668,15.565317153930664,superresolution,shetland_sheepdog,alg2
2,4,0.444,0.48166666666666674,7.954677581787109,superresolution,shetland_sheepdog,alg2
2,5,0.555,0.4354166666666667,4.359344482421875,superresolution,shetland_sheepdog,alg2
2,6,0.666,0.38916666666666666,2.6616053581237793,superresolution,shetland_sheepdog,alg2
2,7,0.777,0.34291666666666665,1.736638069152832,superresolution,shetland_sheepdog,alg2
2,8,0.888,0.2966666666666667,1.2230104207992554,superresolution,shetland_sheepdog,alg2
2,9,0.999,0.2504166666666667,0.92405766248703,superresolution,shetland_sheepdog,alg2
3,0,0.0,0.3999999999999999,1.6047449111938477,superresolution,shetland_sheepdog,alg2
3,1,0.111,0.3555999999999999,1.3448004722595215,superresolution,shetland_sheepdog,alg2
3,2,0.222,0.3111999999999999,1.1570003032684326,superresolution,shetland_sheepdog,alg2
3,3,0.333,0.2668,1.0212385654449463,superresolution,shetland_sheepdog,alg2
3,4,0.444,0.22239999999999996,0.9311317801475525,superresolution,shetland_sheepdog,alg2
3,5,0.555,0.17799999999999994,0.8765230178833008,superresolution,shetland_sheepdog,alg2
3,6,0.666,0.13359999999999997,0.8501929044723511,superresolution,shetland_sheepdog,alg2
3,7,0.777,0.08919999999999997,0.837131142616272,superresolution,shetland_sheepdog,alg2
3,8,0.888,0.044799999999999986,0.8346070051193237,superresolution,shetland_sheepdog,alg2
3,9,0.999,0.0004000000000000003,0.8346070051193237,superresolution,shetland_sheepdog,alg2
