task,image,stage,step,tau,sigma_tau,s2,gamma2,mse_x1,meas_resid,x0_rms,mse_hole,mse_obs
box_inpainting,breastplate_armor,0,0,0.0,1.0,0.2000590571988071,0.009970428422093391,0.0705544576048851,2.382032632827759,0.9947441816329956,0.26988711953163147,0.004110235255211592
box_inpainting,breastplate_armor,0,1,0.111,0.9722500000000001,0.2000590571988071,0.010642001405358315,0.07136572897434235,2.381904363632202,0.9973888397216797,0.2730613052845001,0.0041338540613651276
box_inpainting,breastplate_armor,0,2,0.222,0.9445,0.2000590571988071,0.01062399335205555,0.0715608298778534,2.3819420337677,0.9829674363136292,0.27399247884750366,0.004083607345819473
box_inpainting,breastplate_armor,0,3,0.333,0.9167500000000001,0.2000590571988071,0.009873627685010433,0.06802064180374146,2.381985902786255,0.9869840145111084,0.2598138153553009,0.004089592024683952
box_inpainting,breastplate_armor,0,4,0.444,0.889,0.2000590571988071,0.009073696099221706,0.063377246260643,2.382066011428833,0.9984487891197205,0.24101734161376953,0.004163876175880432
box_inpainting,breastplate_armor,0,5,0.555,0.86125,0.2000590571988071,0.008365506306290627,0.07829535007476807,2.3819429874420166,0.9851222038269043,0.3007822036743164,0.0041330656968057156
box_inpainting,breastplate_armor,0,6,0.666,0.8335,0.2000590571988071,0.007804953958839178,0.05962308496236801,2.381960153579712,1.0122591257095337,0.22605448961257935,0.00414595240727067
box_inpainting,breastplate_armor,0,7,0.777,0.80575,0.2000590571988071,0.0074211894534528255,0.052915796637535095,2.3821513652801514,1.0158469676971436,0.19939248263835907,0.004090241156518459
box_inpainting,breastplate_armor,0,8,0.888,0.778,0.2000590571988071,0.00719289667904377,0.0509936586022377,2.3819594383239746,0.9899382591247559,0.19179284572601318,0.004060599487274885
box_inpainting,breastplate_armor,0,9,0.999,0.75025,0.2000590571988071,0.007022725883871317,0.04830893501639366,2.3819096088409424,0.9699145555496216,0.180942103266716,0.004097883589565754
box_inpainting,breastplate_armor,1,0,0.0,0.8571428571428572,0.21108518838244975,0.013227979652583599,0.0681939646601677,2.0241715908050537,1.001232385635376,0.25947800278663635,0.004432612098753452
box_inpainting,breastplate_armor,1,1,0.111,0.8175000000000001,0.21108518838244975,0.012689127586781979,0.061590950936079025,2.0242834091186523,1.0051027536392212,0.23307983577251434,0.004427984356880188
box_inpainting,breastplate_armor,1,2,0.222,0.7778571428571429,0.21108518838244975,0.012317526154220104,0.06395477056503296,2.0245649814605713,1.0067402124404907,0.24251995980739594,0.004433039575815201
box_inpainting,breastplate_armor,1,3,0.333,0.7382142857142858,0.21108518838244975,0.012009454891085625,0.06673023104667664,2.024553060531616,1.0015387535095215,0.25362470746040344,0.0044320751912891865
box_inpainting,breastplate_armor,1,4,0.444,0.6985714285714286,0.21108518838244975,0.011795909143984318,0.059062227606773376,2.0240235328674316,0.9979171752929688,0.22308452427387238,0.004388125613331795
box_inpainting,breastplate_armor,1,5,0.555,0.6589285714285714,0.21108518838244975,0.011530348099768162,0.06143571436405182,2.0242819786071777,1.005010962486267,0.23264910280704498,0.0043645864352583885
box_inpainting,breastplate_armor,1,6,0.666,0.6192857142857142,0.21108518838244975,0.011259624734520912,0.05880331993103027,2.0239498615264893,0.9920858144760132,0.22197823226451874,0.004411687143146992
box_inpainting,breastplate_armor,1,7,0.777,0.5796428571428571,0.21108518838244975,0.010943361558020115,0.05183979123830795,2.0241479873657227,1.0061179399490356,0.19414673745632172,0.004404142498970032
box_inpainting,breastplate_armor,1,8,0.888,0.54,0.21108518838244975,0.010707459412515163,0.05951302498579025,2.0244486331939697,1.0071406364440918,0.22472339868545532,0.004442898090928793
box_inpainting,breastplate_armor,1,9,0.999,0.5003571428571428,0.21108518838244975,0.010580291040241718,0.0519438236951828,2.0240981578826904,0.9874954223632812,0.1943596452474594,0.0044718855060637
box_inpainting,breastplate_armor,2,0,0.0,0.6666666666666667,0.2203612135091675,0.011577649042010307,0.07210992276668549,1.5281941890716553,0.9937723875045776,0.25451424717903137,0.011308478191494942
box_inpainting,breastplate_armor,2,1,0.111,0.6204166666666668,0.2203612135091675,0.011458246037364006,0.07376649975776672,1.5288031101226807,1.0020711421966553,0.26169124245643616,0.011124908924102783
box_inpainting,breastplate_armor,2,2,0.222,0.5741666666666667,0.2203612135091675,0.011648545041680336,0.07682961970567703,1.527985692024231,1.0010837316513062,0.273381769657135,0.011312234215438366
box_inpainting,breastplate_armor,2,3,0.333,0.5279166666666668,0.2203612135091675,0.011883500963449478,0.07407328486442566,1.5293697118759155,0.9983058571815491,0.26275435090065,0.011179596185684204
box_inpainting,breastplate_armor,2,4,0.444,0.48166666666666674,0.2203612135091675,0.01197701133787632,0.0695803165435791,1.528710961341858,0.9982717037200928,0.24471263587474823,0.011202875524759293
box_inpainting,breastplate_armor,2,5,0.555,0.4354166666666667,0.2203612135091675,0.012359649874269962,0.06588388234376907,1.5288165807724,1.0028070211410522,0.22992628812789917,0.011203069239854813
box_inpainting,breastplate_armor,2,6,0.666,0.38916666666666666,0.2203612135091675,0.012831875123083591,0.07189697027206421,1.529386281967163,1.0008031129837036,0.25420713424682617,0.01112690195441246
box_inpainting,breastplate_armor,2,7,0.777,0.34291666666666665,0.2203612135091675,0.013585136272013187,0.1004861444234848,1.5295408964157104,1.0048716068267822,0.36822840571403503,0.011238723993301392
box_inpainting,breastplate_armor,2,8,0.888,0.2966666666666667,0.2203612135091675,0.014856654219329357,0.14420711994171143,1.5279978513717651,1.0049186944961548,0.5437965989112854,0.011010619811713696
box_inpainting,breastplate_armor,2,9,0.999,0.2504166666666667,0.2203612135091675,0.016559859737753868,0.16448192298412323,1.5283669233322144,0.9971063733100891,0.6248283982276917,0.011033098213374615
box_inpainting,breastplate_armor,3,0,0.0,0.3999999999999999,0.22819071692139276,0.009431982412934303,0.1270410567522049,0.996766209602356,1.0001496076583862,0.4935358464717865,0.004876120015978813
box_inpainting,breastplate_armor,3,1,0.111,0.3555999999999999,0.22819071692139276,0.01087617315351963,0.3390284478664398,0.9929160475730896,1.001513957977295,1.3415422439575195,0.004857167601585388
box_inpainting,breastplate_armor,3,2,0.222,0.3111999999999999,0.22819071692139276,0.013747267425060272,0.38116106390953064,0.9942395687103271,1.0013316869735718,1.5101293325424194,0.004838359542191029
box_inpainting,breastplate_armor,3,3,0.333,0.2668,0.22819071692139276,0.01540498249232769,0.4395836293697357,0.9901484251022339,0.9984867572784424,1.7439907789230347,0.004781308583915234
box_inpainting,breastplate_armor,3,4,0.444,0.22239999999999996,0.22819071692139276,0.016522610560059547,0.5677422285079956,0.9892807602882385,0.9965718388557434,2.256727457046509,0.004747090861201286
box_inpainting,breastplate_armor,3,5,0.555,0.17799999999999994,0.22819071692139276,0.01827741414308548,0.6971405744552612,0.9825392961502075,0.9995768070220947,2.7746779918670654,0.004628227092325687
box_inpainting,breastplate_armor,3,6,0.666,0.13359999999999997,0.22819071692139276,0.021496202796697617,0.7881096601486206,0.9715656042098999,1.0008517503738403,3.13930606842041,0.004377421457320452
box_inpainting,breastplate_armor,3,7,0.777,0.08919999999999997,0.22819071692139276,0.02786899358034134,0.8474420309066772,0.9438753724098206,0.9999299049377441,3.3781211376190186,0.003882237710058689
box_inpainting,breastplate_armor,3,8,0.888,0.044799999999999986,0.22819071692139276,0.044657252728939056,0.9008253812789917,0.9130302667617798,1.0011248588562012,3.5941569805145264,0.0030482688453048468
box_inpainting,breastplate_armor,3,9,0.999,0.0004000000000000003,nan,0.14477470517158508,0.9008253812789917,0.9130302667617798,1.0011248588562012,3.5941569805145264,0.0030482688453048468
box_inpainting,crane_structure,0,0,0.0,1.0,0.2000590571988071,0.009970428422093391,0.12205769121646881,3.9435596466064453,0.9947441816329956,0.4470120966434479,0.013739542104303837
box_inpainting,crane_structure,0,1,0.111,0.9722500000000001,0.2000590571988071,0.010642001405358315,0.12036623060703278,3.943491220474243,0.9973888397216797,0.4406667649745941,0.01359938271343708
box_inpainting,crane_structure,0,2,0.222,0.9445,0.2000590571988071,0.01062399335205555,0.11898162215948105,3.9435107707977295,0.9829674363136292,0.43524038791656494,0.013562040403485298
box_inpainting,crane_structure,0,3,0.333,0.9167500000000001,0.2000590571988071,0.009873627685010433,0.11314898729324341,3.9435276985168457,0.9869840145111084,0.4116699993610382,0.01364197488874197
box_inpainting,crane_structure,0,4,0.444,0.889,0.2000590571988071,0.009073696099221706,0.14177533984184265,3.943584442138672,0.9984487891197205,0.5260355472564697,0.013688597828149796
box_inpainting,crane_structure,0,5,0.555,0.86125,0.2000590571988071,0.008365506306290627,0.10035084933042526,3.9435131549835205,0.9851222038269043,0.36073383688926697,0.013556514866650105
box_inpainting,crane_structure,0,6,0.666,0.8335,0.2000590571988071,0.007804953958839178,0.09644672274589539,3.9435207843780518,1.0122592449188232,0.34497690200805664,0.0136033333837986
box_inpainting,crane_structure,0,7,0.777,0.80575,0.2000590571988071,0.0074211894534528255,0.10584648698568344,3.9436326026916504,1.0158469676971436,0.3822609484195709,0.013708318583667278
box_inpainting,crane_structure,0,8,0.888,0.778,0.2000590571988071,0.00719289667904377,0.10665836185216904,3.9435203075408936,0.9899382591247559,0.38550910353660583,0.013708125799894333
box_inpainting,crane_structure,0,9,0.999,0.75025,0.2000590571988071,0.007022725883871317,0.08963724225759506,3.943488121032715,0.9699146151542664,0.3177836239337921,0.0135884378105402
box_inpainting,crane_structure,1,0,0.0,0.8571428571428572,0.21108518838244975,0.013227979652583599,0.12066396325826645,3.0429983139038086,1.001232385635376,0.4171636402606964,0.021830733865499496
box_inpainting,crane_structure,1,1,0.111,0.8175000000000001,0.21108518838244975,0.012689127586781979,0.11027976125478745,3.0430662631988525,1.0051027536392212,0.37622830271720886,0.021630236878991127
box_inpainting,crane_structure,1,2,0.222,0.7778571428571429,0.21108518838244975,0.012317526154220104,0.11046342551708221,3.0432419776916504,1.0067402124404907,0.37645503878593445,0.02179955132305622
box_inpainting,crane_structure,1,3,0.333,0.7382142857142858,0.21108518838244975,0.012009454891085625,0.10990753769874573,3.0432605743408203,1.0015387535095215,0.3747512400150299,0.021626293659210205
box_inpainting,crane_structure,1,4,0.444,0.6985714285714286,0.21108518838244975,0.011795909143984318,0.10021509230136871,3.042896270751953,0.9979171752929688,0.33565381169319153,0.021735500544309616
box_inpainting,crane_structure,1,5,0.555,0.6589285714285714,0.21108518838244975,0.011530348099768162,0.09728662669658661,3.043078660964966,1.005010962486267,0.3242073953151703,0.021646367385983467
box_inpainting,crane_structure,1,6,0.666,0.6192857142857142,0.21108518838244975,0.011259624734520912,0.10562269389629364,3.042861223220825,0.9920858144760132,0.35722827911376953,0.021754171699285507
box_inpainting,crane_structure,1,7,0.777,0.5796428571428571,0.21108518838244975,0.010943361558020115,0.0935194343328476,3.0429675579071045,1.0061179399490356,0.3087814748287201,0.02176540344953537
box_inpainting,crane_structure,1,8,0.888,0.54,0.21108518838244975,0.010707459412515163,0.09540122747421265,3.0431764125823975,1.0071406364440918,0.3165697753429413,0.0216783806681633
box_inpainting,crane_structure,1,9,0.999,0.5003571428571428,0.21108518838244975,0.010580291040241718,0.0915469154715538,3.042940616607666,0.9874954223632812,0.30082234740257263,0.02178843505680561
box_inpainting,crane_structure,2,0,0.0,0.6666666666666667,0.2203612135091675,0.011577649042010307,0.10078345239162445,2.0420641899108887,0.9937723875045776,0.3352290093898773,0.022634925320744514
box_inpainting,crane_structure,2,1,0.111,0.6204166666666668,0.2203612135091675,0.011458246037364006,0.1026432141661644,2.0427095890045166,1.0020711421966553,0.34324631094932556,0.02244219370186329
box_inpainting,crane_structure,2,2,0.222,0.5741666666666667,0.2203612135091675,0.011648545041680336,0.10096871852874756,2.041905164718628,1.0010837316513062,0.3360721170902252,0.022600915282964706
box_inpainting,crane_structure,2,3,0.333,0.5279166666666668,0.2203612135091675,0.011883500963449478,0.09942297637462616,2.042818784713745,0.9983058571815491,0.32921668887138367,0.02282506227493286
box_inpainting,crane_structure,2,4,0.444,0.48166666666666674,0.2203612135091675,0.01197701133787632,0.1008588895201683,2.0423192977905273,0.9982717037200928,0.3351476490497589,0.022762639448046684
box_inpainting,crane_structure,2,5,0.555,0.4354166666666667,0.2203612135091675,0.012359649874269962,0.09718125313520432,2.0423636436462402,1.0028070211410522,0.32017481327056885,0.022850070148706436
box_inpainting,crane_structure,2,6,0.666,0.38916666666666666,0.2203612135091675,0.012831875123083591,0.09708794206380844,2.0428624153137207,1.0008031129837036,0.31983593106269836,0.022838614881038666
box_inpainting,crane_structure,2,7,0.777,0.34291666666666665,0.2203612135091675,0.013585136272013187,0.10285203158855438,2.0430972576141357,1.0048716068267822,0.3426186740398407,0.022929830476641655
box_inpainting,crane_structure,2,8,0.888,0.2966666666666667,0.2203612135091675,0.014856654219329357,0.11922409385442734,2.042008638381958,1.0049186944961548,0.40877529978752136,0.02270704135298729
box_inpainting,crane_structure,2,9,0.999,0.2504166666666667,0.2203612135091675,0.016559859737753868,0.13770106434822083,2.0424575805664062,0.9971063733100891,0.4828946590423584,0.022636527195572853
box_inpainting,crane_structure,3,0,0.0,0.3999999999999999,0.22819071692139276,0.009431982412934303,0.10945173352956772,0.9950221180915833,1.0001496076583862,0.42312976717948914,0.004892395343631506
box_inpainting,crane_structure,3,1,0.111,0.3555999999999999,0.22819071692139276,0.01087617315351963,0.35260042548179626,0.9913824200630188,1.001513957977295,1.3957595825195312,0.004880694206804037
box_inpainting,crane_structure,3,2,0.222,0.3111999999999999,0.22819071692139276,0.013747267425060272,0.38807281851768494,0.9930173754692078,1.0013316869735718,1.5376639366149902,0.004875807091593742
box_inpainting,crane_structure,3,3,0.333,0.2668,0.22819071692139276,0.01540498249232769,0.4416579008102417,0.9883619546890259,0.9984867572784424,1.7521978616714478,0.004811270162463188
box_inpainting,crane_structure,3,4,0.444,0.22239999999999996,0.22819071692139276,0.016522610560059547,0.5338952541351318,0.9875955581665039,0.9965718388557434,2.121293067932129,0.004762680269777775
box_inpainting,crane_structure,3,5,0.555,0.17799999999999994,0.22819071692139276,0.01827741414308548,0.6383914947509766,0.9804369807243347,0.9995768070220947,2.539721727371216,0.00461476668715477
box_inpainting,crane_structure,3,6,0.666,0.13359999999999997,0.22819071692139276,0.021496202796697617,0.7372139692306519,0.9678410291671753,1.0008517503738403,2.9357051849365234,0.004383585415780544
box_inpainting,crane_structure,3,7,0.777,0.08919999999999997,0.22819071692139276,0.02786899358034134,0.8135193586349487,0.9376853704452515,0.9999298453330994,3.242722511291504,0.0037848923821002245
box_inpainting,crane_structure,3,8,0.888,0.044799999999999986,0.22819071692139276,0.044657252728939056,0.8690024614334106,0.9015183448791504,1.0011248588562012,3.467759847640991,0.00274994526989758
box_inpainting,crane_structure,3,9,0.999,0.0004000000000000003,nan,0.14477470517158508,0.8690024614334106,0.9015183448791504,1.0011248588562012,3.467759847640991,0.00274994526989758
box_inpainting,ibex_horns,0,0,0.0,1.0,0.2000590571988071,0.009970428422093391,0.10202642530202866,3.529331922531128,0.9947441816329956,0.3529508411884308,0.01838495023548603
box_inpainting,ibex_horns,0,1,0.111,0.9722500000000001,0.2000590571988071,0.010642001405358315,0.09918664395809174,3.529247283935547,0.9973888397216797,0.3418342173099518,0.018304115161299706
box_inpainting,ibex_horns,0,2,0.222,0.9445,0.2000590571988071,0.01062399335205555,0.09702127426862717,3.529275417327881,0.9829674363136292,0.33318623900413513,0.018299613147974014
box_inpainting,ibex_horns,0,3,0.333,0.9167500000000001,0.2000590571988071,0.009873627685010433,0.10941450297832489,3.5292980670928955,0.9869840145111084,0.3824367821216583,0.0184070635586977
box_inpainting,ibex_horns,0,4,0.444,0.889,0.2000590571988071,0.009073696099221706,0.09647476673126221,3.5293538570404053,0.9984487891197205,0.33071058988571167,0.0183961633592844
box_inpainting,ibex_horns,0,5,0.555,0.86125,0.2000590571988071,0.008365506306290627,0.13574545085430145,3.5292696952819824,0.9851222038269043,0.4877043664455414,0.01842580735683441
box_inpainting,ibex_horns,0,6,0.666,0.8335,0.2000590571988071,0.007804953958839178,0.11892883479595184,3.5292766094207764,1.0122591257095337,0.4204564094543457,0.018419643864035606
box_inpainting,ibex_horns,0,7,0.777,0.80575,0.2000590571988071,0.0074211894534528255,0.08690612018108368,3.5294106006622314,1.0158469676971436,0.292373389005661,0.01841701753437519
box_inpainting,ibex_horns,0,8,0.888,0.778,0.2000590571988071,0.00719289667904377,0.0963207334280014,3.5292882919311523,0.9899382591247559,0.33010226488113403,0.018393561244010925
box_inpainting,ibex_horns,0,9,0.999,0.75025,0.2000590571988071,0.007022725883871317,0.09753052890300751,3.5292487144470215,0.9699146151542664,0.3350849449634552,0.01834571734070778
box_inpainting,ibex_horns,1,0,0.0,0.8571428571428572,0.21108518838244975,0.013227979652583599,0.12266580760478973,2.646728515625,1.001232385635376,0.4446009695529938,0.01535407081246376
box_inpainting,ibex_horns,1,1,0.111,0.8175000000000001,0.21108518838244975,0.012689127586781979,0.10284847021102905,2.646807909011841,1.0051027536392212,0.3651118576526642,0.015427349135279655
box_inpainting,ibex_horns,1,2,0.222,0.7778571428571429,0.21108518838244975,0.012317526154220104,0.12606841325759888,2.647014856338501,1.0067402124404907,0.45799946784973145,0.015424736775457859
box_inpainting,ibex_horns,1,3,0.333,0.7382142857142858,0.21108518838244975,0.012009454891085625,0.13447366654872894,2.647015333175659,1.0015387535095215,0.4915652275085449,0.015443146228790283
box_inpainting,ibex_horns,1,4,0.444,0.6985714285714286,0.21108518838244975,0.011795909143984318,0.1183386892080307,2.6466033458709717,0.9979171752929688,0.4269457757472992,0.015469655394554138
box_inpainting,ibex_horns,1,5,0.555,0.6589285714285714,0.21108518838244975,0.011530348099768162,0.11083211749792099,2.646813154220581,1.005010962486267,0.39716315269470215,0.015388435684144497
box_inpainting,ibex_horns,1,6,0.666,0.6192857142857142,0.21108518838244975,0.011259624734520912,0.09809689223766327,2.646583080291748,0.9920858144760132,0.34598711133003235,0.015466802753508091
box_inpainting,ibex_horns,1,7,0.777,0.5796428571428571,0.21108518838244975,0.010943361558020115,0.09994488954544067,2.646740674972534,1.0061179399490356,0.353861004114151,0.015306179411709309
box_inpainting,ibex_horns,1,8,0.888,0.54,0.21108518838244975,0.010707459412515163,0.09338726848363876,2.6469407081604004,1.0071406364440918,0.3271835744380951,0.015455166809260845
box_inpainting,ibex_horns,1,9,0.999,0.5003571428571428,0.21108518838244975,0.010580291040241718,0.0907529816031456,2.64666485786438,0.9874954223632812,0.31672433018684387,0.01542919222265482
box_inpainting,ibex_horns,2,0,0.0,0.6666666666666667,0.2203612135091675,0.011577649042010307,0.10669636726379395,1.8663944005966187,0.9937723875045776,0.37404632568359375,0.017579708248376846
box_inpainting,ibex_horns,2,1,0.111,0.6204166666666668,0.2203612135091675,0.011458246037364006,0.10588596761226654,1.8667429685592651,1.0020711421966553,0.37050655484199524,0.017679091542959213
box_inpainting,ibex_horns,2,2,0.222,0.5741666666666667,0.2203612135091675,0.011648545041680336,0.09990854561328888,1.8662368059158325,1.0010837316513062,0.34679457545280457,0.017613202333450317
box_inpainting,ibex_horns,2,3,0.333,0.5279166666666668,0.2203612135091675,0.011883500963449478,0.10236740112304688,1.8674004077911377,0.9983058571815491,0.3569660186767578,0.017501192167401314
box_inpainting,ibex_horns,2,4,0.444,0.48166666666666674,0.2203612135091675,0.01197701133787632,0.09631478041410446,1.8667399883270264,0.9982717037200928,0.33253535628318787,0.01757458597421646
box_inpainting,ibex_horns,2,5,0.555,0.4354166666666667,0.2203612135091675,0.012359649874269962,0.09456982463598251,1.866883397102356,1.0028070211410522,0.3255406618118286,0.017579544335603714
box_inpainting,ibex_horns,2,6,0.666,0.38916666666666666,0.2203612135091675,0.012831875123083591,0.09813714027404785,1.8672776222229004,1.0008031129837036,0.3394145965576172,0.017711319029331207
box_inpainting,ibex_horns,2,7,0.777,0.34291666666666665,0.2203612135091675,0.013585136272013187,0.1179976761341095,1.8675199747085571,1.0048716068267822,0.41913342475891113,0.01761908270418644
box_inpainting,ibex_horns,2,8,0.888,0.2966666666666667,0.2203612135091675,0.014856654219329357,0.1440737545490265,1.8661829233169556,1.0049186944961548,0.5237140655517578,0.01752697117626667
box_inpainting,ibex_horns,2,9,0.999,0.2504166666666667,0.2203612135091675,0.016559859737753868,0.154896080493927,1.8667882680892944,0.9971063733100891,0.5676375031471252,0.017315592616796494
box_inpainting,ibex_horns,3,0,0.0,0.3999999999999999,0.22819071692139276,0.009431982412934303,0.1006234735250473,0.9965498447418213,1.0001496076583862,0.38784608244895935,0.004882605746388435
box_inpainting,ibex_horns,3,1,0.111,0.3555999999999999,0.22819071692139276,0.01087617315351963,0.35036611557006836,0.9929625391960144,1.001513957977295,1.3869290351867676,0.004845140501856804
box_inpainting,ibex_horns,3,2,0.222,0.3111999999999999,0.22819071692139276,0.013747267425060272,0.3549717366695404,0.9940565824508667,1.0013316869735718,1.4052587747573853,0.004876054357737303
box_inpainting,ibex_horns,3,3,0.333,0.2668,0.22819071692139276,0.01540498249232769,0.414761483669281,0.9904240369796753,0.9984867572784424,1.6446841955184937,0.004787219222635031
box_inpainting,ibex_horns,3,4,0.444,0.22239999999999996,0.22819071692139276,0.016522610560059547,0.5038952827453613,0.9895013570785522,0.9965718388557434,2.0012073516845703,0.004791291430592537
box_inpainting,ibex_horns,3,5,0.555,0.17799999999999994,0.22819071692139276,0.01827741414308548,0.6442540884017944,0.9832358956336975,0.9995768070220947,2.5629851818084717,0.004677042365074158
box_inpainting,ibex_horns,3,6,0.666,0.13359999999999997,0.22819071692139276,0.021496202796697617,0.7579020261764526,0.9738149046897888,1.0008517503738403,3.0183277130126953,0.004426730331033468
box_inpainting,ibex_horns,3,7,0.777,0.08919999999999997,0.22819071692139276,0.02786899358034134,0.8611255884170532,0.9495822787284851,0.9999298453330994,3.4324350357055664,0.0040223426185548306
box_inpainting,ibex_horns,3,8,0.888,0.044799999999999986,0.22819071692139276,0.044657252728939056,0.9354760050773621,0.9266947507858276,1.0011248588562012,3.732105016708374,0.0032662092708051205
box_inpainting,ibex_horns,3,9,0.999,0.0004000000000000003,nan,0.14477470517158508,0.9354760050773621,0.9266947507858276,1.0011248588562012,3.732105016708374,0.0032662092708051205
box_inpainting,junco,0,0,0.0,1.0,0.2000590571988071,0.009970428422093391,0.07056160271167755,1.935239315032959,0.9947441816329956,0.2583688497543335,0.007959185168147087
box_inpainting,junco,0,1,0.111,0.9722500000000001,0.2000590571988071,0.010642001405358315,0.0707843080163002,1.9350844621658325,0.9973888397216797,0.2594182789325714,0.007906307466328144
box_inpainting,junco,0,2,0.222,0.9445,0.2000590571988071,0.01062399335205555,0.06568194925785065,1.9351236820220947,0.9829674363136292,0.238627627491951,0.008033392950892448
box_inpainting,junco,0,3,0.333,0.9167500000000001,0.2000590571988071,0.009873627685010433,0.06903939694166183,1.9351725578308105,0.9869840145111084,0.25236228108406067,0.007931770756840706
box_inpainting,junco,0,4,0.444,0.889,0.2000590571988071,0.009073696099221706,0.06315240263938904,1.9352784156799316,0.9984487891197205,0.22861309349536896,0.007998837158083916
box_inpainting,junco,0,5,0.555,0.86125,0.2000590571988071,0.008365506306290627,0.0863833874464035,1.9351202249526978,0.9851222038269043,0.32152682542800903,0.008002237416803837
box_inpainting,junco,0,6,0.666,0.8335,0.2000590571988071,0.007804953958839178,0.08181753009557724,1.9351391792297363,1.0122591257095337,0.30338796973228455,0.007960711605846882
box_inpainting,junco,0,7,0.777,0.80575,0.2000590571988071,0.0074211894534528255,0.060560666024684906,1.9353748559951782,1.0158469676971436,0.2180403470993042,0.008067440241575241
box_inpainting,junco,0,8,0.888,0.778,0.2000590571988071,0.00719289667904377,0.06673867255449295,1.9351495504379272,0.9899382591247559,0.24287325143814087,0.008027144707739353
box_inpainting,junco,0,9,0.999,0.75025,0.2000590571988071,0.007022725883871317,0.06252400577068329,1.9350894689559937,0.9699145555496216,0.22647549211978912,0.007873505353927612
box_inpainting,junco,1,0,0.0,0.8571428571428572,0.21108518838244975,0.013227979652583599,0.08174148201942444,1.4852041006088257,1.001232385635376,0.31139880418777466,0.005189049523323774
box_inpainting,junco,1,1,0.111,0.8175000000000001,0.21108518838244975,0.012689127586781979,0.07054292410612106,1.4853081703186035,1.0051027536392212,0.266598641872406,0.005191015545278788
box_inpainting,junco,1,2,0.222,0.7778571428571429,0.21108518838244975,0.012317526154220104,0.07661604881286621,1.485710620880127,1.0067402124404907,0.2907503843307495,0.00523793138563633
box_inpainting,junco,1,3,0.333,0.7382142857142858,0.21108518838244975,0.012009454891085625,0.07913869619369507,1.4856830835342407,1.0015387535095215,0.3009326159954071,0.005207396112382412
box_inpainting,junco,1,4,0.444,0.6985714285714286,0.21108518838244975,0.011795909143984318,0.07431638240814209,1.4849352836608887,0.9979171752929688,0.28156694769859314,0.005232853349298239
box_inpainting,junco,1,5,0.555,0.6589285714285714,0.21108518838244975,0.011530348099768162,0.07031634449958801,1.4853185415267944,1.005010962486267,0.2655879259109497,0.0052258106879889965
box_inpainting,junco,1,6,0.666,0.6192857142857142,0.21108518838244975,0.011259624734520912,0.06711991876363754,1.4849010705947876,0.9920858144760132,0.2530848979949951,0.005131599958986044
box_inpainting,junco,1,7,0.777,0.5796428571428571,0.21108518838244975,0.010943361558020115,0.06844007223844528,1.4851641654968262,1.0061179399490356,0.25823119282722473,0.005176355596631765
box_inpainting,junco,1,8,0.888,0.54,0.21108518838244975,0.010707459412515163,0.06613107770681381,1.4855324029922485,1.0071406364440918,0.24882476031780243,0.005233177915215492
box_inpainting,junco,1,9,0.999,0.5003571428571428,0.21108518838244975,0.010580291040241718,0.05836772918701172,1.4851018190383911,0.9874954223632812,0.21800784766674042,0.005154358223080635
box_inpainting,junco,2,0,0.0,0.6666666666666667,0.2203612135091675,0.011577649042010307,0.08386002480983734,1.186676263809204,0.9937723875045776,0.31199556589126587,0.007814828306436539
box_inpainting,junco,2,1,0.111,0.6204166666666668,0.2203612135091675,0.011458246037364006,0.08236009627580643,1.1873538494110107,1.0020711421966553,0.30579349398612976,0.007882293313741684
box_inpainting,junco,2,2,0.222,0.5741666666666667,0.2203612135091675,0.011648545041680336,0.08571891486644745,1.186347246170044,1.0010837316513062,0.31968697905540466,0.007729554548859596
box_inpainting,junco,2,3,0.333,0.5279166666666668,0.2203612135091675,0.011883500963449478,0.08343201875686646,1.1880865097045898,0.9983058571815491,0.3101770579814911,0.007850348949432373
box_inpainting,junco,2,4,0.444,0.48166666666666674,0.2203612135091675,0.01197701133787632,0.0796172246336937,1.187209129333496,0.9982717037200928,0.2950992286205292,0.007789891678839922
box_inpainting,junco,2,5,0.555,0.4354166666666667,0.2203612135091675,0.012359649874269962,0.08508926630020142,1.187383770942688,1.0028070211410522,0.3170287609100342,0.007776094134896994
box_inpainting,junco,2,6,0.666,0.38916666666666666,0.2203612135091675,0.012831875123083591,0.08740018308162689,1.1880611181259155,1.0008031129837036,0.32628658413887024,0.007771384436637163
box_inpainting,junco,2,7,0.777,0.34291666666666665,0.2203612135091675,0.013585136272013187,0.11585924029350281,1.1881697177886963,1.0048716068267822,0.4400244653224945,0.007804171182215214
box_inpainting,junco,2,8,0.888,0.2966666666666667,0.2203612135091675,0.014856654219329357,0.12385138124227524,1.1862643957138062,1.0049186944961548,0.47263094782829285,0.0075915222987532616
box_inpainting,junco,2,9,0.999,0.2504166666666667,0.2203612135091675,0.016559859737753868,0.12401601672172546,1.1867419481277466,0.9971063733100891,0.4732705354690552,0.007597853895276785
box_inpainting,junco,3,0,0.0,0.3999999999999999,0.22819071692139276,0.009431982412934303,0.07860089838504791,0.9951732754707336,1.0001496076583862,0.2997262179851532,0.00489245168864727
box_inpainting,junco,3,1,0.111,0.3555999999999999,0.22819071692139276,0.01087617315351963,0.36765140295028687,0.9915334582328796,1.001513957977295,1.456018090248108,0.004862504545599222
box_inpainting,junco,3,2,0.222,0.3111999999999999,0.22819071692139276,0.013747267425060272,0.376107782125473,0.9926405549049377,1.0013316869735718,1.4899193048477173,0.004837295040488243
box_inpainting,junco,3,3,0.333,0.2668,0.22819071692139276,0.01540498249232769,0.44481655955314636,0.9881901741027832,0.9984867572784424,1.7648736238479614,0.004797549452632666
box_inpainting,junco,3,4,0.444,0.22239999999999996,0.22819071692139276,0.016522610560059547,0.5847193598747253,0.987565815448761,0.9965718388557434,2.3246824741363525,0.004731675609946251
box_inpainting,junco,3,5,0.555,0.17799999999999994,0.22819071692139276,0.01827741414308548,0.7023711204528809,0.9801188707351685,0.9995768070220947,2.7956931591033936,0.004597035236656666
box_inpainting,junco,3,6,0.666,0.13359999999999997,0.22819071692139276,0.021496202796697617,0.7847881317138672,0.9677236676216125,1.0008517503738403,3.126054525375366,0.004365886561572552
box_inpainting,junco,3,7,0.777,0.08919999999999997,0.22819071692139276,0.02786899358034134,0.8379732966423035,0.9374170303344727,0.9999298453330994,3.3405230045318604,0.00379010196775198
box_inpainting,junco,3,8,0.888,0.044799999999999986,0.22819071692139276,0.044657252728939056,0.8825291991233826,0.899051308631897,1.0011248588562012,3.521674871444702,0.002814007457345724
box_inpainting,junco,3,9,0.999,0.0004000000000000003,nan,0.14477470517158508,0.8825291991233826,0.899051308631897,1.0011248588562012,3.521674871444702,0.002814007457345724
box_inpainting,lakeside_beach,0,0,0.0,1.0,0.2000590571988071,0.009970428422093391,0.049104418605566025,1.7810657024383545,0.9947441816329956,0.19161748886108398,0.0016000645700842142
box_inpainting,lakeside_beach,0,1,0.111,0.9722500000000001,0.2000590571988071,0.010642001405358315,0.04871471971273422,1.780902624130249,0.9973888397216797,0.19006957113742828,0.0015964333433657885
box_inpainting,lakeside_beach,0,2,0.222,0.9445,0.2000590571988071,0.01062399335205555,0.04701382666826248,1.7809380292892456,0.9829674363136292,0.18325437605381012,0.0016003064811229706
box_inpainting,lakeside_beach,0,3,0.333,0.9167500000000001,0.2000590571988071,0.009873627685010433,0.05128607153892517,1.7809927463531494,0.9869840145111084,0.20030838251113892,0.00161196559201926
box_inpainting,lakeside_beach,0,4,0.444,0.889,0.2000590571988071,0.009073696099221706,0.04568023607134819,1.7811130285263062,0.9984487891197205,0.17787973582744598,0.0016137289348989725
box_inpainting,lakeside_beach,0,5,0.555,0.86125,0.2000590571988071,0.008365506306290627,0.06571093201637268,1.7809418439865112,0.9851222038269043,0.25797542929649353,0.001622761250473559
box_inpainting,lakeside_beach,0,6,0.666,0.8335,0.2000590571988071,0.007804953958839178,0.04752793908119202,1.7809559106826782,1.0122591257095337,0.1853068321943283,0.0016016430454328656
box_inpainting,lakeside_beach,0,7,0.777,0.80575,0.2000590571988071,0.0074211894534528255,0.04442219436168671,1.7812191247940063,1.0158469676971436,0.17290611565113068,0.0015942208701744676
box_inpainting,lakeside_beach,0,8,0.888,0.778,0.2000590571988071,0.00719289667904377,0.045249395072460175,1.7809643745422363,0.9899382591247559,0.17610891163349152,0.0016295543173328042
box_inpainting,lakeside_beach,0,9,0.999,0.75025,0.2000590571988071,0.007022725883871317,0.039891567081213,1.780900001525879,0.9699145555496216,0.15468214452266693,0.0016280377749353647
box_inpainting,lakeside_beach,1,0,0.0,0.8571428571428572,0.21108518838244975,0.013227979652583599,0.058734506368637085,1.4808663129806519,1.001232385635376,0.22670967876911163,0.0027427792083472013
box_inpainting,lakeside_beach,1,1,0.111,0.8175000000000001,0.21108518838244975,0.012689127586781979,0.054551418870687485,1.4809924364089966,1.0051027536392212,0.20997722446918488,0.0027428162284195423
box_inpainting,lakeside_beach,1,2,0.222,0.7778571428571429,0.21108518838244975,0.012317526154220104,0.05268966406583786,1.4813979864120483,1.0067402124404907,0.20254456996917725,0.002738021546974778
box_inpainting,lakeside_beach,1,3,0.333,0.7382142857142858,0.21108518838244975,0.012009454891085625,0.05497889220714569,1.4813615083694458,1.0015387535095215,0.21167917549610138,0.002745463280007243
box_inpainting,lakeside_beach,1,4,0.444,0.6985714285714286,0.21108518838244975,0.011795909143984318,0.054605673998594284,1.4806395769119263,0.9979171752929688,0.21019446849822998,0.002742746379226446
box_inpainting,lakeside_beach,1,5,0.555,0.6589285714285714,0.21108518838244975,0.011530348099768162,0.052395980805158615,1.4809948205947876,1.005010962486267,0.20144522190093994,0.002712889574468136
box_inpainting,lakeside_beach,1,6,0.666,0.6192857142857142,0.21108518838244975,0.011259624734520912,0.052497558295726776,1.4805632829666138,0.9920858144760132,0.20182101428508759,0.0027230773121118546
box_inpainting,lakeside_beach,1,7,0.777,0.5796428571428571,0.21108518838244975,0.010943361558020115,0.04925205558538437,1.4808231592178345,1.0061179399490356,0.1887546330690384,0.002751187887042761
box_inpainting,lakeside_beach,1,8,0.888,0.54,0.21108518838244975,0.010707459412515163,0.04917517304420471,1.4812275171279907,1.0071406364440918,0.1883913278579712,0.0027697887271642685
box_inpainting,lakeside_beach,1,9,0.999,0.5003571428571428,0.21108518838244975,0.010580291040241718,0.04763009399175644,1.4807661771774292,0.9874954223632812,0.1823151558637619,0.0027350778691470623
box_inpainting,lakeside_beach,2,0,0.0,0.6666666666666667,0.2203612135091675,0.011577649042010307,0.06170687824487686,1.2320647239685059,0.9937723875045776,0.2270931750535965,0.006578108295798302
box_inpainting,lakeside_beach,2,1,0.111,0.6204166666666668,0.2203612135091675,0.011458246037364006,0.06139793619513512,1.2327364683151245,1.0020711421966553,0.22592365741729736,0.006556019186973572
box_inpainting,lakeside_beach,2,2,0.222,0.5741666666666667,0.2203612135091675,0.011648545041680336,0.05902235954999924,1.2317672967910767,1.0010837316513062,0.21661071479320526,0.006492907181382179
box_inpainting,lakeside_beach,2,3,0.333,0.5279166666666668,0.2203612135091675,0.011883500963449478,0.05827855318784714,1.2334619760513306,0.9983058571815491,0.2133592814207077,0.0065849656239151955
box_inpainting,lakeside_beach,2,4,0.444,0.48166666666666674,0.2203612135091675,0.01197701133787632,0.05557551607489586,1.232652187347412,0.9982717037200928,0.20269520580768585,0.006535613909363747
box_inpainting,lakeside_beach,2,5,0.555,0.4354166666666667,0.2203612135091675,0.012359649874269962,0.05681329220533371,1.2327276468276978,1.0028070211410522,0.2075243443250656,0.006576267536729574
box_inpainting,lakeside_beach,2,6,0.666,0.38916666666666666,0.2203612135091675,0.012831875123083591,0.06663545966148376,1.233415126800537,1.0008031129837036,0.24690233170986176,0.006546502932906151
box_inpainting,lakeside_beach,2,7,0.777,0.34291666666666665,0.2203612135091675,0.013585136272013187,0.08489499986171722,1.233688235282898,1.0048716068267822,0.32005414366722107,0.006508617661893368
box_inpainting,lakeside_beach,2,8,0.888,0.2966666666666667,0.2203612135091675,0.014856654219329357,0.10020953416824341,1.231724739074707,1.0049186944961548,0.38166365027427673,0.006391518749296665
box_inpainting,lakeside_beach,2,9,0.999,0.2504166666666667,0.2203612135091675,0.016559859737753868,0.10808410495519638,1.23218834400177,0.9971063137054443,0.41349926590919495,0.00627902802079916
box_inpainting,lakeside_beach,3,0,0.0,0.3999999999999999,0.22819071692139276,0.009431982412934303,0.05995048210024834,0.9947933554649353,1.0001496076583862,0.225190207362175,0.004870564676821232
box_inpainting,lakeside_beach,3,1,0.111,0.3555999999999999,0.22819071692139276,0.01087617315351963,0.25678399205207825,0.9909317493438721,1.001513957977295,1.012553095817566,0.004860947374254465
box_inpainting,lakeside_beach,3,2,0.222,0.3111999999999999,0.22819071692139276,0.013747267425060272,0.3238884210586548,0.992202877998352,1.0013316869735718,1.2809991836547852,0.004851499572396278
box_inpainting,lakeside_beach,3,3,0.333,0.2668,0.22819071692139276,0.01540498249232769,0.39140915870666504,0.9878464341163635,0.9984867572784424,1.551279067993164,0.0047858706675469875
box_inpainting,lakeside_beach,3,4,0.444,0.22239999999999996,0.22819071692139276,0.016522610560059547,0.5223959684371948,0.9869381189346313,0.9965718388557434,2.075319290161133,0.004754801746457815
box_inpainting,lakeside_beach,3,5,0.555,0.17799999999999994,0.22819071692139276,0.01827741414308548,0.6605698466300964,0.979817807674408,0.9995768070220947,2.628500461578369,0.004592953249812126
box_inpainting,lakeside_beach,3,6,0.666,0.13359999999999997,0.22819071692139276,0.021496202796697617,0.7793704271316528,0.9676315188407898,1.0008517503738403,3.1044037342071533,0.004359352868050337
box_inpainting,lakeside_beach,3,7,0.777,0.08919999999999997,0.22819071692139276,0.02786899358034134,0.8818341493606567,0.9373728036880493,0.9999298453330994,3.515955686569214,0.003793676383793354
box_inpainting,lakeside_beach,3,8,0.888,0.044799999999999986,0.22819071692139276,0.044657252728939056,0.9585294723510742,0.9001957774162292,1.0011248588562012,3.8259189128875732,0.002732965163886547
box_inpainting,lakeside_beach,3,9,0.999,0.0004000000000000003,nan,0.14477470517158508,0.9585294723510742,0.9001957774162292,1.0011248588562012,3.8259189128875732,0.002732965163886547
box_inpainting,sea_anemone,0,0,0.0,1.0,0.2000590571988071,0.009970428422093391,0.11182456463575363,2.09980845451355,0.9947441816329956,0.43566760420799255,0.0038768851663917303
box_inpainting,sea_anemone,0,1,0.111,0.9722500000000001,0.2000590571988071,0.010642001405358315,0.10467009246349335,2.0996508598327637,0.9973888397216797,0.40713784098625183,0.0038474975153803825
box_inpainting,sea_anemone,0,2,0.222,0.9445,0.2000590571988071,0.01062399335205555,0.11234655976295471,2.0996792316436768,0.9829674363136292,0.4377204179763794,0.0038886149413883686
box_inpainting,sea_anemone,0,3,0.333,0.9167500000000001,0.2000590571988071,0.009873627685010433,0.12609046697616577,2.0997464656829834,0.9869840145111084,0.4928714334964752,0.0038301299791783094
box_inpainting,sea_anemone,0,4,0.444,0.889,0.2000590571988071,0.009073696099221706,0.09515711665153503,2.099839448928833,0.9984487891197205,0.36886993050575256,0.003919497597962618
box_inpainting,sea_anemone,0,5,0.555,0.86125,0.2000590571988071,0.008365506306290627,0.15185320377349854,2.099696159362793,0.9851222038269043,0.5957702994346619,0.003880854230374098
box_inpainting,sea_anemone,0,6,0.666,0.8335,0.2000590571988071,0.007804953958839178,0.12108854949474335,2.0997180938720703,1.0122591257095337,0.47273775935173035,0.0038721549790352583
box_inpainting,sea_anemone,0,7,0.777,0.80575,0.2000590571988071,0.0074211894534528255,0.08215010166168213,2.099933385848999,1.0158469676971436,0.3168872594833374,0.0039043885190039873
box_inpainting,sea_anemone,0,8,0.888,0.778,0.2000590571988071,0.00719289667904377,0.06621358543634415,2.0997073650360107,0.9899382591247559,0.25319933891296387,0.0038849888369441032
box_inpainting,sea_anemone,0,9,0.999,0.75025,0.2000590571988071,0.007022725883871317,0.06675022840499878,2.099661350250244,0.9699145555496216,0.2553430497646332,0.003885956248268485
box_inpainting,sea_anemone,1,0,0.0,0.8571428571428572,0.21108518838244975,0.013227979652583599,0.09717225283384323,1.861595869064331,1.001232385635376,0.3764932453632355,0.004065247718244791
box_inpainting,sea_anemone,1,1,0.111,0.8175000000000001,0.21108518838244975,0.012689127586781979,0.08070860803127289,1.8616905212402344,1.0051027536392212,0.31083688139915466,0.003999170381575823
box_inpainting,sea_anemone,1,2,0.222,0.7778571428571429,0.21108518838244975,0.012317526154220104,0.10351549088954926,1.862048864364624,1.0067402124404907,0.40196728706359863,0.004031552001833916
box_inpainting,sea_anemone,1,3,0.333,0.7382142857142858,0.21108518838244975,0.012009454891085625,0.11351345479488373,1.8619811534881592,1.0015387535095215,0.44169309735298157,0.004120222292840481
box_inpainting,sea_anemone,1,4,0.444,0.6985714285714286,0.21108518838244975,0.011795909143984318,0.08849309384822845,1.8614166975021362,0.9979171752929688,0.34177422523498535,0.004066026769578457
box_inpainting,sea_anemone,1,5,0.555,0.6589285714285714,0.21108518838244975,0.011530348099768162,0.08182082325220108,1.8617116212844849,1.005010962486267,0.31503796577453613,0.004081772640347481
box_inpainting,sea_anemone,1,6,0.666,0.6192857142857142,0.21108518838244975,0.011259624734520912,0.07480159401893616,1.861360788345337,0.9920858144760132,0.2870887219905853,0.0040392158553004265
box_inpainting,sea_anemone,1,7,0.777,0.5796428571428571,0.21108518838244975,0.010943361558020115,0.08110128343105316,1.8615517616271973,1.0061179399490356,0.31215205788612366,0.004084343556314707
box_inpainting,sea_anemone,1,8,0.888,0.54,0.21108518838244975,0.010707459412515163,0.09104358404874802,1.8618823289871216,1.0071406364440918,0.3518349826335907,0.004113126080483198
box_inpainting,sea_anemone,1,9,0.999,0.5003571428571428,0.21108518838244975,0.010580291040241718,0.08759568631649017,1.8615103960037231,0.9874954223632812,0.33816877007484436,0.004071305505931377
box_inpainting,sea_anemone,2,0,0.0,0.6666666666666667,0.2203612135091675,0.011577649042010307,0.10096524655818939,1.5216658115386963,0.9937723875045776,0.37366166710853577,0.010066432878375053
box_inpainting,sea_anemone,2,1,0.111,0.6204166666666668,0.2203612135091675,0.011458246037364006,0.10549525916576385,1.5221107006072998,1.0020711421966553,0.39112338423728943,0.010285882279276848
box_inpainting,sea_anemone,2,2,0.222,0.5741666666666667,0.2203612135091675,0.011648545041680336,0.11344444751739502,1.5213918685913086,1.0010837316513062,0.4235990047454834,0.01005958765745163
box_inpainting,sea_anemone,2,3,0.333,0.5279166666666668,0.2203612135091675,0.011883500963449478,0.11841219663619995,1.522787094116211,0.9983058571815491,0.44344332814216614,0.01006848644465208
box_inpainting,sea_anemone,2,4,0.444,0.48166666666666674,0.2203612135091675,0.01197701133787632,0.1112891286611557,1.5221188068389893,0.9982717037200928,0.41493940353393555,0.010072355158627033
box_inpainting,sea_anemone,2,5,0.555,0.4354166666666667,0.2203612135091675,0.012359649874269962,0.10922174155712128,1.522194504737854,1.0028070211410522,0.4067626893520355,0.010041428729891777
box_inpainting,sea_anemone,2,6,0.666,0.38916666666666666,0.2203612135091675,0.012831875123083591,0.11117355525493622,1.5229108333587646,1.0008031129837036,0.4150162935256958,0.009892634116113186
box_inpainting,sea_anemone,2,7,0.777,0.34291666666666665,0.2203612135091675,0.013585136272013187,0.11494182050228119,1.5230376720428467,1.0048716068267822,0.4298149645328522,0.009984105825424194
box_inpainting,sea_anemone,2,8,0.888,0.2966666666666667,0.2203612135091675,0.014856654219329357,0.12432893365621567,1.5214617252349854,1.0049186944961548,0.46770334243774414,0.00987081229686737
box_inpainting,sea_anemone,2,9,0.999,0.2504166666666667,0.2203612135091675,0.016559859737753868,0.12303929775953293,1.5219581127166748,0.9971063733100891,0.4629420340061188,0.009738383814692497
box_inpainting,sea_anemone,3,0,0.0,0.3999999999999999,0.22819071692139276,0.009431982412934303,0.10463112592697144,0.995342493057251,1.0001496076583862,0.40383854508399963,0.004895313177257776
box_inpainting,sea_anemone,3,1,0.111,0.3555999999999999,0.22819071692139276,0.01087617315351963,0.35287272930145264,0.9915821552276611,1.001513957977295,1.3969675302505493,0.004841138143092394
box_inpainting,sea_anemone,3,2,0.222,0.3111999999999999,0.22819071692139276,0.013747267425060272,0.3785569667816162,0.9928062558174133,1.0013316869735718,1.4996505975723267,0.004859116859734058
box_inpainting,sea_anemone,3,3,0.333,0.2668,0.22819071692139276,0.01540498249232769,0.4219749867916107,0.9884844422340393,0.9984867572784424,1.6734991073608398,0.0048003471456468105
box_inpainting,sea_anemone,3,4,0.444,0.22239999999999996,0.22819071692139276,0.016522610560059547,0.5347374677658081,0.9878737330436707,0.9965718388557434,2.124680757522583,0.0047562699764966965
box_inpainting,sea_anemone,3,5,0.555,0.17799999999999994,0.22819071692139276,0.01827741414308548,0.6844459772109985,0.9810565710067749,0.9995768070220947,2.7238729000091553,0.004636893980205059
box_inpainting,sea_anemone,3,6,0.666,0.13359999999999997,0.22819071692139276,0.021496202796697617,0.8070113062858582,0.9705166220664978,1.0008517503738403,3.2149581909179688,0.004362328443676233
box_inpainting,sea_anemone,3,7,0.777,0.08919999999999997,0.22819071692139276,0.02786899358034134,0.9028587341308594,0.9435667991638184,0.9999298453330994,3.5998404026031494,0.003864733735099435
box_inpainting,sea_anemone,3,8,0.888,0.044799999999999986,0.22819071692139276,0.044657252728939056,0.9760107398033142,0.916452944278717,1.0011248588562012,3.895047903060913,0.0029984191060066223
box_inpainting,sea_anemone,3,9,0.999,0.0004000000000000003,nan,0.14477470517158508,0.9760107398033142,0.916452944278717,1.0011248588562012,3.895047903060913,0.0029984191060066223
box_inpainting,shetland_sheepdog,0,0,0.0,1.0,0.2000590571988071,0.009970428422093391,0.08424834907054901,1.891802191734314,0.9947441816329956,0.32290202379226685,0.004697126802057028
box_inpainting,shetland_sheepdog,0,1,0.111,0.9722500000000001,0.2000590571988071,0.010642001405358315,0.09482597559690475,1.8916361331939697,0.9973888397216797,0.3652825653553009,0.004673781339079142
box_inpainting,shetland_sheepdog,0,2,0.222,0.9445,0.2000590571988071,0.01062399335205555,0.08283083140850067,1.891674518585205,0.9829674363136292,0.31720367074012756,0.004706553183495998
box_inpainting,shetland_sheepdog,0,3,0.333,0.9167500000000001,0.2000590571988071,0.009873627685010433,0.09463759511709213,1.8917328119277954,0.9869840145111084,0.3644884526729584,0.004687319044023752
box_inpainting,shetland_sheepdog,0,4,0.444,0.889,0.2000590571988071,0.009073696099221706,0.07953955233097076,1.8918483257293701,0.9984487891197205,0.30420470237731934,0.004651165567338467
box_inpainting,shetland_sheepdog,0,5,0.555,0.86125,0.2000590571988071,0.008365506306290627,0.1361880600452423,1.8916815519332886,0.9851222038269043,0.530546247959137,0.004735307767987251
box_inpainting,shetland_sheepdog,0,6,0.666,0.8335,0.2000590571988071,0.007804953958839178,0.11368662118911743,1.8917056322097778,1.0122591257095337,0.44071051478385925,0.004678650759160519
box_inpainting,shetland_sheepdog,0,7,0.777,0.80575,0.2000590571988071,0.0074211894534528255,0.07408439368009567,1.891945719718933,1.0158469676971436,0.2821725606918335,0.004721667151898146
box_inpainting,shetland_sheepdog,0,8,0.888,0.778,0.2000590571988071,0.00719289667904377,0.08983451128005981,1.891697883605957,0.9899382591247559,0.3452834188938141,0.00468487711623311
box_inpainting,shetland_sheepdog,0,9,0.999,0.75025,0.2000590571988071,0.007022725883871317,0.08330308645963669,1.8916443586349487,0.9699145555496216,0.3191659152507782,0.0046821413561701775
box_inpainting,shetland_sheepdog,1,0,0.0,0.8571428571428572,0.21108518838244975,0.013227979652583599,0.10627442598342896,1.5273089408874512,1.001232385635376,0.41202637553215027,0.004357113037258387
box_inpainting,shetland_sheepdog,1,1,0.111,0.8175000000000001,0.21108518838244975,0.012689127586781979,0.08902867883443832,1.5274450778961182,1.0051027536392212,0.3432404100894928,0.0042914217337965965
box_inpainting,shetland_sheepdog,1,2,0.222,0.7778571428571429,0.21108518838244975,0.012317526154220104,0.10135652869939804,1.5278323888778687,1.0067402124404907,0.39244142174720764,0.004328225273638964
box_inpainting,shetland_sheepdog,1,3,0.333,0.7382142857142858,0.21108518838244975,0.012009454891085625,0.11719125509262085,1.5278414487838745,1.0015387535095215,0.45595797896385193,0.00426902063190937
box_inpainting,shetland_sheepdog,1,4,0.444,0.6985714285714286,0.21108518838244975,0.011795909143984318,0.10182704776525497,1.5271048545837402,0.9979171752929688,0.39444485306739807,0.00428776303306222
box_inpainting,shetland_sheepdog,1,5,0.555,0.6589285714285714,0.21108518838244975,0.011530348099768162,0.09067380428314209,1.5274579524993896,1.005010962486267,0.3496460020542145,0.004349732771515846
box_inpainting,shetland_sheepdog,1,6,0.666,0.6192857142857142,0.21108518838244975,0.011259624734520912,0.07834213972091675,1.527039885520935,0.9920858144760132,0.3004993498325348,0.0042897420935332775
box_inpainting,shetland_sheepdog,1,7,0.777,0.5796428571428571,0.21108518838244975,0.010943361558020115,0.08579008281230927,1.527282953262329,1.0061179399490356,0.33030155301094055,0.004286261275410652
box_inpainting,shetland_sheepdog,1,8,0.888,0.54,0.21108518838244975,0.010707459412515163,0.07414889335632324,1.5276931524276733,1.0071406364440918,0.28380098938941956,0.0042648520320653915
box_inpainting,shetland_sheepdog,1,9,0.999,0.5003571428571428,0.21108518838244975,0.010580291040241718,0.06658156961202621,1.527230143547058,0.9874954223632812,0.2533000409603119,0.004342070315033197
box_inpainting,shetland_sheepdog,2,0,0.0,0.6666666666666667,0.2203612135091675,0.011577649042010307,0.08522194623947144,1.1896376609802246,0.9937723875045776,0.3182881474494934,0.007533214055001736
box_inpainting,shetland_sheepdog,2,1,0.111,0.6204166666666668,0.2203612135091675,0.011458246037364006,0.09156497567892075,1.190278172492981,1.0020711421966553,0.3434397280216217,0.007606730796396732
box_inpainting,shetland_sheepdog,2,2,0.222,0.5741666666666667,0.2203612135091675,0.011648545041680336,0.08705306053161621,1.1892462968826294,1.0010837316513062,0.3254396915435791,0.007590849418193102
box_inpainting,shetland_sheepdog,2,3,0.333,0.5279166666666668,0.2203612135091675,0.011883500963449478,0.08973487466573715,1.190948724746704,0.9983058571815491,0.33614885807037354,0.007596882060170174
box_inpainting,shetland_sheepdog,2,4,0.444,0.48166666666666674,0.2203612135091675,0.01197701133787632,0.07960392534732819,1.1900848150253296,0.9982717037200928,0.2955908179283142,0.007608294486999512
box_inpainting,shetland_sheepdog,2,5,0.555,0.4354166666666667,0.2203612135091675,0.012359649874269962,0.07465104013681412,1.1902904510498047,1.0028070211410522,0.2759886085987091,0.007538512349128723
box_inpainting,shetland_sheepdog,2,6,0.666,0.38916666666666666,0.2203612135091675,0.012831875123083591,0.0851125568151474,1.1910521984100342,1.0008031129837036,0.3180474042892456,0.007467599585652351
box_inpainting,shetland_sheepdog,2,7,0.777,0.34291666666666665,0.2203612135091675,0.013585136272013187,0.1004481315612793,1.1912994384765625,1.0048716068267822,0.37931933999061584,0.00749106053262949
box_inpainting,shetland_sheepdog,2,8,0.888,0.2966666666666667,0.2203612135091675,0.014856654219329357,0.13069450855255127,1.189258098602295,1.0049186944961548,0.5006259083747864,0.0073840501718223095
box_inpainting,shetland_sheepdog,2,9,0.999,0.2504166666666667,0.2203612135091675,0.016559859737753868,0.1426272988319397,1.189758539199829,0.9971063733100891,0.5487094521522522,0.007266577798873186
box_inpainting,shetland_sheepdog,3,0,0.0,0.3999999999999999,0.22819071692139276,0.009431982412934303,0.09075721353292465,0.9962063431739807,1.0001496076583862,0.3483845293521881,0.004881435073912144
box_inpainting,shetland_sheepdog,3,1,0.111,0.3555999999999999,0.22819071692139276,0.01087617315351963,0.3592376708984375,0.992477536201477,1.001513957977295,1.4223524332046509,0.004866067785769701
box_inpainting,shetland_sheepdog,3,2,0.222,0.3111999999999999,0.22819071692139276,0.013747267425060272,0.3578890264034271,0.9938070178031921,1.0013316869735718,1.4170202016830444,0.004845240619033575
box_inpainting,shetland_sheepdog,3,3,0.333,0.2668,0.22819071692139276,0.01540498249232769,0.42801451683044434,0.9895289540290833,0.9984867572784424,1.6976737976074219,0.004794764798134565
box_inpainting,shetland_sheepdog,3,4,0.444,0.22239999999999996,0.22819071692139276,0.016522610560059547,0.5365495085716248,0.988967776298523,0.9965718388557434,2.1320555210113525,0.004714124370366335
box_inpainting,shetland_sheepdog,3,5,0.555,0.17799999999999994,0.22819071692139276,0.01827741414308548,0.6722718477249146,0.9817776679992676,0.9995768070220947,2.675255060195923,0.004610806237906218
box_inpainting,shetland_sheepdog,3,6,0.666,0.13359999999999997,0.22819071692139276,0.021496202796697617,0.7817386388778687,0.9702566266059875,1.0008517503738403,3.113854169845581,0.0043668062426149845
box_inpainting,shetland_sheepdog,3,7,0.777,0.08919999999999997,0.22819071692139276,0.02786899358034134,0.8635106086730957,0.9421453475952148,0.9999298453330994,3.4424657821655273,0.00385883916169405
box_inpainting,shetland_sheepdog,3,8,0.888,0.044799999999999986,0.22819071692139276,0.044657252728939056,0.9293994903564453,0.9102898836135864,1.0011248588562012,3.7087242603302,0.002957819728180766
box_inpainting,shetland_sheepdog,3,9,0.999,0.0004000000000000003,nan,0.14477470517158508,0.9293994903564453,0.9102898836135864,1.0011248588562012,3.7087242603302,0.002957819728180766
random_inpainting,breastplate_armor,0,0,0.0,1.0,0.2000590571988071,0.009970428422093391,0.005969773977994919,1.7202736139297485,1.0085068941116333,0.005899589974433184,0.006122092716395855
random_inpainting,breastplate_armor,0,1,0.111,0.9722500000000001,0.2000590571988071,0.010642001405358315,0.005874415393918753,1.72026526927948,0.9829673767089844,0.005794251337647438,0.006048394832760096
random_inpainting,breastplate_armor,0,2,0.222,0.9445,0.2000590571988071,0.01062399335205555,0.005793201737105846,1.7202575206756592,1.010526418685913,0.005710679572075605,0.005972297862172127
random_inpainting,breastplate_armor,0,3,0.333,0.9167500000000001,0.2000590571988071,0.009873627685010433,0.005786641500890255,1.7202552556991577,0.9851222634315491,0.005687515716999769,0.006001770496368408
random_inpainting,breastplate_armor,0,4,0.444,0.889,0.2000590571988071,0.009073696099221706,0.005941362585872412,1.7202284336090088,1.0106555223464966,0.00584742845967412,0.0061452253721654415
random_inpainting,breastplate_armor,0,5,0.555,0.86125,0.2000590571988071,0.008365506306290627,0.005774679593741894,1.7202273607254028,0.9899382591247559,0.005681977607309818,0.005975867155939341
random_inpainting,breastplate_armor,0,6,0.666,0.8335,0.2000590571988071,0.007804953958839178,0.005855288356542587,1.72035551071167,1.0218288898468018,0.005742928944528103,0.006099141202867031
random_inpainting,breastplate_armor,0,7,0.777,0.80575,0.2000590571988071,0.0074211894534528255,0.00579911470413208,1.720139503479004,0.9890813231468201,0.005679403897374868,0.006058921106159687
random_inpainting,breastplate_armor,0,8,0.888,0.778,0.2000590571988071,0.00719289667904377,0.005897105671465397,1.7204469442367554,1.0073449611663818,0.005814988166093826,0.00607532262802124
random_inpainting,breastplate_armor,0,9,0.999,0.75025,0.2000590571988071,0.007022725883871317,0.005735402461141348,1.7202471494674683,0.992436408996582,0.005617762450128794,0.005990712903439999
random_inpainting,breastplate_armor,1,0,0.0,0.8571428571428572,0.21108518838244975,0.013227979652583599,0.015123650431632996,1.4904451370239258,0.9949657320976257,0.014800759963691235,0.01588660664856434
random_inpainting,breastplate_armor,1,1,0.111,0.8175000000000001,0.21108518838244975,0.012689127586781979,0.01519433781504631,1.4903873205184937,1.0010473728179932,0.014852200634777546,0.016002770513296127
random_inpainting,breastplate_armor,1,2,0.222,0.7778571428571429,0.21108518838244975,0.012317526154220104,0.015309268608689308,1.4905521869659424,1.0007309913635254,0.01493860688060522,0.01618509739637375
random_inpainting,breastplate_armor,1,3,0.333,0.7382142857142858,0.21108518838244975,0.012009454891085625,0.015261761844158173,1.490157961845398,1.0040969848632812,0.014919955283403397,0.01606941968202591
random_inpainting,breastplate_armor,1,4,0.444,0.6985714285714286,0.21108518838244975,0.011795909143984318,0.015282067470252514,1.4905483722686768,0.9977661371231079,0.014837467111647129,0.016332613304257393
random_inpainting,breastplate_armor,1,5,0.555,0.6589285714285714,0.21108518838244975,0.011530348099768162,0.0152254244312644,1.4907164573669434,0.9973711371421814,0.0148744136095047,0.016054822131991386
random_inpainting,breastplate_armor,1,6,0.666,0.6192857142857142,0.21108518838244975,0.011259624734520912,0.015221665613353252,1.4904122352600098,0.9948076605796814,0.014849520288407803,0.016101008281111717
random_inpainting,breastplate_armor,1,7,0.777,0.5796428571428571,0.21108518838244975,0.010943361558020115,0.015439417213201523,1.490708589553833,1.008320689201355,0.015110276639461517,0.01621713675558567
random_inpainting,breastplate_armor,1,8,0.888,0.54,0.21108518838244975,0.010707459412515163,0.015133386477828026,1.4904602766036987,0.9973276853561401,0.014693904668092728,0.016171827912330627
random_inpainting,breastplate_armor,1,9,0.999,0.5003571428571428,0.21108518838244975,0.010580291040241718,0.015014702454209328,1.4908826351165771,0.9951519966125488,0.014586185105144978,0.016027238219976425
random_inpainting,breastplate_armor,2,0,0.0,0.6666666666666667,0.2203612135091675,0.011577649042010307,0.09457607567310333,1.1048059463500977,1.0030760765075684,0.11721774935722351,0.04071512073278427
random_inpainting,breastplate_armor,2,1,0.111,0.6204166666666668,0.2203612135091675,0.011458246037364006,0.09331552684307098,1.1033004522323608,1.0029871463775635,0.11605801433324814,0.03921474888920784
random_inpainting,breastplate_armor,2,2,0.222,0.5741666666666667,0.2203612135091675,0.011648545041680336,0.09265662729740143,1.1035164594650269,0.9995256066322327,0.11467272788286209,0.040283821523189545
random_inpainting,breastplate_armor,2,3,0.333,0.5279166666666668,0.2203612135091675,0.011883500963449478,0.09296615421772003,1.1027352809906006,0.9999186992645264,0.11530751734972,0.039819613099098206
random_inpainting,breastplate_armor,2,4,0.444,0.48166666666666674,0.2203612135091675,0.01197701133787632,0.09186767041683197,1.1026763916015625,1.003506064414978,0.11389375478029251,0.0394711047410965
random_inpainting,breastplate_armor,2,5,0.555,0.4354166666666667,0.2203612135091675,0.012359649874269962,0.09378337860107422,1.1017537117004395,0.9933828115463257,0.11630601435899734,0.04020565003156662
random_inpainting,breastplate_armor,2,6,0.666,0.38916666666666666,0.2203612135091675,0.012831875123083591,0.09332453459501266,1.1000885963439941,0.9984731674194336,0.11533580720424652,0.04096321389079094
random_inpainting,breastplate_armor,2,7,0.777,0.34291666666666665,0.2203612135091675,0.013585136272013187,0.09048785269260406,1.1002873182296753,0.991381049156189,0.11185967922210693,0.0396476611495018
random_inpainting,breastplate_armor,2,8,0.888,0.2966666666666667,0.2203612135091675,0.014856654219329357,0.08813783526420593,1.0991533994674683,0.9937078952789307,0.108490489423275,0.03972211480140686
random_inpainting,breastplate_armor,2,9,0.999,0.2504166666666667,0.2203612135091675,0.016559859737753868,0.08181425929069519,1.098999261856079,1.0025813579559326,0.10002380609512329,0.03849666565656662
random_inpainting,breastplate_armor,3,0,0.0,0.3999999999999999,0.22819071692139276,0.009431982412934303,0.12155171483755112,1.0015987157821655,0.999713122844696,0.1709473580121994,0.004937504883855581
random_inpainting,breastplate_armor,3,1,0.111,0.3555999999999999,0.22819071692139276,0.01087617315351963,0.37198004126548767,1.0038706064224243,0.9997578263282776,0.5274423956871033,0.004961234983056784
random_inpainting,breastplate_armor,3,2,0.222,0.3111999999999999,0.22819071692139276,0.013747267425060272,0.6455906629562378,1.0063917636871338,1.0001792907714844,0.9169347882270813,0.004995720461010933
random_inpainting,breastplate_armor,3,3,0.333,0.2668,0.22819071692139276,0.01540498249232769,0.8909217715263367,1.0066183805465698,0.9999858736991882,1.2661852836608887,0.004992217756807804
random_inpainting,breastplate_armor,3,4,0.444,0.22239999999999996,0.22819071692139276,0.016522610560059547,1.0853376388549805,1.0085878372192383,1.0000320672988892,1.542963981628418,0.004963773302733898
random_inpainting,breastplate_armor,3,5,0.555,0.17799999999999994,0.22819071692139276,0.01827741414308548,1.289298415184021,1.0106759071350098,1.0010730028152466,1.8333097696304321,0.004985155537724495
random_inpainting,breastplate_armor,3,6,0.666,0.13359999999999997,0.22819071692139276,0.021496202796697617,1.4649112224578857,1.0121750831604004,1.000120759010315,2.083315134048462,0.004970401991158724
random_inpainting,breastplate_armor,3,7,0.777,0.08919999999999997,0.22819071692139276,0.02786899358034134,1.6174631118774414,1.0217941999435425,0.9989882707595825,2.3004982471466064,0.004939464386552572
random_inpainting,breastplate_armor,3,8,0.888,0.044799999999999986,0.22819071692139276,0.044657252728939056,1.7235658168792725,1.0641146898269653,0.9990074038505554,2.45141339302063,0.005247829016298056
random_inpainting,breastplate_armor,3,9,0.999,0.0004000000000000003,nan,0.14477470517158508,1.7235658168792725,1.0641146898269653,0.9990074038505554,2.45141339302063,0.005247829016298056
random_inpainting,crane_structure,0,0,0.0,1.0,0.2000590571988071,0.009970428422093391,0.02106376551091671,2.8347039222717285,1.0085068941116333,0.02229068987071514,0.018250906839966774
random_inpainting,crane_structure,0,1,0.111,0.9722500000000001,0.2000590571988071,0.010642001405358315,0.020936455577611923,2.834705352783203,0.9829673767089844,0.02219313383102417,0.018055390566587448
random_inpainting,crane_structure,0,2,0.222,0.9445,0.2000590571988071,0.01062399335205555,0.021030772477388382,2.8346567153930664,1.010526418685913,0.022375669330358505,0.01794745773077011
random_inpainting,crane_structure,0,3,0.333,0.9167500000000001,0.2000590571988071,0.009873627685010433,0.020766500383615494,2.834747314453125,0.9851222634315491,0.021937746554613113,0.018081294372677803
random_inpainting,crane_structure,0,4,0.444,0.889,0.2000590571988071,0.009073696099221706,0.02117781899869442,2.8346331119537354,1.0106555223464966,0.022462578490376472,0.018232373520731926
random_inpainting,crane_structure,0,5,0.555,0.86125,0.2000590571988071,0.008365506306290627,0.02101190760731697,2.8346681594848633,0.9899382591247559,0.022233981639146805,0.018210168927907944
random_inpainting,crane_structure,0,6,0.666,0.8335,0.2000590571988071,0.007804953958839178,0.021153805777430534,2.834660530090332,1.0218288898468018,0.022509366273880005,0.018046041950583458
random_inpainting,crane_structure,0,7,0.777,0.80575,0.2000590571988071,0.0074211894534528255,0.020976286381483078,2.834704875946045,0.9890813231468201,0.02227115072309971,0.018007660284638405
random_inpainting,crane_structure,0,8,0.888,0.778,0.2000590571988071,0.00719289667904377,0.02092824876308441,2.834757089614868,1.0073449611663818,0.02217981591820717,0.018058903515338898
random_inpainting,crane_structure,0,9,0.999,0.75025,0.2000590571988071,0.007022725883871317,0.02116730622947216,2.834648370742798,0.9924364686012268,0.02243182435631752,0.018268262967467308
random_inpainting,crane_structure,1,0,0.0,0.8571428571428572,0.21108518838244975,0.013227979652583599,0.05970744416117668,2.1472299098968506,0.9949657320976257,0.06072549894452095,0.057264965027570724
random_inpainting,crane_structure,1,1,0.111,0.8175000000000001,0.21108518838244975,0.012689127586781979,0.059601154178380966,2.1465744972229004,1.0010473728179932,0.06065406650304794,0.05707503855228424
random_inpainting,crane_structure,1,2,0.222,0.7778571428571429,0.21108518838244975,0.012317526154220104,0.059166427701711655,2.146881580352783,1.0007309913635254,0.060113247483968735,0.05689484626054764
random_inpainting,crane_structure,1,3,0.333,0.7382142857142858,0.21108518838244975,0.012009454891085625,0.05927364528179169,2.146843433380127,1.0040969848632812,0.06013908609747887,0.05719731003046036
random_inpainting,crane_structure,1,4,0.444,0.6985714285714286,0.21108518838244975,0.011795909143984318,0.05954193323850632,2.14693284034729,0.9977661371231079,0.060492195188999176,0.05726209282875061
random_inpainting,crane_structure,1,5,0.555,0.6589285714285714,0.21108518838244975,0.011530348099768162,0.05981236696243286,2.147036552429199,0.9973711371421814,0.060688186436891556,0.05771112069487572
random_inpainting,crane_structure,1,6,0.666,0.6192857142857142,0.21108518838244975,0.011259624734520912,0.059974830597639084,2.1468024253845215,0.9948076605796814,0.060996163636446,0.05752447247505188
random_inpainting,crane_structure,1,7,0.777,0.5796428571428571,0.21108518838244975,0.010943361558020115,0.059931233525276184,2.1468489170074463,1.008320689201355,0.061066657304763794,0.05720715969800949
random_inpainting,crane_structure,1,8,0.888,0.54,0.21108518838244975,0.010707459412515163,0.05996572971343994,2.147150754928589,0.9973276853561401,0.06096626818180084,0.05756527930498123
random_inpainting,crane_structure,1,9,0.999,0.5003571428571428,0.21108518838244975,0.010580291040241718,0.06024521589279175,2.1467175483703613,0.9951519966125488,0.06117949262261391,0.058003731071949005
random_inpainting,crane_structure,2,0,0.0,0.6666666666666667,0.2203612135091675,0.011577649042010307,0.15452733635902405,1.22548508644104,1.0030760765075684,0.1902945637702942,0.07028421759605408
random_inpainting,crane_structure,2,1,0.111,0.6204166666666668,0.2203612135091675,0.011458246037364006,0.15240174531936646,1.225736379623413,1.0029871463775635,0.18734659254550934,0.07009562849998474
random_inpainting,crane_structure,2,2,0.222,0.5741666666666667,0.2203612135091675,0.011648545041680336,0.15496420860290527,1.2242145538330078,0.9995256066322327,0.19081130623817444,0.07053304463624954
random_inpainting,crane_structure,2,3,0.333,0.5279166666666668,0.2203612135091675,0.011883500963449478,0.15757960081100464,1.2231206893920898,0.9999186992645264,0.19468845427036285,0.07017657160758972
random_inpainting,crane_structure,2,4,0.444,0.48166666666666674,0.2203612135091675,0.01197701133787632,0.16600030660629272,1.218747615814209,1.003506064414978,0.2056921124458313,0.07251359522342682
random_inpainting,crane_structure,2,5,0.555,0.4354166666666667,0.2203612135091675,0.012359649874269962,0.17091980576515198,1.217972755432129,0.9933828115463257,0.2118512988090515,0.07451324164867401
random_inpainting,crane_structure,2,6,0.666,0.38916666666666666,0.2203612135091675,0.012831875123083591,0.17331533133983612,1.2171200513839722,0.9984731674194336,0.2140534222126007,0.07736431062221527
random_inpainting,crane_structure,2,7,0.777,0.34291666666666665,0.2203612135091675,0.013585136272013187,0.16931378841400146,1.2180871963500977,0.991381049156189,0.2085452675819397,0.0769113227725029
random_inpainting,crane_structure,2,8,0.888,0.2966666666666667,0.2203612135091675,0.014856654219329357,0.1593940109014511,1.2189698219299316,0.9937078952789307,0.19510219991207123,0.0752900093793869
random_inpainting,crane_structure,2,9,0.999,0.2504166666666667,0.2203612135091675,0.016559859737753868,0.14623376727104187,1.2228137254714966,1.0025813579559326,0.17756277322769165,0.0724441260099411
random_inpainting,crane_structure,3,0,0.0,0.3999999999999999,0.22819071692139276,0.009431982412934303,0.12703390419483185,1.0011544227600098,0.999713122844696,0.17958858609199524,0.004887884017080069
random_inpainting,crane_structure,3,1,0.111,0.3555999999999999,0.22819071692139276,0.01087617315351963,1.121329665184021,1.0115233659744263,0.9997578263282776,1.6015956401824951,0.005109788384288549
random_inpainting,crane_structure,3,2,0.222,0.3111999999999999,0.22819071692139276,0.013747267425060272,1.2502915859222412,1.0133376121520996,1.0001792907714844,1.7860469818115234,0.0051049282774329185
random_inpainting,crane_structure,3,3,0.333,0.2668,0.22819071692139276,0.01540498249232769,1.3565585613250732,1.0087918043136597,0.9999858736991882,1.9380732774734497,0.005019642412662506
random_inpainting,crane_structure,3,4,0.444,0.22239999999999996,0.22819071692139276,0.016522610560059547,1.541410207748413,1.0091532468795776,1.0000320672988892,2.2024643421173096,0.005007678177207708
random_inpainting,crane_structure,3,5,0.555,0.17799999999999994,0.22819071692139276,0.01827741414308548,1.7685378789901733,1.0147196054458618,1.0010730028152466,2.527284622192383,0.005081499461084604
random_inpainting,crane_structure,3,6,0.666,0.13359999999999997,0.22819071692139276,0.021496202796697617,2.0016021728515625,1.0213321447372437,1.000120759010315,2.860630750656128,0.005074635613709688
random_inpainting,crane_structure,3,7,0.777,0.08919999999999997,0.22819071692139276,0.02786899358034134,2.189882278442383,1.0345529317855835,0.9989882707595825,3.129864454269409,0.005204131361097097
random_inpainting,crane_structure,3,8,0.888,0.044799999999999986,0.22819071692139276,0.044657252728939056,2.327043294906616,1.0870532989501953,0.9990074038505554,3.3258440494537354,0.005661092232912779
random_inpainting,crane_structure,3,9,0.999,0.0004000000000000003,nan,0.14477470517158508,2.327043294906616,1.0870532989501953,0.9990074038505554,3.3258440494537354,0.005661092232912779
random_inpainting,ibex_horns,0,0,0.0,1.0,0.2000590571988071,0.009970428422093391,0.02866627275943756,2.4777848720550537,1.0085068941116333,0.028892552480101585,0.028161602094769478
random_inpainting,ibex_horns,0,1,0.111,0.9722500000000001,0.2000590571988071,0.010642001405358315,0.028342632576823235,2.477776288986206,0.9829673767089844,0.02851654589176178,0.02795475162565708
random_inpainting,ibex_horns,0,2,0.222,0.9445,0.2000590571988071,0.01062399335205555,0.028636515140533447,2.4776787757873535,1.010526418685913,0.028862571343779564,0.028132351115345955
random_inpainting,ibex_horns,0,3,0.333,0.9167500000000001,0.2000590571988071,0.009873627685010433,0.028824999928474426,2.477724552154541,0.9851222634315491,0.02921905182301998,0.027946148067712784
random_inpainting,ibex_horns,0,4,0.444,0.889,0.2000590571988071,0.009073696099221706,0.02854866161942482,2.4776456356048584,1.0106555223464966,0.029055843129754066,0.027417505159974098
random_inpainting,ibex_horns,0,5,0.555,0.86125,0.2000590571988071,0.008365506306290627,0.028737571090459824,2.477788209915161,0.9899382591247559,0.029054217040538788,0.028031358495354652
random_inpainting,ibex_horns,0,6,0.666,0.8335,0.2000590571988071,0.007804953958839178,0.02872956357896328,2.4777278900146484,1.0218288898468018,0.028971366584300995,0.02819027192890644
random_inpainting,ibex_horns,0,7,0.777,0.80575,0.2000590571988071,0.0074211894534528255,0.02861974760890007,2.477673053741455,0.9890813231468201,0.028849346563220024,0.028107674792408943
random_inpainting,ibex_horns,0,8,0.888,0.778,0.2000590571988071,0.00719289667904377,0.028766054660081863,2.477617025375366,1.0073448419570923,0.029072744771838188,0.02808203548192978
random_inpainting,ibex_horns,0,9,0.999,0.75025,0.2000590571988071,0.007022725883871317,0.028627801686525345,2.4775774478912354,0.992436408996582,0.028828950598835945,0.028179176151752472
random_inpainting,ibex_horns,1,0,0.0,0.8571428571428572,0.21108518838244975,0.013227979652583599,0.035996370017528534,1.8472998142242432,0.9949657320976257,0.036240607500076294,0.035431213676929474
random_inpainting,ibex_horns,1,1,0.111,0.8175000000000001,0.21108518838244975,0.012689127586781979,0.03610328584909439,1.8471719026565552,1.0010473728179932,0.03635017201304436,0.035531990230083466
random_inpainting,ibex_horns,1,2,0.222,0.7778571428571429,0.21108518838244975,0.012317526154220104,0.03612785041332245,1.8472925424575806,1.0007309913635254,0.03684895485639572,0.034459277987480164
random_inpainting,ibex_horns,1,3,0.333,0.7382142857142858,0.21108518838244975,0.012009454891085625,0.03633339703083038,1.847127914428711,1.0040969848632812,0.036846455186605453,0.03514622151851654
random_inpainting,ibex_horns,1,4,0.444,0.6985714285714286,0.21108518838244975,0.011795909143984318,0.03582732379436493,1.846833348274231,0.9977661371231079,0.03620478883385658,0.034953899681568146
random_inpainting,ibex_horns,1,5,0.555,0.6589285714285714,0.21108518838244975,0.011530348099768162,0.036282554268836975,1.8468718528747559,0.9973711371421814,0.036724116653203964,0.03526080772280693
random_inpainting,ibex_horns,1,6,0.666,0.6192857142857142,0.21108518838244975,0.011259624734520912,0.03600716218352318,1.8471176624298096,0.9948076605796814,0.03649197518825531,0.03488535434007645
random_inpainting,ibex_horns,1,7,0.777,0.5796428571428571,0.21108518838244975,0.010943361558020115,0.03627270832657814,1.847296953201294,1.008320689201355,0.03692109137773514,0.034772396087646484
random_inpainting,ibex_horns,1,8,0.888,0.54,0.21108518838244975,0.010707459412515163,0.03593507409095764,1.8472598791122437,0.9973276853561401,0.036501217633485794,0.03462505340576172
random_inpainting,ibex_horns,1,9,0.999,0.5003571428571428,0.21108518838244975,0.010580291040241718,0.036098137497901917,1.8469507694244385,0.9951519966125488,0.036559950560331345,0.03502954542636871
random_inpainting,ibex_horns,2,0,0.0,0.6666666666666667,0.2203612135091675,0.011577649042010307,0.123362235724926,1.1704249382019043,1.0030760765075684,0.15307436883449554,0.05295022949576378
random_inpainting,ibex_horns,2,1,0.111,0.6204166666666668,0.2203612135091675,0.011458246037364006,0.12279819697141647,1.171546459197998,1.0029871463775635,0.15203957259655,0.053501784801483154
random_inpainting,ibex_horns,2,2,0.222,0.5741666666666667,0.2203612135091675,0.011648545041680336,0.12390407174825668,1.170234203338623,0.9995256066322327,0.15334415435791016,0.05413675308227539
random_inpainting,ibex_horns,2,3,0.333,0.5279166666666668,0.2203612135091675,0.011883500963449478,0.12298594415187836,1.1692147254943848,0.9999186992645264,0.15226392447948456,0.05360277742147446
random_inpainting,ibex_horns,2,4,0.444,0.48166666666666674,0.2203612135091675,0.01197701133787632,0.12465137243270874,1.1674195528030396,1.003506064414978,0.15459772944450378,0.0536842979490757
random_inpainting,ibex_horns,2,5,0.555,0.4354166666666667,0.2203612135091675,0.012359649874269962,0.12598328292369843,1.1680266857147217,0.9933828115463257,0.15586930513381958,0.05515919625759125
random_inpainting,ibex_horns,2,6,0.666,0.38916666666666666,0.2203612135091675,0.012831875123083591,0.12898024916648865,1.1661534309387207,0.9984731674194336,0.1599167138338089,0.05566674843430519
random_inpainting,ibex_horns,2,7,0.777,0.34291666666666665,0.2203612135091675,0.013585136272013187,0.13194620609283447,1.1654030084609985,0.991381049156189,0.163740873336792,0.05659901723265648
random_inpainting,ibex_horns,2,8,0.888,0.2966666666666667,0.2203612135091675,0.014856654219329357,0.12909680604934692,1.165004849433899,0.9937078952789307,0.15937399864196777,0.057345714420080185
random_inpainting,ibex_horns,2,9,0.999,0.2504166666666667,0.2203612135091675,0.016559859737753868,0.12610772252082825,1.1653116941452026,1.0025813579559326,0.15571433305740356,0.055945709347724915
random_inpainting,ibex_horns,3,0,0.0,0.3999999999999999,0.22819071692139276,0.009431982412934303,0.13142240047454834,0.9960353374481201,0.999713122844696,0.18627341091632843,0.004850325640290976
random_inpainting,ibex_horns,3,1,0.111,0.3555999999999999,0.22819071692139276,0.01087617315351963,0.2238103151321411,0.9993204474449158,0.9997578263282776,0.3186728358268738,0.004909366834908724
random_inpainting,ibex_horns,3,2,0.222,0.3111999999999999,0.22819071692139276,0.013747267425060272,0.9092658758163452,1.0050779581069946,1.0001792907714844,1.3011150360107422,0.005050049163401127
random_inpainting,ibex_horns,3,3,0.333,0.2668,0.22819071692139276,0.01540498249232769,1.2307617664337158,1.0057408809661865,0.9999858736991882,1.761937141418457,0.005042198114097118
random_inpainting,ibex_horns,3,4,0.444,0.22239999999999996,0.22819071692139276,0.016522610560059547,1.472111463546753,1.0095754861831665,1.0000320672988892,2.107870101928711,0.00505999056622386
random_inpainting,ibex_horns,3,5,0.555,0.17799999999999994,0.22819071692139276,0.01827741414308548,1.7478971481323242,1.0110468864440918,1.0010730028152466,2.5031659603118896,0.005068826023489237
random_inpainting,ibex_horns,3,6,0.666,0.13359999999999997,0.22819071692139276,0.021496202796697617,2.008927822113037,1.0128322839736938,1.000120759010315,2.877316951751709,0.005067228339612484
random_inpainting,ibex_horns,3,7,0.777,0.08919999999999997,0.22819071692139276,0.02786899358034134,2.204198122024536,1.0267291069030762,0.9989882707595825,3.1571645736694336,0.005170544143766165
random_inpainting,ibex_horns,3,8,0.888,0.044799999999999986,0.22819071692139276,0.044657252728939056,2.3549609184265137,1.079831600189209,0.9990074038505554,3.373049259185791,0.005660142283886671
random_inpainting,ibex_horns,3,9,0.999,0.0004000000000000003,nan,0.14477470517158508,2.3549609184265137,1.079831600189209,0.9990074038505554,3.373049259185791,0.005660142283886671
random_inpainting,junco,0,0,0.0,1.0,0.2000590571988071,0.009970428422093391,0.009636740200221539,1.5017409324645996,1.0085068941116333,0.009623732417821884,0.009667117148637772
random_inpainting,junco,0,1,0.111,0.9722500000000001,0.2000590571988071,0.010642001405358315,0.009656443260610104,1.501665472984314,0.9829673767089844,0.009672248736023903,0.009619525633752346
random_inpainting,junco,0,2,0.222,0.9445,0.2000590571988071,0.01062399335205555,0.009652070701122284,1.5013971328735352,1.010526418685913,0.009609934873878956,0.009750478900969028
random_inpainting,junco,0,3,0.333,0.9167500000000001,0.2000590571988071,0.009873627685010433,0.009776144288480282,1.5015045404434204,0.9851222634315491,0.009717796929180622,0.009912412613630295
random_inpainting,junco,0,4,0.444,0.889,0.2000590571988071,0.009073696099221706,0.009522922337055206,1.5015909671783447,1.0106555223464966,0.009481208398938179,0.009620343334972858
random_inpainting,junco,0,5,0.555,0.86125,0.2000590571988071,0.008365506306290627,0.009592760354280472,1.5015393495559692,0.9899382591247559,0.00952637754380703,0.009747795760631561
random_inpainting,junco,0,6,0.666,0.8335,0.2000590571988071,0.007804953958839178,0.009481186047196388,1.5015296936035156,1.0218288898468018,0.009449264965951443,0.009555738419294357
random_inpainting,junco,0,7,0.777,0.80575,0.2000590571988071,0.0074211894534528255,0.009706193581223488,1.5014533996582031,0.9890813231468201,0.009719244204461575,0.009675716981291771
random_inpainting,junco,0,8,0.888,0.778,0.2000590571988071,0.00719289667904377,0.009615727700293064,1.5015884637832642,1.0073448419570923,0.00952797383069992,0.009820678271353245
random_inpainting,junco,0,9,0.999,0.75025,0.2000590571988071,0.007022725883871317,0.009526444599032402,1.5015162229537964,0.992436408996582,0.009569580666720867,0.009425698779523373
random_inpainting,junco,1,0,0.0,0.8571428571428572,0.21108518838244975,0.013227979652583599,0.012424854561686516,1.235194444656372,0.9949657320976257,0.012481816112995148,0.012291346676647663
random_inpainting,junco,1,1,0.111,0.8175000000000001,0.21108518838244975,0.012689127586781979,0.012381330132484436,1.235278844833374,1.0010473728179932,0.012396489270031452,0.01234580110758543
random_inpainting,junco,1,2,0.222,0.7778571428571429,0.21108518838244975,0.012317526154220104,0.012547391466796398,1.23492431640625,1.0007309913635254,0.012518923729658127,0.012614108622074127
random_inpainting,junco,1,3,0.333,0.7382142857142858,0.21108518838244975,0.012009454891085625,0.01245336513966322,1.2348926067352295,1.0040969848632812,0.01260171364992857,0.012105683796107769
random_inpainting,junco,1,4,0.444,0.6985714285714286,0.21108518838244975,0.011795909143984318,0.012406548485159874,1.2350213527679443,0.9977661371231079,0.012258217670023441,0.012754186056554317
random_inpainting,junco,1,5,0.555,0.6589285714285714,0.21108518838244975,0.011530348099768162,0.012293110601603985,1.2346841096878052,0.9973711371421814,0.012113841250538826,0.012713257223367691
random_inpainting,junco,1,6,0.666,0.6192857142857142,0.21108518838244975,0.011259624734520912,0.012350461445748806,1.2356376647949219,0.9948076605796814,0.012342202477157116,0.012369818985462189
random_inpainting,junco,1,7,0.777,0.5796428571428571,0.21108518838244975,0.010943361558020115,0.012200834229588509,1.2352322340011597,1.008320689201355,0.012086829170584679,0.012468022294342518
random_inpainting,junco,1,8,0.888,0.54,0.21108518838244975,0.010707459412515163,0.012158377096056938,1.2343577146530151,0.9973276853561401,0.012175510637462139,0.012118221260607243
random_inpainting,junco,1,9,0.999,0.5003571428571428,0.21108518838244975,0.010580291040241718,0.012235676869750023,1.234623670578003,0.9951519966125488,0.012271887622773647,0.012150805443525314
random_inpainting,junco,2,0,0.0,0.6666666666666667,0.2203612135091675,0.011577649042010307,0.06438836455345154,1.0279630422592163,1.0030760765075684,0.0812024250626564,0.025119036436080933
random_inpainting,junco,2,1,0.111,0.6204166666666668,0.2203612135091675,0.011458246037364006,0.06310929358005524,1.0268837213516235,1.0029871463775635,0.07941588759422302,0.0250251442193985
random_inpainting,junco,2,2,0.222,0.5741666666666667,0.2203612135091675,0.011648545041680336,0.0627799928188324,1.0284993648529053,0.9995256066322327,0.07911887019872665,0.02462047152221203
random_inpainting,junco,2,3,0.333,0.5279166666666668,0.2203612135091675,0.011883500963449478,0.06183517724275589,1.028054118156433,0.9999186992645264,0.0777411088347435,0.024686774238944054
random_inpainting,junco,2,4,0.444,0.48166666666666674,0.2203612135091675,0.01197701133787632,0.059702299535274506,1.0276349782943726,1.003506064414978,0.07489246875047684,0.024225572124123573
random_inpainting,junco,2,5,0.555,0.4354166666666667,0.2203612135091675,0.012359649874269962,0.0582401417195797,1.0276726484298706,0.9933828115463257,0.07293221354484558,0.023926731199026108
random_inpainting,junco,2,6,0.666,0.38916666666666666,0.2203612135091675,0.012831875123083591,0.055890582501888275,1.0274450778961182,0.9984731674194336,0.06962316483259201,0.023818058893084526
random_inpainting,junco,2,7,0.777,0.34291666666666665,0.2203612135091675,0.013585136272013187,0.053439103066921234,1.027530312538147,0.991381049156189,0.06651592254638672,0.022898120805621147
random_inpainting,junco,2,8,0.888,0.2966666666666667,0.2203612135091675,0.014856654219329357,0.048838913440704346,1.025131344795227,0.9937078952789307,0.06029369682073593,0.022086195647716522
random_inpainting,junco,2,9,0.999,0.2504166666666667,0.2203612135091675,0.016559859737753868,0.04552619904279709,1.0228725671768188,1.0025813579559326,0.05597035214304924,0.021133825182914734
random_inpainting,junco,3,0,0.0,0.3999999999999999,0.22819071692139276,0.009431982412934303,0.11646804213523865,0.9986944794654846,0.999713122844696,0.164317786693573,0.004949974361807108
random_inpainting,junco,3,1,0.111,0.3555999999999999,0.22819071692139276,0.01087617315351963,0.11161884665489197,0.9963974952697754,0.9997578263282776,0.15742193162441254,0.004870695061981678
random_inpainting,junco,3,2,0.222,0.3111999999999999,0.22819071692139276,0.013747267425060272,0.8227948546409607,1.0051708221435547,1.0001792907714844,1.1736851930618286,0.005013544112443924
random_inpainting,junco,3,3,0.333,0.2668,0.22819071692139276,0.01540498249232769,0.8593942523002625,1.0035884380340576,0.9999858736991882,1.225991129875183,0.0050073666498064995
random_inpainting,junco,3,4,0.444,0.22239999999999996,0.22819071692139276,0.016522610560059547,0.9444457292556763,1.0059089660644531,1.0000320672988892,1.3475157022476196,0.005055165383964777
random_inpainting,junco,3,5,0.555,0.17799999999999994,0.22819071692139276,0.01827741414308548,1.0838825702667236,1.0081217288970947,1.0010730028152466,1.5467758178710938,0.00506859365850687
random_inpainting,junco,3,6,0.666,0.13359999999999997,0.22819071692139276,0.021496202796697617,1.2627367973327637,1.0062241554260254,1.000120759010315,1.8024230003356934,0.004949762020260096
random_inpainting,junco,3,7,0.777,0.08919999999999997,0.22819071692139276,0.02786899358034134,1.4577354192733765,1.0108109712600708,0.9989882707595825,2.0811028480529785,0.004921832121908665
random_inpainting,junco,3,8,0.888,0.044799999999999986,0.22819071692139276,0.044657252728939056,1.6566623449325562,1.0351811647415161,0.9990074038505554,2.365354061126709,0.0049928054213523865
random_inpainting,junco,3,9,0.999,0.0004000000000000003,nan,0.14477470517158508,1.6566623449325562,1.0351811647415161,0.9990074038505554,2.365354061126709,0.0049928054213523865
random_inpainting,lakeside_beach,0,0,0.0,1.0,0.2000590571988071,0.009970428422093391,0.0029002721421420574,1.3308005332946777,1.0085068941116333,0.0026071248576045036,0.003591331420466304
random_inpainting,lakeside_beach,0,1,0.111,0.9722500000000001,0.2000590571988071,0.010642001405358315,0.0029883701354265213,1.3310805559158325,0.9829673767089844,0.0027135289274156094,0.003636274952441454
random_inpainting,lakeside_beach,0,2,0.222,0.9445,0.2000590571988071,0.01062399335205555,0.00299806403927505,1.3310128450393677,1.010526418685913,0.0027096509002149105,0.0036779623478651047
random_inpainting,lakeside_beach,0,3,0.333,0.9167500000000001,0.2000590571988071,0.009873627685010433,0.0030272025614976883,1.3310960531234741,0.9851222634315491,0.002720607677474618,0.0037499614991247654
random_inpainting,lakeside_beach,0,4,0.444,0.889,0.2000590571988071,0.009073696099221706,0.0029240294825285673,1.3308899402618408,1.0106555223464966,0.0025813765823841095,0.0037317911628633738
random_inpainting,lakeside_beach,0,5,0.555,0.86125,0.2000590571988071,0.008365506306290627,0.0030054314993321896,1.3310739994049072,0.9899382591247559,0.0027035537641495466,0.003717071609571576
random_inpainting,lakeside_beach,0,6,0.666,0.8335,0.2000590571988071,0.007804953958839178,0.002965289633721113,1.3310620784759521,1.0218288898468018,0.0026314265560358763,0.0037523291539400816
random_inpainting,lakeside_beach,0,7,0.777,0.80575,0.2000590571988071,0.0074211894534528255,0.002833683043718338,1.3310949802398682,0.9890813231468201,0.0025306260213255882,0.003548102220520377
random_inpainting,lakeside_beach,0,8,0.888,0.778,0.2000590571988071,0.00719289667904377,0.003023501019924879,1.3309695720672607,1.0073448419570923,0.0026861641090363264,0.0038187310565263033
random_inpainting,lakeside_beach,0,9,0.999,0.75025,0.2000590571988071,0.007022725883871317,0.00291384756565094,1.3308736085891724,0.9924364686012268,0.0025955061428248882,0.003664298914372921
random_inpainting,lakeside_beach,1,0,0.0,0.8571428571428572,0.21108518838244975,0.013227979652583599,0.007985228672623634,1.175832986831665,0.9949657320976257,0.008247429504990578,0.007356902584433556
random_inpainting,lakeside_beach,1,1,0.111,0.8175000000000001,0.21108518838244975,0.012689127586781979,0.008086560294032097,1.175812005996704,1.0010473728179932,0.008264100179076195,0.007661109324544668
random_inpainting,lakeside_beach,1,2,0.222,0.7778571428571429,0.21108518838244975,0.012317526154220104,0.007784380577504635,1.1755207777023315,1.0007309913635254,0.008033518679440022,0.007187359035015106
random_inpainting,lakeside_beach,1,3,0.333,0.7382142857142858,0.21108518838244975,0.012009454891085625,0.007853927090764046,1.1760197877883911,1.0040969848632812,0.008112113922834396,0.00723522063344717
random_inpainting,lakeside_beach,1,4,0.444,0.6985714285714286,0.21108518838244975,0.011795909143984318,0.007897267118096352,1.1759024858474731,0.9977661371231079,0.008075875230133533,0.007469260599464178
random_inpainting,lakeside_beach,1,5,0.555,0.6589285714285714,0.21108518838244975,0.011530348099768162,0.007978711277246475,1.1757136583328247,0.9973711371421814,0.008180635049939156,0.007494829129427671
random_inpainting,lakeside_beach,1,6,0.666,0.6192857142857142,0.21108518838244975,0.011259624734520912,0.007991026155650616,1.1765810251235962,0.9948076605796814,0.008235030807554722,0.007406303193420172
random_inpainting,lakeside_beach,1,7,0.777,0.5796428571428571,0.21108518838244975,0.010943361558020115,0.007990742102265358,1.176060676574707,1.008320689201355,0.008236902765929699,0.007400851231068373
random_inpainting,lakeside_beach,1,8,0.888,0.54,0.21108518838244975,0.010707459412515163,0.007944885641336441,1.1760371923446655,0.9973276853561401,0.008158596232533455,0.00743275647982955
random_inpainting,lakeside_beach,1,9,0.999,0.5003571428571428,0.21108518838244975,0.010580291040241718,0.007918685674667358,1.175480842590332,0.9951519966125488,0.008132942020893097,0.007405253127217293
random_inpainting,lakeside_beach,2,0,0.0,0.6666666666666667,0.2203612135091675,0.011577649042010307,0.062155358493328094,1.025840163230896,1.0030760765075684,0.07875002175569534,0.023035483434796333
random_inpainting,lakeside_beach,2,1,0.111,0.6204166666666668,0.2203612135091675,0.011458246037364006,0.06325727701187134,1.0254647731781006,1.0029871463775635,0.0801495909690857,0.02343570999801159
random_inpainting,lakeside_beach,2,2,0.222,0.5741666666666667,0.2203612135091675,0.011648545041680336,0.06274081766605377,1.0252982378005981,0.9995256066322327,0.07962071895599365,0.022948501631617546
random_inpainting,lakeside_beach,2,3,0.333,0.5279166666666668,0.2203612135091675,0.011883500963449478,0.06021786853671074,1.0255725383758545,0.9999186992645264,0.07612080127000809,0.022728677839040756
random_inpainting,lakeside_beach,2,4,0.444,0.48166666666666674,0.2203612135091675,0.01197701133787632,0.05901428312063217,1.024682879447937,1.003506064414978,0.07463417947292328,0.02219228260219097
random_inpainting,lakeside_beach,2,5,0.555,0.4354166666666667,0.2203612135091675,0.012359649874269962,0.056632623076438904,1.0259515047073364,0.9933828115463257,0.07120338082313538,0.02228383533656597
random_inpainting,lakeside_beach,2,6,0.666,0.38916666666666666,0.2203612135091675,0.012831875123083591,0.05465766787528992,1.0261921882629395,0.9984731674194336,0.06874267756938934,0.021454010158777237
random_inpainting,lakeside_beach,2,7,0.777,0.34291666666666665,0.2203612135091675,0.013585136272013187,0.050632983446121216,1.026198387145996,0.991381049156189,0.06347903609275818,0.02034999057650566
random_inpainting,lakeside_beach,2,8,0.888,0.2966666666666667,0.2203612135091675,0.014856654219329357,0.045870088040828705,1.0243879556655884,0.9937078952789307,0.056793756783008575,0.020118867978453636
random_inpainting,lakeside_beach,2,9,0.999,0.2504166666666667,0.2203612135091675,0.016559859737753868,0.04241025447845459,1.0227123498916626,1.0025813579559326,0.0521002821624279,0.019567204639315605
random_inpainting,lakeside_beach,3,0,0.0,0.3999999999999999,0.22819071692139276,0.009431982412934303,0.11487601697444916,0.9966822862625122,0.999713122844696,0.16174736618995667,0.004880786873400211
random_inpainting,lakeside_beach,3,1,0.111,0.3555999999999999,0.22819071692139276,0.01087617315351963,0.29203009605407715,0.9998869299888611,0.9997578263282776,0.41436946392059326,0.004930497147142887
random_inpainting,lakeside_beach,3,2,0.222,0.3111999999999999,0.22819071692139276,0.013747267425060272,0.7576784491539001,1.0085082054138184,1.0001792907714844,1.0783640146255493,0.005110536701977253
random_inpainting,lakeside_beach,3,3,0.333,0.2668,0.22819071692139276,0.01540498249232769,1.123821496963501,1.007646083831787,0.9999858736991882,1.6005258560180664,0.005116721149533987
random_inpainting,lakeside_beach,3,4,0.444,0.22239999999999996,0.22819071692139276,0.016522610560059547,1.3207077980041504,1.0094813108444214,1.0000320672988892,1.8812980651855469,0.005143991205841303
random_inpainting,lakeside_beach,3,5,0.555,0.17799999999999994,0.22819071692139276,0.01827741414308548,1.5352462530136108,1.010169267654419,1.0010730028152466,2.18725848197937,0.005137994419783354
random_inpainting,lakeside_beach,3,6,0.666,0.13359999999999997,0.22819071692139276,0.021496202796697617,1.712056040763855,1.007688283920288,1.000120759010315,2.439464807510376,0.005011531990021467
random_inpainting,lakeside_beach,3,7,0.777,0.08919999999999997,0.22819071692139276,0.02786899358034134,1.8740053176879883,1.0147788524627686,0.9989882707595825,2.6704320907592773,0.0049939705058932304
random_inpainting,lakeside_beach,3,8,0.888,0.044799999999999986,0.22819071692139276,0.044657252728939056,2.0165183544158936,1.0616340637207031,0.9990074038505554,2.873483419418335,0.005437948275357485
random_inpainting,lakeside_beach,3,9,0.999,0.0004000000000000003,nan,0.14477470517158508,2.0165183544158936,1.0616340637207031,0.9990074038505554,2.873483419418335,0.005437948275357485
random_inpainting,sea_anemone,0,0,0.0,1.0,0.2000590571988071,0.009970428422093391,0.00681503489613533,1.5420198440551758,1.0085068941116333,0.006863032002002001,0.006700823083519936
random_inpainting,sea_anemone,0,1,0.111,0.9722500000000001,0.2000590571988071,0.010642001405358315,0.006790465675294399,1.5421100854873657,0.9829673767089844,0.006913693156093359,0.006497241090983152
random_inpainting,sea_anemone,0,2,0.222,0.9445,0.2000590571988071,0.01062399335205555,0.006770765408873558,1.5419849157333374,1.010526418685913,0.006871876306831837,0.006530165672302246
random_inpainting,sea_anemone,0,3,0.333,0.9167500000000001,0.2000590571988071,0.009873627685010433,0.006725328974425793,1.542016625404358,0.9851222634315491,0.006855203304439783,0.0064162868075072765
random_inpainting,sea_anemone,0,4,0.444,0.889,0.2000590571988071,0.009073696099221706,0.006747576408088207,1.5422334671020508,1.0106555223464966,0.006822226103395224,0.0065699429251253605
random_inpainting,sea_anemone,0,5,0.555,0.86125,0.2000590571988071,0.008365506306290627,0.006800907664000988,1.5421202182769775,0.9899382591247559,0.006902961991727352,0.0065580629743635654
random_inpainting,sea_anemone,0,6,0.666,0.8335,0.2000590571988071,0.007804953958839178,0.006803005002439022,1.542163372039795,1.0218288898468018,0.006852497346699238,0.006685235071927309
random_inpainting,sea_anemone,0,7,0.777,0.80575,0.2000590571988071,0.0074211894534528255,0.006652054376900196,1.5421109199523926,0.9890813231468201,0.006759237963706255,0.0063970061019063
random_inpainting,sea_anemone,0,8,0.888,0.778,0.2000590571988071,0.00719289667904377,0.00674092024564743,1.5420387983322144,1.0073449611663818,0.006809420417994261,0.006577923893928528
random_inpainting,sea_anemone,0,9,0.999,0.75025,0.2000590571988071,0.007022725883871317,0.006731078028678894,1.5419307947158813,0.992436408996582,0.006778347305953503,0.006618598476052284
random_inpainting,sea_anemone,1,0,0.0,0.8571428571428572,0.21108518838244975,0.013227979652583599,0.01294497400522232,1.3518868684768677,0.9949657320976257,0.013154899701476097,0.012439548037946224
random_inpainting,sea_anemone,1,1,0.111,0.8175000000000001,0.21108518838244975,0.012689127586781979,0.01309899240732193,1.3519659042358398,1.0010473728179932,0.013247226364910603,0.012742094695568085
random_inpainting,sea_anemone,1,2,0.222,0.7778571428571429,0.21108518838244975,0.012317526154220104,0.013228034600615501,1.3518924713134766,1.0007309913635254,0.013395451940596104,0.012824947945773602
random_inpainting,sea_anemone,1,3,0.333,0.7382142857142858,0.21108518838244975,0.012009454891085625,0.012864112854003906,1.351963758468628,1.0040969848632812,0.013011527247726917,0.012509188614785671
random_inpainting,sea_anemone,1,4,0.444,0.6985714285714286,0.21108518838244975,0.011795909143984318,0.012728857807815075,1.352156639099121,0.9977661371231079,0.01298829447478056,0.012104218825697899
random_inpainting,sea_anemone,1,5,0.555,0.6589285714285714,0.21108518838244975,0.011530348099768162,0.013136444613337517,1.3525505065917969,0.9973711371421814,0.013368038460612297,0.012578845024108887
random_inpainting,sea_anemone,1,6,0.666,0.6192857142857142,0.21108518838244975,0.011259624734520912,0.012875344604253769,1.3523792028427124,0.9948076605796814,0.013109218329191208,0.012312260456383228
random_inpainting,sea_anemone,1,7,0.777,0.5796428571428571,0.21108518838244975,0.010943361558020115,0.013233255594968796,1.3529027700424194,1.008320689201355,0.01362274307757616,0.012295507825911045
random_inpainting,sea_anemone,1,8,0.888,0.54,0.21108518838244975,0.010707459412515163,0.013247868046164513,1.3524142503738403,0.9973276853561401,0.013463771902024746,0.01272804569453001
random_inpainting,sea_anemone,1,9,0.999,0.5003571428571428,0.21108518838244975,0.010580291040241718,0.012929963879287243,1.3523608446121216,0.9951519966125488,0.013134045526385307,0.012438607402145863
random_inpainting,sea_anemone,2,0,0.0,0.6666666666666667,0.2203612135091675,0.011577649042010307,0.08202643692493439,1.0775940418243408,1.0030760765075684,0.10286258906126022,0.032634321600198746
random_inpainting,sea_anemone,2,1,0.111,0.6204166666666668,0.2203612135091675,0.011458246037364006,0.08156019449234009,1.077601671218872,1.0029871463775635,0.10242258012294769,0.032105907797813416
random_inpainting,sea_anemone,2,2,0.222,0.5741666666666667,0.2203612135091675,0.011648545041680336,0.07903295010328293,1.0775772333145142,0.9995256066322327,0.09874806553125381,0.032298263162374496
random_inpainting,sea_anemone,2,3,0.333,0.5279166666666668,0.2203612135091675,0.011883500963449478,0.07786095142364502,1.0770150423049927,0.9999186992645264,0.09687846899032593,0.03277993202209473
random_inpainting,sea_anemone,2,4,0.444,0.48166666666666674,0.2203612135091675,0.01197701133787632,0.07715301215648651,1.0762956142425537,1.003506064414978,0.09623152017593384,0.03192741423845291
random_inpainting,sea_anemone,2,5,0.555,0.4354166666666667,0.2203612135091675,0.012359649874269962,0.07613307237625122,1.077587604522705,0.9933828115463257,0.09468518942594528,0.032155249267816544
random_inpainting,sea_anemone,2,6,0.666,0.38916666666666666,0.2203612135091675,0.012831875123083591,0.07536996901035309,1.0750732421875,0.9984731674194336,0.09387396275997162,0.03150627017021179
random_inpainting,sea_anemone,2,7,0.777,0.34291666666666665,0.2203612135091675,0.013585136272013187,0.07256656885147095,1.0764802694320679,0.991381049156189,0.08994488418102264,0.03137128800153732
random_inpainting,sea_anemone,2,8,0.888,0.2966666666666667,0.2203612135091675,0.014856654219329357,0.06692168116569519,1.076338768005371,0.9937078952789307,0.08231937140226364,0.030421463772654533
random_inpainting,sea_anemone,2,9,0.999,0.2504166666666667,0.2203612135091675,0.016559859737753868,0.06119866669178009,1.0762574672698975,1.0025813579559326,0.07479704916477203,0.028963727876544
random_inpainting,sea_anemone,3,0,0.0,0.3999999999999999,0.22819071692139276,0.009431982412934303,0.12002305686473846,0.9988240599632263,0.999713122844696,0.16871461272239685,0.004835743457078934
random_inpainting,sea_anemone,3,1,0.111,0.3555999999999999,0.22819071692139276,0.01087617315351963,0.10768739879131317,0.9997036457061768,0.9997578263282776,0.15114325284957886,0.004885929170995951
random_inpainting,sea_anemone,3,2,0.222,0.3111999999999999,0.22819071692139276,0.013747267425060272,0.8881248235702515,1.0041955709457397,1.0001792907714844,1.2614420652389526,0.004985710605978966
random_inpainting,sea_anemone,3,3,0.333,0.2668,0.22819071692139276,0.01540498249232769,1.104083776473999,1.0039689540863037,0.9999858736991882,1.5686887502670288,0.004989471286535263
random_inpainting,sea_anemone,3,4,0.444,0.22239999999999996,0.22819071692139276,0.016522610560059547,1.2162373065948486,1.0032973289489746,1.0000320672988892,1.728271722793579,0.004941356834024191
random_inpainting,sea_anemone,3,5,0.555,0.17799999999999994,0.22819071692139276,0.01827741414308548,1.3854483366012573,1.0059584379196167,1.0010730028152466,1.9690195322036743,0.00492069311439991
random_inpainting,sea_anemone,3,6,0.666,0.13359999999999997,0.22819071692139276,0.021496202796697617,1.60672128200531,1.0069692134857178,1.000120759010315,2.2838282585144043,0.004920828156173229
random_inpainting,sea_anemone,3,7,0.777,0.08919999999999997,0.22819071692139276,0.02786899358034134,1.8546184301376343,1.01630437374115,0.9989882707595825,2.6364660263061523,0.005037711467593908
random_inpainting,sea_anemone,3,8,0.888,0.044799999999999986,0.22819071692139276,0.044657252728939056,2.116611957550049,1.0468418598175049,0.9990074038505554,3.0090413093566895,0.00543291075155139
random_inpainting,sea_anemone,3,9,0.999,0.0004000000000000003,nan,0.14477470517158508,2.116611957550049,1.0468418598175049,0.9990074038505554,3.0090413093566895,0.00543291075155139
random_inpainting,shetland_sheepdog,0,0,0.0,1.0,0.2000590571988071,0.009970428422093391,0.007834633812308311,1.4174245595932007,1.0085068941116333,0.007741364650428295,0.008038892410695553
random_inpainting,shetland_sheepdog,0,1,0.111,0.9722500000000001,0.2000590571988071,0.010642001405358315,0.007808818481862545,1.4175962209701538,0.9829673767089844,0.007733255159109831,0.00797430332750082
random_inpainting,shetland_sheepdog,0,2,0.222,0.9445,0.2000590571988071,0.01062399335205555,0.007899487391114235,1.4177685976028442,1.010526418685913,0.007814106531441212,0.008086475543677807
random_inpainting,shetland_sheepdog,0,3,0.333,0.9167500000000001,0.2000590571988071,0.009873627685010433,0.007910925894975662,1.4175102710723877,0.9851222634315491,0.007804293651133776,0.008144453167915344
random_inpainting,shetland_sheepdog,0,4,0.444,0.889,0.2000590571988071,0.009073696099221706,0.007746896706521511,1.4174710512161255,1.0106555223464966,0.007604862097650766,0.008057954721152782
random_inpainting,shetland_sheepdog,0,5,0.555,0.86125,0.2000590571988071,0.008365506306290627,0.007740456610918045,1.417439341545105,0.9899382591247559,0.0076978313736617565,0.007833807729184628
random_inpainting,shetland_sheepdog,0,6,0.666,0.8335,0.2000590571988071,0.007804953958839178,0.007704652845859528,1.4173012971878052,1.0218288898468018,0.007596207316964865,0.007942154072225094
random_inpainting,shetland_sheepdog,0,7,0.777,0.80575,0.2000590571988071,0.0074211894534528255,0.0077257053926587105,1.417444109916687,0.9890813231468201,0.007665307726711035,0.007857978343963623
random_inpainting,shetland_sheepdog,0,8,0.888,0.778,0.2000590571988071,0.00719289667904377,0.007930046878755093,1.4175509214401245,1.0073449611663818,0.007847698405385017,0.008110390976071358
random_inpainting,shetland_sheepdog,0,9,0.999,0.75025,0.2000590571988071,0.007022725883871317,0.007789765950292349,1.4171987771987915,0.992436408996582,0.0076491860672831535,0.008097640238702297
random_inpainting,shetland_sheepdog,1,0,0.0,0.8571428571428572,0.21108518838244975,0.013227979652583599,0.009890212677419186,1.1943140029907227,0.9949657320976257,0.00997482892125845,0.009707397781312466
random_inpainting,shetland_sheepdog,1,1,0.111,0.8175000000000001,0.21108518838244975,0.012689127586781979,0.010011928156018257,1.1944828033447266,1.0010473728179932,0.009993570856750011,0.010051590390503407
random_inpainting,shetland_sheepdog,1,2,0.222,0.7778571428571429,0.21108518838244975,0.012317526154220104,0.009759780019521713,1.1939301490783691,1.0007309913635254,0.00973037350922823,0.009823312051594257
random_inpainting,shetland_sheepdog,1,3,0.333,0.7382142857142858,0.21108518838244975,0.012009454891085625,0.009984571486711502,1.1942198276519775,1.0040969848632812,0.01003115065395832,0.009883935563266277
random_inpainting,shetland_sheepdog,1,4,0.444,0.6985714285714286,0.21108518838244975,0.011795909143984318,0.009793432429432869,1.1941847801208496,0.9977661371231079,0.009801297448575497,0.009776439517736435
random_inpainting,shetland_sheepdog,1,5,0.555,0.6589285714285714,0.21108518838244975,0.011530348099768162,0.010006123222410679,1.194178819656372,0.9973711371421814,0.010083234868943691,0.009839522652328014
random_inpainting,shetland_sheepdog,1,6,0.666,0.6192857142857142,0.21108518838244975,0.011259624734520912,0.009971782565116882,1.1943107843399048,0.9948076605796814,0.010016161948442459,0.00987589918076992
random_inpainting,shetland_sheepdog,1,7,0.777,0.5796428571428571,0.21108518838244975,0.010943361558020115,0.01007854100316763,1.19460928440094,1.008320689201355,0.010135069489479065,0.009956411086022854
random_inpainting,shetland_sheepdog,1,8,0.888,0.54,0.21108518838244975,0.010707459412515163,0.009810473769903183,1.1938769817352295,0.9973276853561401,0.009852082468569279,0.009720579721033573
random_inpainting,shetland_sheepdog,1,9,0.999,0.5003571428571428,0.21108518838244975,0.010580291040241718,0.009869487956166267,1.1933445930480957,0.995151937007904,0.009946051053702831,0.009704072028398514
random_inpainting,shetland_sheepdog,2,0,0.0,0.6666666666666667,0.2203612135091675,0.011577649042010307,0.05908684432506561,1.0178494453430176,1.0030760765075684,0.0753077045083046,0.022535160183906555
random_inpainting,shetland_sheepdog,2,1,0.111,0.6204166666666668,0.2203612135091675,0.011458246037364006,0.05769500881433487,1.0198071002960205,1.0029871463775635,0.07321558892726898,0.0227213017642498
random_inpainting,shetland_sheepdog,2,2,0.222,0.5741666666666667,0.2203612135091675,0.011648545041680336,0.05795546993613243,1.0182346105575562,0.9995256066322327,0.07356351613998413,0.022784680128097534
random_inpainting,shetland_sheepdog,2,3,0.333,0.5279166666666668,0.2203612135091675,0.011883500963449478,0.055823467671871185,1.0175145864486694,0.9999186992645264,0.07065010815858841,0.022413484752178192
random_inpainting,shetland_sheepdog,2,4,0.444,0.48166666666666674,0.2203612135091675,0.01197701133787632,0.055178336799144745,1.0172398090362549,1.003506064414978,0.06989221274852753,0.02202245406806469
random_inpainting,shetland_sheepdog,2,5,0.555,0.4354166666666667,0.2203612135091675,0.012359649874269962,0.05245579034090042,1.0195344686508179,0.9933828115463257,0.06623652577400208,0.021402603015303612
random_inpainting,shetland_sheepdog,2,6,0.666,0.38916666666666666,0.2203612135091675,0.012831875123083591,0.04979722201824188,1.0170631408691406,0.9984731674194336,0.06250246614217758,0.021167535334825516
random_inpainting,shetland_sheepdog,2,7,0.777,0.34291666666666665,0.2203612135091675,0.013585136272013187,0.04414214938879013,1.0180249214172363,0.991381049156189,0.05512215569615364,0.019400058314204216
random_inpainting,shetland_sheepdog,2,8,0.888,0.2966666666666667,0.2203612135091675,0.014856654219329357,0.039651889353990555,1.0170960426330566,0.9937078952789307,0.04881555587053299,0.01900269277393818
random_inpainting,shetland_sheepdog,2,9,0.999,0.2504166666666667,0.2203612135091675,0.016559859737753868,0.03592853993177414,1.0166897773742676,1.0025813579559326,0.043741144239902496,0.01832379586994648
random_inpainting,shetland_sheepdog,3,0,0.0,0.3999999999999999,0.22819071692139276,0.009431982412934303,0.11731861531734467,0.9978660941123962,0.999713122844696,0.16626062989234924,0.004903154447674751
random_inpainting,shetland_sheepdog,3,1,0.111,0.3555999999999999,0.22819071692139276,0.01087617315351963,0.10528658330440521,0.9976022243499756,0.9997578263282776,0.14899565279483795,0.004890765063464642
random_inpainting,shetland_sheepdog,3,2,0.222,0.3111999999999999,0.22819071692139276,0.013747267425060272,1.0024874210357666,1.0059155225753784,1.0001792907714844,1.4367327690124512,0.005064220633357763
random_inpainting,shetland_sheepdog,3,3,0.333,0.2668,0.22819071692139276,0.01540498249232769,1.0813039541244507,1.0048744678497314,0.9999858736991882,1.5498725175857544,0.0050432514399290085
random_inpainting,shetland_sheepdog,3,4,0.444,0.22239999999999996,0.22819071692139276,0.016522610560059547,1.162221908569336,1.0061206817626953,1.0000320672988892,1.666022539138794,0.005036733113229275
random_inpainting,shetland_sheepdog,3,5,0.555,0.17799999999999994,0.22819071692139276,0.01827741414308548,1.3139524459838867,1.0070892572402954,1.0010730028152466,1.8838127851486206,0.005033920519053936
random_inpainting,shetland_sheepdog,3,6,0.666,0.13359999999999997,0.22819071692139276,0.021496202796697617,1.5012811422348022,1.009653091430664,1.000120759010315,2.1527099609375,0.005007144529372454
random_inpainting,shetland_sheepdog,3,7,0.777,0.08919999999999997,0.22819071692139276,0.02786899358034134,1.6937808990478516,1.0179331302642822,0.9989882707595825,2.429008960723877,0.005027488339692354
random_inpainting,shetland_sheepdog,3,8,0.888,0.044799999999999986,0.22819071692139276,0.044657252728939056,1.9176362752914429,1.0470577478408813,0.9990074038505554,2.7502148151397705,0.00527667673304677
random_inpainting,shetland_sheepdog,3,9,0.999,0.0004000000000000003,nan,0.14477470517158508,1.9176362752914429,1.0470577478408813,0.9990074038505554,2.7502148151397705,0.00527667673304677
gaussian_blur,breastplate_armor,0,0,0.0,1.0,0.2000590571988071,0.009970428422093391,0.005527260713279247,1.0886995792388916,0.9947441816329956,,
gaussian_blur,breastplate_armor,0,1,0.111,0.9722500000000001,0.2000590571988071,0.010642001405358315,0.005668056197464466,1.0886187553405762,0.9973888397216797,,
gaussian_blur,breastplate_armor,0,2,0.222,0.9445,0.2000590571988071,0.01062399335205555,0.005430679768323898,1.0885599851608276,0.9829674363136292,,
gaussian_blur,breastplate_armor,0,3,0.333,0.9167500000000001,0.2000590571988071,0.009873627685010433,0.005367015954107046,1.0884777307510376,0.9869840145111084,,
gaussian_blur,breastplate_armor,0,4,0.444,0.889,0.2000590571988071,0.009073696099221706,0.005626249127089977,1.0885365009307861,0.9984487891197205,,
gaussian_blur,breastplate_armor,0,5,0.555,0.86125,0.2000590571988071,0.008365506306290627,0.005634859204292297,1.0887006521224976,0.9851222038269043,,
gaussian_blur,breastplate_armor,0,6,0.666,0.8335,0.2000590571988071,0.007804953958839178,0.0056298403069376945,1.0885789394378662,1.0122591257095337,,
gaussian_blur,breastplate_armor,0,7,0.777,0.80575,0.2000590571988071,0.0074211894534528255,0.005552311893552542,1.089011311531067,1.0158469676971436,,
gaussian_blur,breastplate_armor,0,8,0.888,0.778,0.2000590571988071,0.00719289667904377,0.0054402705281972885,1.088551640510559,0.9899382591247559,,
gaussian_blur,breastplate_armor,0,9,0.999,0.75025,0.2000590571988071,0.007022725883871317,0.005495980381965637,1.088533639907837,0.9699145555496216,,
gaussian_blur,breastplate_armor,1,0,0.0,0.8571428571428572,0.21108518838244975,0.013227979652583599,0.06991857290267944,0.9947252869606018,1.001232385635376,,
gaussian_blur,breastplate_armor,1,1,0.111,0.8175000000000001,0.21108518838244975,0.012689127586781979,0.06891421973705292,0.9953404068946838,1.0051027536392212,,
gaussian_blur,breastplate_armor,1,2,0.222,0.7778571428571429,0.21108518838244975,0.012317526154220104,0.06648959219455719,0.9960658550262451,1.0067402124404907,,
gaussian_blur,breastplate_armor,1,3,0.333,0.7382142857142858,0.21108518838244975,0.012009454891085625,0.06831715255975723,0.9954558610916138,1.0015387535095215,,
gaussian_blur,breastplate_armor,1,4,0.444,0.6985714285714286,0.21108518838244975,0.011795909143984318,0.06780564039945602,0.9945386052131653,0.9979171752929688,,
gaussian_blur,breastplate_armor,1,5,0.555,0.6589285714285714,0.21108518838244975,0.011530348099768162,0.06455725431442261,0.9952065944671631,1.005010962486267,,
gaussian_blur,breastplate_armor,1,6,0.666,0.6192857142857142,0.21108518838244975,0.011259624734520912,0.06663548946380615,0.9942927360534668,0.9920858144760132,,
gaussian_blur,breastplate_armor,1,7,0.777,0.5796428571428571,0.21108518838244975,0.010943361558020115,0.0636458471417427,0.99514240026474,1.0061179399490356,,
gaussian_blur,breastplate_armor,1,8,0.888,0.54,0.21108518838244975,0.010707459412515163,0.06371194124221802,0.9954003691673279,1.0071406364440918,,
gaussian_blur,breastplate_armor,1,9,0.999,0.5003571428571428,0.21108518838244975,0.010580291040241718,0.06197969242930412,0.9943922758102417,0.9874954223632812,,
gaussian_blur,breastplate_armor,2,0,0.0,0.6666666666666667,0.2203612135091675,0.011577649042010307,0.1883736103773117,0.9929852485656738,0.9937723875045776,,
gaussian_blur,breastplate_armor,2,1,0.111,0.6204166666666668,0.2203612135091675,0.011458246037364006,0.18750286102294922,0.9935836791992188,1.0020711421966553,,
gaussian_blur,breastplate_armor,2,2,0.222,0.5741666666666667,0.2203612135091675,0.011648545041680336,0.1834557056427002,0.9931771755218506,1.0010837316513062,,
gaussian_blur,breastplate_armor,2,3,0.333,0.5279166666666668,0.2203612135091675,0.011883500963449478,0.18092338740825653,0.9936454892158508,0.9983058571815491,,
gaussian_blur,breastplate_armor,2,4,0.444,0.48166666666666674,0.2203612135091675,0.01197701133787632,0.1709529012441635,0.9930543899536133,0.9982717037200928,,
gaussian_blur,breastplate_armor,2,5,0.555,0.4354166666666667,0.2203612135091675,0.012359649874269962,0.15953722596168518,0.9935996532440186,1.0028070211410522,,
gaussian_blur,breastplate_armor,2,6,0.666,0.38916666666666666,0.2203612135091675,0.012831875123083591,0.15329384803771973,0.9931865334510803,1.0008032321929932,,
gaussian_blur,breastplate_armor,2,7,0.777,0.34291666666666665,0.2203612135091675,0.013585136272013187,0.16990689933300018,0.9934108257293701,1.0048716068267822,,
gaussian_blur,breastplate_armor,2,8,0.888,0.2966666666666667,0.2203612135091675,0.014856654219329357,0.18854165077209473,0.9930328130722046,1.0049186944961548,,
gaussian_blur,breastplate_armor,2,9,0.999,0.2504166666666667,0.2203612135091675,0.016559859737753868,0.18405477702617645,0.9935182929039001,0.9971063733100891,,
gaussian_blur,breastplate_armor,3,0,0.0,0.3999999999999999,0.22819071692139276,0.009431982412934303,0.16523529589176178,0.9926878213882446,1.0001496076583862,,
gaussian_blur,breastplate_armor,3,1,0.111,0.3555999999999999,0.22819071692139276,0.01087617315351963,0.39092522859573364,0.994357168674469,1.001513957977295,,
gaussian_blur,breastplate_armor,3,2,0.222,0.3111999999999999,0.22819071692139276,0.013747267425060272,0.779967188835144,0.9962224960327148,1.0013316869735718,,
gaussian_blur,breastplate_armor,3,3,0.333,0.2668,0.22819071692139276,0.01540498249232769,1.1715762615203857,0.9972731471061707,0.9984867572784424,,
gaussian_blur,breastplate_armor,3,4,0.444,0.22239999999999996,0.22819071692139276,0.016522610560059547,1.5927159786224365,1.0018491744995117,0.9965718388557434,,
gaussian_blur,breastplate_armor,3,5,0.555,0.17799999999999994,0.22819071692139276,0.01827741414308548,1.9961719512939453,1.0079487562179565,0.9995768070220947,,
gaussian_blur,breastplate_armor,3,6,0.666,0.13359999999999997,0.22819071692139276,0.021496202796697617,2.045029640197754,1.0183550119400024,1.0008517503738403,,
gaussian_blur,breastplate_armor,3,7,0.777,0.08919999999999997,0.22819071692139276,0.02786899358034134,2.181269407272339,1.0444377660751343,0.9999298453330994,,
gaussian_blur,breastplate_armor,3,8,0.888,0.044799999999999986,0.22819071692139276,0.044657252728939056,2.5362861156463623,1.1376497745513916,1.0011248588562012,,
gaussian_blur,breastplate_armor,3,9,0.999,0.0004000000000000003,nan,0.14477470517158508,2.5362861156463623,1.1376497745513916,1.0011248588562012,,
gaussian_blur,crane_structure,0,0,0.0,1.0,0.2000590571988071,0.009970428422093391,0.019290706142783165,1.263769507408142,0.9947441816329956,,
gaussian_blur,crane_structure,0,1,0.111,0.9722500000000001,0.2000590571988071,0.010642001405358315,0.019025728106498718,1.2637228965759277,0.9973888397216797,,
gaussian_blur,crane_structure,0,2,0.222,0.9445,0.2000590571988071,0.01062399335205555,0.01916573941707611,1.263648271560669,0.9829674363136292,,
gaussian_blur,crane_structure,0,3,0.333,0.9167500000000001,0.2000590571988071,0.009873627685010433,0.019035078585147858,1.2635767459869385,0.9869840145111084,,
gaussian_blur,crane_structure,0,4,0.444,0.889,0.2000590571988071,0.009073696099221706,0.019286101683974266,1.2636383771896362,0.9984487891197205,,
gaussian_blur,crane_structure,0,5,0.555,0.86125,0.2000590571988071,0.008365506306290627,0.01905294880270958,1.2637907266616821,0.9851222038269043,,
gaussian_blur,crane_structure,0,6,0.666,0.8335,0.2000590571988071,0.007804953958839178,0.019063299521803856,1.2636805772781372,1.0122591257095337,,
gaussian_blur,crane_structure,0,7,0.777,0.80575,0.2000590571988071,0.0074211894534528255,0.019310586154460907,1.264043927192688,1.0158469676971436,,
gaussian_blur,crane_structure,0,8,0.888,0.778,0.2000590571988071,0.00719289667904377,0.01933125965297222,1.2636409997940063,0.9899382591247559,,
gaussian_blur,crane_structure,0,9,0.999,0.75025,0.2000590571988071,0.007022725883871317,0.019004886969923973,1.263638973236084,0.9699146151542664,,
gaussian_blur,crane_structure,1,0,0.0,0.8571428571428572,0.21108518838244975,0.013227979652583599,0.08183924108743668,0.9967806339263916,1.001232385635376,,
gaussian_blur,crane_structure,1,1,0.111,0.8175000000000001,0.21108518838244975,0.012689127586781979,0.07946222275495529,0.9977396130561829,1.0051027536392212,,
gaussian_blur,crane_structure,1,2,0.222,0.7778571428571429,0.21108518838244975,0.012317526154220104,0.0778253972530365,0.9984220266342163,1.0067402124404907,,
gaussian_blur,crane_structure,1,3,0.333,0.7382142857142858,0.21108518838244975,0.012009454891085625,0.07977717369794846,0.9978111982345581,1.0015387535095215,,
gaussian_blur,crane_structure,1,4,0.444,0.6985714285714286,0.21108518838244975,0.011795909143984318,0.08001211285591125,0.996660590171814,0.9979171752929688,,
gaussian_blur,crane_structure,1,5,0.555,0.6589285714285714,0.21108518838244975,0.011530348099768162,0.07716451585292816,0.997326672077179,1.005010962486267,,
gaussian_blur,crane_structure,1,6,0.666,0.6192857142857142,0.21108518838244975,0.011259624734520912,0.07826227694749832,0.9965938925743103,0.9920858144760132,,
gaussian_blur,crane_structure,1,7,0.777,0.5796428571428571,0.21108518838244975,0.010943361558020115,0.0761309415102005,0.9971581101417542,1.0061179399490356,,
gaussian_blur,crane_structure,1,8,0.888,0.54,0.21108518838244975,0.010707459412515163,0.07615537941455841,0.9976186156272888,1.0071406364440918,,
gaussian_blur,crane_structure,1,9,0.999,0.5003571428571428,0.21108518838244975,0.010580291040241718,0.07713066041469574,0.9961939454078674,0.9874954223632812,,
gaussian_blur,crane_structure,2,0,0.0,0.6666666666666667,0.2203612135091675,0.011577649042010307,0.20177322626113892,0.9952476620674133,0.9937723875045776,,
gaussian_blur,crane_structure,2,1,0.111,0.6204166666666668,0.2203612135091675,0.011458246037364006,0.19995008409023285,0.9955272674560547,1.0020711421966553,,
gaussian_blur,crane_structure,2,2,0.222,0.5741666666666667,0.2203612135091675,0.011648545041680336,0.19638440012931824,0.994540274143219,1.0010837316513062,,
gaussian_blur,crane_structure,2,3,0.333,0.5279166666666668,0.2203612135091675,0.011883500963449478,0.19267809391021729,0.9948556423187256,0.9983058571815491,,
gaussian_blur,crane_structure,2,4,0.444,0.48166666666666674,0.2203612135091675,0.01197701133787632,0.18163913488388062,0.9939041137695312,0.9982717037200928,,
gaussian_blur,crane_structure,2,5,0.555,0.4354166666666667,0.2203612135091675,0.012359649874269962,0.1704566776752472,0.9942306280136108,1.0028070211410522,,
gaussian_blur,crane_structure,2,6,0.666,0.38916666666666666,0.2203612135091675,0.012831875123083591,0.167525053024292,0.9937286376953125,1.0008031129837036,,
gaussian_blur,crane_structure,2,7,0.777,0.34291666666666665,0.2203612135091675,0.013585136272013187,0.18229040503501892,0.993924081325531,1.0048716068267822,,
gaussian_blur,crane_structure,2,8,0.888,0.2966666666666667,0.2203612135091675,0.014856654219329357,0.18523333966732025,0.9933136701583862,1.0049186944961548,,
gaussian_blur,crane_structure,2,9,0.999,0.2504166666666667,0.2203612135091675,0.016559859737753868,0.16947638988494873,0.9936426877975464,0.9971063733100891,,
gaussian_blur,crane_structure,3,0,0.0,0.3999999999999999,0.22819071692139276,0.009431982412934303,0.17894786596298218,0.9933937788009644,1.0001496076583862,,
gaussian_blur,crane_structure,3,1,0.111,0.3555999999999999,0.22819071692139276,0.01087617315351963,1.341353178024292,0.9989484548568726,1.001513957977295,,
gaussian_blur,crane_structure,3,2,0.222,0.3111999999999999,0.22819071692139276,0.013747267425060272,1.3015964031219482,1.0029538869857788,1.0013316869735718,,
gaussian_blur,crane_structure,3,3,0.333,0.2668,0.22819071692139276,0.01540498249232769,1.3207796812057495,1.0065760612487793,0.9984867572784424,,
gaussian_blur,crane_structure,3,4,0.444,0.22239999999999996,0.22819071692139276,0.016522610560059547,1.4576205015182495,1.011364221572876,0.9965718388557434,,
gaussian_blur,crane_structure,3,5,0.555,0.17799999999999994,0.22819071692139276,0.01827741414308548,1.671762228012085,1.017290472984314,0.9995768070220947,,
gaussian_blur,crane_structure,3,6,0.666,0.13359999999999997,0.22819071692139276,0.021496202796697617,1.9557945728302002,1.02816903591156,1.0008517503738403,,
gaussian_blur,crane_structure,3,7,0.777,0.08919999999999997,0.22819071692139276,0.02786899358034134,2.2427260875701904,1.0528801679611206,0.9999298453330994,,
gaussian_blur,crane_structure,3,8,0.888,0.044799999999999986,0.22819071692139276,0.044657252728939056,2.4495906829833984,1.1351569890975952,1.0011248588562012,,
gaussian_blur,crane_structure,3,9,0.999,0.0004000000000000003,nan,0.14477470517158508,2.4495906829833984,1.1351569890975952,1.0011248588562012,,
gaussian_blur,ibex_horns,0,0,0.0,1.0,0.2000590571988071,0.009970428422093391,0.029410308226943016,1.2902812957763672,0.9947441816329956,,
gaussian_blur,ibex_horns,0,1,0.111,0.9722500000000001,0.2000590571988071,0.010642001405358315,0.02946014702320099,1.2902196645736694,0.9973888397216797,,
gaussian_blur,ibex_horns,0,2,0.222,0.9445,0.2000590571988071,0.01062399335205555,0.02887662500143051,1.2901756763458252,0.9829674363136292,,
gaussian_blur,ibex_horns,0,3,0.333,0.9167500000000001,0.2000590571988071,0.009873627685010433,0.02960367314517498,1.2900670766830444,0.9869840145111084,,
gaussian_blur,ibex_horns,0,4,0.444,0.889,0.2000590571988071,0.009073696099221706,0.029774677008390427,1.290130853652954,0.9984487891197205,,
gaussian_blur,ibex_horns,0,5,0.555,0.86125,0.2000590571988071,0.008365506306290627,0.02965351939201355,1.2902806997299194,0.9851222038269043,,
gaussian_blur,ibex_horns,0,6,0.666,0.8335,0.2000590571988071,0.007804953958839178,0.029576148837804794,1.290172815322876,1.0122591257095337,,
gaussian_blur,ibex_horns,0,7,0.777,0.80575,0.2000590571988071,0.0074211894534528255,0.029601646587252617,1.2905360460281372,1.0158469676971436,,
gaussian_blur,ibex_horns,0,8,0.888,0.778,0.2000590571988071,0.00719289667904377,0.029659409075975418,1.2901476621627808,0.9899382591247559,,
gaussian_blur,ibex_horns,0,9,0.999,0.75025,0.2000590571988071,0.007022725883871317,0.029316145926713943,1.2901383638381958,0.9699145555496216,,
gaussian_blur,ibex_horns,1,0,0.0,0.8571428571428572,0.21108518838244975,0.013227979652583599,0.07781782746315002,0.9957596063613892,1.001232385635376,,
gaussian_blur,ibex_horns,1,1,0.111,0.8175000000000001,0.21108518838244975,0.012689127586781979,0.07613877952098846,0.9965588450431824,1.0051027536392212,,
gaussian_blur,ibex_horns,1,2,0.222,0.7778571428571429,0.21108518838244975,0.012317526154220104,0.07356749475002289,0.9971380829811096,1.0067402124404907,,
gaussian_blur,ibex_horns,1,3,0.333,0.7382142857142858,0.21108518838244975,0.012009454891085625,0.07529836893081665,0.996636152267456,1.0015387535095215,,
gaussian_blur,ibex_horns,1,4,0.444,0.6985714285714286,0.21108518838244975,0.011795909143984318,0.07631015032529831,0.9954755902290344,0.9979171752929688,,
gaussian_blur,ibex_horns,1,5,0.555,0.6589285714285714,0.21108518838244975,0.011530348099768162,0.07234972715377808,0.9961971640586853,1.005010962486267,,
gaussian_blur,ibex_horns,1,6,0.666,0.6192857142857142,0.21108518838244975,0.011259624734520912,0.07396300882101059,0.995384156703949,0.9920858144760132,,
gaussian_blur,ibex_horns,1,7,0.777,0.5796428571428571,0.21108518838244975,0.010943361558020115,0.07168234884738922,0.9961259961128235,1.0061179399490356,,
gaussian_blur,ibex_horns,1,8,0.888,0.54,0.21108518838244975,0.010707459412515163,0.07179084420204163,0.9963119626045227,1.0071406364440918,,
gaussian_blur,ibex_horns,1,9,0.999,0.5003571428571428,0.21108518838244975,0.010580291040241718,0.06998904794454575,0.995392918586731,0.9874954223632812,,
gaussian_blur,ibex_horns,2,0,0.0,0.6666666666666667,0.2203612135091675,0.011577649042010307,0.19343499839305878,0.9943558573722839,0.9937723875045776,,
gaussian_blur,ibex_horns,2,1,0.111,0.6204166666666668,0.2203612135091675,0.011458246037364006,0.19298133254051208,0.9946951270103455,1.0020711421966553,,
gaussian_blur,ibex_horns,2,2,0.222,0.5741666666666667,0.2203612135091675,0.011648545041680336,0.18864554166793823,0.9941935539245605,1.0010837316513062,,
gaussian_blur,ibex_horns,2,3,0.333,0.5279166666666668,0.2203612135091675,0.011883500963449478,0.18642990291118622,0.9946520924568176,0.9983058571815491,,
gaussian_blur,ibex_horns,2,4,0.444,0.48166666666666674,0.2203612135091675,0.01197701133787632,0.17794816195964813,0.99399334192276,0.9982717037200928,,
gaussian_blur,ibex_horns,2,5,0.555,0.4354166666666667,0.2203612135091675,0.012359649874269962,0.1657884120941162,0.9944214224815369,1.0028070211410522,,
gaussian_blur,ibex_horns,2,6,0.666,0.38916666666666666,0.2203612135091675,0.012831875123083591,0.1739753931760788,0.9938006401062012,1.0008031129837036,,
gaussian_blur,ibex_horns,2,7,0.777,0.34291666666666665,0.2203612135091675,0.013585136272013187,0.22488117218017578,0.994106650352478,1.0048716068267822,,
gaussian_blur,ibex_horns,2,8,0.888,0.2966666666666667,0.2203612135091675,0.014856654219329357,0.2671840190887451,0.9939962029457092,1.0049186944961548,,
gaussian_blur,ibex_horns,2,9,0.999,0.2504166666666667,0.2203612135091675,0.016559859737753868,0.25532734394073486,0.9943414926528931,0.9971063733100891,,
gaussian_blur,ibex_horns,3,0,0.0,0.3999999999999999,0.22819071692139276,0.009431982412934303,0.17731927335262299,0.9941633343696594,1.0001496076583862,,
gaussian_blur,ibex_horns,3,1,0.111,0.3555999999999999,0.22819071692139276,0.01087617315351963,0.9881893992424011,0.9975293278694153,1.001513957977295,,
gaussian_blur,ibex_horns,3,2,0.222,0.3111999999999999,0.22819071692139276,0.013747267425060272,1.1110503673553467,1.0022214651107788,1.0013316869735718,,
gaussian_blur,ibex_horns,3,3,0.333,0.2668,0.22819071692139276,0.01540498249232769,1.104713797569275,1.0053402185440063,0.9984867572784424,,
gaussian_blur,ibex_horns,3,4,0.444,0.22239999999999996,0.22819071692139276,0.016522610560059547,1.2565617561340332,1.0088634490966797,0.9965718388557434,,
gaussian_blur,ibex_horns,3,5,0.555,0.17799999999999994,0.22819071692139276,0.01827741414308548,1.4584659337997437,1.0132843255996704,0.9995768070220947,,
gaussian_blur,ibex_horns,3,6,0.666,0.13359999999999997,0.22819071692139276,0.021496202796697617,1.6667022705078125,1.0218614339828491,1.0008517503738403,,
gaussian_blur,ibex_horns,3,7,0.777,0.08919999999999997,0.22819071692139276,0.02786899358034134,1.8983371257781982,1.041772723197937,0.9999298453330994,,
gaussian_blur,ibex_horns,3,8,0.888,0.044799999999999986,0.22819071692139276,0.044657252728939056,2.1213481426239014,1.1070849895477295,1.0011248588562012,,
gaussian_blur,ibex_horns,3,9,0.999,0.0004000000000000003,nan,0.14477470517158508,2.1213481426239014,1.1070849895477295,1.0011248588562012,,
gaussian_blur,junco,0,0,0.0,1.0,0.2000590571988071,0.009970428422093391,0.011645223014056683,1.081294059753418,0.9947441816329956,,
gaussian_blur,junco,0,1,0.111,0.9722500000000001,0.2000590571988071,0.010642001405358315,0.011629248037934303,1.081217646598816,0.9973888397216797,,
gaussian_blur,junco,0,2,0.222,0.9445,0.2000590571988071,0.01062399335205555,0.011810578405857086,1.081128716468811,0.9829674363136292,,
gaussian_blur,junco,0,3,0.333,0.9167500000000001,0.2000590571988071,0.009873627685010433,0.01159394346177578,1.0810539722442627,0.9869840145111084,,
gaussian_blur,junco,0,4,0.444,0.889,0.2000590571988071,0.009073696099221706,0.011844846419990063,1.081122875213623,0.9984487891197205,,
gaussian_blur,junco,0,5,0.555,0.86125,0.2000590571988071,0.008365506306290627,0.011851632967591286,1.081282377243042,0.9851222038269043,,
gaussian_blur,junco,0,6,0.666,0.8335,0.2000590571988071,0.007804953958839178,0.01166197657585144,1.081167459487915,1.0122591257095337,,
gaussian_blur,junco,0,7,0.777,0.80575,0.2000590571988071,0.0074211894534528255,0.011834087781608105,1.0815927982330322,1.0158469676971436,,
gaussian_blur,junco,0,8,0.888,0.778,0.2000590571988071,0.00719289667904377,0.011826163157820702,1.0811271667480469,0.9899382591247559,,
gaussian_blur,junco,0,9,0.999,0.75025,0.2000590571988071,0.007022725883871317,0.011290626600384712,1.081139326095581,0.9699145555496216,,
gaussian_blur,junco,1,0,0.0,0.8571428571428572,0.21108518838244975,0.013227979652583599,0.06985791027545929,0.9945416450500488,1.001232385635376,,
gaussian_blur,junco,1,1,0.111,0.8175000000000001,0.21108518838244975,0.012689127586781979,0.06887131929397583,0.9951569437980652,1.0051027536392212,,
gaussian_blur,junco,1,2,0.222,0.7778571428571429,0.21108518838244975,0.012317526154220104,0.0664900690317154,0.9958913922309875,1.0067402124404907,,
gaussian_blur,junco,1,3,0.333,0.7382142857142858,0.21108518838244975,0.012009454891085625,0.06838739663362503,0.9952916502952576,1.0015387535095215,,
gaussian_blur,junco,1,4,0.444,0.6985714285714286,0.21108518838244975,0.011795909143984318,0.06790223717689514,0.9942907691001892,0.9979171752929688,,
gaussian_blur,junco,1,5,0.555,0.6589285714285714,0.21108518838244975,0.011530348099768162,0.06494302302598953,0.9949275851249695,1.005010962486267,,
gaussian_blur,junco,1,6,0.666,0.6192857142857142,0.21108518838244975,0.011259624734520912,0.06613858044147491,0.9941715002059937,0.9920858144760132,,
gaussian_blur,junco,1,7,0.777,0.5796428571428571,0.21108518838244975,0.010943361558020115,0.0637059211730957,0.9949472546577454,1.0061179399490356,,
gaussian_blur,junco,1,8,0.888,0.54,0.21108518838244975,0.010707459412515163,0.06369394063949585,0.9951833486557007,1.0071406364440918,,
gaussian_blur,junco,1,9,0.999,0.5003571428571428,0.21108518838244975,0.010580291040241718,0.06226895749568939,0.9941769242286682,0.9874954223632812,,
gaussian_blur,junco,2,0,0.0,0.6666666666666667,0.2203612135091675,0.011577649042010307,0.18610107898712158,0.992942750453949,0.9937723875045776,,
gaussian_blur,junco,2,1,0.111,0.6204166666666668,0.2203612135091675,0.011458246037364006,0.1848381608724594,0.9935856461524963,1.0020711421966553,,
gaussian_blur,junco,2,2,0.222,0.5741666666666667,0.2203612135091675,0.011648545041680336,0.18100683391094208,0.9930782914161682,1.0010837316513062,,
gaussian_blur,junco,2,3,0.333,0.5279166666666668,0.2203612135091675,0.011883500963449478,0.17811688780784607,0.993480920791626,0.9983058571815491,,
gaussian_blur,junco,2,4,0.444,0.48166666666666674,0.2203612135091675,0.01197701133787632,0.16865617036819458,0.9928677082061768,0.9982717037200928,,
gaussian_blur,junco,2,5,0.555,0.4354166666666667,0.2203612135091675,0.012359649874269962,0.1579967439174652,0.9934059381484985,1.0028070211410522,,
gaussian_blur,junco,2,6,0.666,0.38916666666666666,0.2203612135091675,0.012831875123083591,0.16268087923526764,0.9928932785987854,1.0008031129837036,,
gaussian_blur,junco,2,7,0.777,0.34291666666666665,0.2203612135091675,0.013585136272013187,0.2796509861946106,0.9935645461082458,1.0048716068267822,,
gaussian_blur,junco,2,8,0.888,0.2966666666666667,0.2203612135091675,0.014856654219329357,0.31100812554359436,0.9932020306587219,1.0049186944961548,,
gaussian_blur,junco,2,9,0.999,0.2504166666666667,0.2203612135091675,0.016559859737753868,0.27452024817466736,0.9933831095695496,0.9971063733100891,,
gaussian_blur,junco,3,0,0.0,0.3999999999999999,0.22819071692139276,0.009431982412934303,0.15887480974197388,0.992423951625824,1.0001496076583862,,
gaussian_blur,junco,3,1,0.111,0.3555999999999999,0.22819071692139276,0.01087617315351963,1.2064528465270996,0.9953099489212036,1.001513957977295,,
gaussian_blur,junco,3,2,0.222,0.3111999999999999,0.22819071692139276,0.013747267425060272,1.1915488243103027,0.9967642426490784,1.0013316869735718,,
gaussian_blur,junco,3,3,0.333,0.2668,0.22819071692139276,0.01540498249232769,1.1636691093444824,0.9979087710380554,0.9984867572784424,,
gaussian_blur,junco,3,4,0.444,0.22239999999999996,0.22819071692139276,0.016522610560059547,1.334755301475525,0.9994622468948364,0.9965718388557434,,
gaussian_blur,junco,3,5,0.555,0.17799999999999994,0.22819071692139276,0.01827741414308548,1.6475169658660889,1.0022656917572021,0.9995768070220947,,
gaussian_blur,junco,3,6,0.666,0.13359999999999997,0.22819071692139276,0.021496202796697617,1.9566506147384644,1.0085585117340088,1.0008517503738403,,
gaussian_blur,junco,3,7,0.777,0.08919999999999997,0.22819071692139276,0.02786899358034134,2.2221035957336426,1.023207187652588,0.9999298453330994,,
gaussian_blur,junco,3,8,0.888,0.044799999999999986,0.22819071692139276,0.044657252728939056,2.398345708847046,1.0764504671096802,1.0011248588562012,,
gaussian_blur,junco,3,9,0.999,0.0004000000000000003,nan,0.14477470517158508,2.398345708847046,1.0764504671096802,1.0011248588562012,,
gaussian_blur,lakeside_beach,0,0,0.0,1.0,0.2000590571988071,0.009970428422093391,0.002885493915528059,1.0490655899047852,0.9947441816329956,,
gaussian_blur,lakeside_beach,0,1,0.111,0.9722500000000001,0.2000590571988071,0.010642001405358315,0.003011510241776705,1.0489884614944458,0.9973888397216797,,
gaussian_blur,lakeside_beach,0,2,0.222,0.9445,0.2000590571988071,0.01062399335205555,0.002871690085157752,1.0489081144332886,0.9829674363136292,,
gaussian_blur,lakeside_beach,0,3,0.333,0.9167500000000001,0.2000590571988071,0.009873627685010433,0.0028330450877547264,1.048819899559021,0.9869840145111084,,
gaussian_blur,lakeside_beach,0,4,0.444,0.889,0.2000590571988071,0.009073696099221706,0.002997785806655884,1.048895001411438,0.9984487891197205,,
gaussian_blur,lakeside_beach,0,5,0.555,0.86125,0.2000590571988071,0.008365506306290627,0.0029832792934030294,1.0490646362304688,0.9851222038269043,,
gaussian_blur,lakeside_beach,0,6,0.666,0.8335,0.2000590571988071,0.007804953958839178,0.002916505094617605,1.0489389896392822,1.0122591257095337,,
gaussian_blur,lakeside_beach,0,7,0.777,0.80575,0.2000590571988071,0.0074211894534528255,0.0029329308308660984,1.049384593963623,1.0158469676971436,,
gaussian_blur,lakeside_beach,0,8,0.888,0.778,0.2000590571988071,0.00719289667904377,0.002939998172223568,1.0489013195037842,0.9899382591247559,,
gaussian_blur,lakeside_beach,0,9,0.999,0.75025,0.2000590571988071,0.007022725883871317,0.0029720838647335768,1.0488847494125366,0.9699146151542664,,
gaussian_blur,lakeside_beach,1,0,0.0,0.8571428571428572,0.21108518838244975,0.013227979652583599,0.06862245500087738,0.9943823218345642,1.001232385635376,,
gaussian_blur,lakeside_beach,1,1,0.111,0.8175000000000001,0.21108518838244975,0.012689127586781979,0.06732580065727234,0.9951128959655762,1.0051027536392212,,
gaussian_blur,lakeside_beach,1,2,0.222,0.7778571428571429,0.21108518838244975,0.012317526154220104,0.06507337093353271,0.9957734942436218,1.0067402124404907,,
gaussian_blur,lakeside_beach,1,3,0.333,0.7382142857142858,0.21108518838244975,0.012009454891085625,0.06661222875118256,0.9952020049095154,1.0015387535095215,,
gaussian_blur,lakeside_beach,1,4,0.444,0.6985714285714286,0.21108518838244975,0.011795909143984318,0.06640005111694336,0.9942220449447632,0.9979171752929688,,
gaussian_blur,lakeside_beach,1,5,0.555,0.6589285714285714,0.21108518838244975,0.011530348099768162,0.06319108605384827,0.9949022531509399,1.005010962486267,,
gaussian_blur,lakeside_beach,1,6,0.666,0.6192857142857142,0.21108518838244975,0.011259624734520912,0.06483648717403412,0.9940967559814453,0.9920858144760132,,
gaussian_blur,lakeside_beach,1,7,0.777,0.5796428571428571,0.21108518838244975,0.010943361558020115,0.06236141920089722,0.9947614669799805,1.0061179399490356,,
gaussian_blur,lakeside_beach,1,8,0.888,0.54,0.21108518838244975,0.010707459412515163,0.06223314255475998,0.9950859546661377,1.0071406364440918,,
gaussian_blur,lakeside_beach,1,9,0.999,0.5003571428571428,0.21108518838244975,0.010580291040241718,0.06028858944773674,0.9941813349723816,0.9874954223632812,,
gaussian_blur,lakeside_beach,2,0,0.0,0.6666666666666667,0.2203612135091675,0.011577649042010307,0.18496450781822205,0.9926905632019043,0.9937723875045776,,
gaussian_blur,lakeside_beach,2,1,0.111,0.6204166666666668,0.2203612135091675,0.011458246037364006,0.18383407592773438,0.9934564232826233,1.0020711421966553,,
gaussian_blur,lakeside_beach,2,2,0.222,0.5741666666666667,0.2203612135091675,0.011648545041680336,0.18052950501441956,0.9929647445678711,1.0010837316513062,,
gaussian_blur,lakeside_beach,2,3,0.333,0.5279166666666668,0.2203612135091675,0.011883500963449478,0.17717069387435913,0.993306040763855,0.9983058571815491,,
gaussian_blur,lakeside_beach,2,4,0.444,0.48166666666666674,0.2203612135091675,0.01197701133787632,0.16778624057769775,0.9927109479904175,0.9982717037200928,,
gaussian_blur,lakeside_beach,2,5,0.555,0.4354166666666667,0.2203612135091675,0.012359649874269962,0.15585684776306152,0.9934009909629822,1.0028070211410522,,
gaussian_blur,lakeside_beach,2,6,0.666,0.38916666666666666,0.2203612135091675,0.012831875123083591,0.1691499948501587,0.9927859902381897,1.0008031129837036,,
gaussian_blur,lakeside_beach,2,7,0.777,0.34291666666666665,0.2203612135091675,0.013585136272013187,0.26132941246032715,0.9932754039764404,1.0048716068267822,,
gaussian_blur,lakeside_beach,2,8,0.888,0.2966666666666667,0.2203612135091675,0.014856654219329357,0.2958802580833435,0.9929804801940918,1.0049186944961548,,
gaussian_blur,lakeside_beach,2,9,0.999,0.2504166666666667,0.2203612135091675,0.016559859737753868,0.2517074942588806,0.993308424949646,0.9971063733100891,,
gaussian_blur,lakeside_beach,3,0,0.0,0.3999999999999999,0.22819071692139276,0.009431982412934303,0.1585046499967575,0.9922192096710205,1.0001496076583862,,
gaussian_blur,lakeside_beach,3,1,0.111,0.3555999999999999,0.22819071692139276,0.01087617315351963,1.2308194637298584,0.994079053401947,1.001513957977295,,
gaussian_blur,lakeside_beach,3,2,0.222,0.3111999999999999,0.22819071692139276,0.013747267425060272,1.0696990489959717,0.9952185153961182,1.0013316869735718,,
gaussian_blur,lakeside_beach,3,3,0.333,0.2668,0.22819071692139276,0.01540498249232769,1.004030466079712,0.9964531660079956,0.9984867572784424,,
gaussian_blur,lakeside_beach,3,4,0.444,0.22239999999999996,0.22819071692139276,0.016522610560059547,1.0483430624008179,0.9978773593902588,0.9965718388557434,,
gaussian_blur,lakeside_beach,3,5,0.555,0.17799999999999994,0.22819071692139276,0.01827741414308548,1.2299320697784424,1.0004141330718994,0.9995768070220947,,
gaussian_blur,lakeside_beach,3,6,0.666,0.13359999999999997,0.22819071692139276,0.021496202796697617,1.4876559972763062,1.0052399635314941,1.0008517503738403,,
gaussian_blur,lakeside_beach,3,7,0.777,0.08919999999999997,0.22819071692139276,0.02786899358034134,1.8133978843688965,1.0170619487762451,0.9999298453330994,,
gaussian_blur,lakeside_beach,3,8,0.888,0.044799999999999986,0.22819071692139276,0.044657252728939056,2.1408252716064453,1.0482145547866821,1.0011248588562012,,
gaussian_blur,lakeside_beach,3,9,0.999,0.0004000000000000003,nan,0.14477470517158508,2.1408252716064453,1.0482145547866821,1.0011248588562012,,
gaussian_blur,sea_anemone,0,0,0.0,1.0,0.2000590571988071,0.009970428422093391,0.006939099635928869,1.0549004077911377,0.9947441816329956,,
gaussian_blur,sea_anemone,0,1,0.111,0.9722500000000001,0.2000590571988071,0.010642001405358315,0.006900831125676632,1.0548181533813477,0.9973888397216797,,
gaussian_blur,sea_anemone,0,2,0.222,0.9445,0.2000590571988071,0.01062399335205555,0.0068482584320008755,1.0547462701797485,0.9829674363136292,,
gaussian_blur,sea_anemone,0,3,0.333,0.9167500000000001,0.2000590571988071,0.009873627685010433,0.006598420441150665,1.0546739101409912,0.9869840145111084,,
gaussian_blur,sea_anemone,0,4,0.444,0.889,0.2000590571988071,0.009073696099221706,0.007100346498191357,1.05471670627594,0.9984487891197205,,
gaussian_blur,sea_anemone,0,5,0.555,0.86125,0.2000590571988071,0.008365506306290627,0.0068801529705524445,1.054905652999878,0.9851222038269043,,
gaussian_blur,sea_anemone,0,6,0.666,0.8335,0.2000590571988071,0.007804953958839178,0.006904286798089743,1.054774522781372,1.0122591257095337,,
gaussian_blur,sea_anemone,0,7,0.777,0.80575,0.2000590571988071,0.0074211894534528255,0.00702622439712286,1.0552207231521606,1.0158469676971436,,
gaussian_blur,sea_anemone,0,8,0.888,0.778,0.2000590571988071,0.00719289667904377,0.006912588141858578,1.0547399520874023,0.9899382591247559,,
gaussian_blur,sea_anemone,0,9,0.999,0.75025,0.2000590571988071,0.007022725883871317,0.00681488960981369,1.054730772972107,0.9699145555496216,,
gaussian_blur,sea_anemone,1,0,0.0,0.8571428571428572,0.21108518838244975,0.013227979652583599,0.06917845457792282,0.9945296049118042,1.001232385635376,,
gaussian_blur,sea_anemone,1,1,0.111,0.8175000000000001,0.21108518838244975,0.012689127586781979,0.0675683543086052,0.9952738285064697,1.0051027536392212,,
gaussian_blur,sea_anemone,1,2,0.222,0.7778571428571429,0.21108518838244975,0.012317526154220104,0.06568038463592529,0.995951235294342,1.0067402124404907,,
gaussian_blur,sea_anemone,1,3,0.333,0.7382142857142858,0.21108518838244975,0.012009454891085625,0.06752220541238785,0.9952855706214905,1.0015387535095215,,
gaussian_blur,sea_anemone,1,4,0.444,0.6985714285714286,0.21108518838244975,0.011795909143984318,0.066899374127388,0.9943448901176453,0.9979171752929688,,
gaussian_blur,sea_anemone,1,5,0.555,0.6589285714285714,0.21108518838244975,0.011530348099768162,0.06411566585302353,0.9949519038200378,1.005010962486267,,
gaussian_blur,sea_anemone,1,6,0.666,0.6192857142857142,0.21108518838244975,0.011259624734520912,0.06511116027832031,0.9942291378974915,0.9920858144760132,,
gaussian_blur,sea_anemone,1,7,0.777,0.5796428571428571,0.21108518838244975,0.010943361558020115,0.06286302208900452,0.9949004054069519,1.0061179399490356,,
gaussian_blur,sea_anemone,1,8,0.888,0.54,0.21108518838244975,0.010707459412515163,0.06310316175222397,0.9951133131980896,1.0071406364440918,,
gaussian_blur,sea_anemone,1,9,0.999,0.5003571428571428,0.21108518838244975,0.010580291040241718,0.0606193020939827,0.9942785501480103,0.9874954223632812,,
gaussian_blur,sea_anemone,2,0,0.0,0.6666666666666667,0.2203612135091675,0.011577649042010307,0.18638011813163757,0.9928654432296753,0.9937723875045776,,
gaussian_blur,sea_anemone,2,1,0.111,0.6204166666666668,0.2203612135091675,0.011458246037364006,0.18513670563697815,0.993575930595398,1.0020711421966553,,
gaussian_blur,sea_anemone,2,2,0.222,0.5741666666666667,0.2203612135091675,0.011648545041680336,0.18160268664360046,0.9930184483528137,1.0010837316513062,,
gaussian_blur,sea_anemone,2,3,0.333,0.5279166666666668,0.2203612135091675,0.011883500963449478,0.17868316173553467,0.9935416579246521,0.9983058571815491,,
gaussian_blur,sea_anemone,2,4,0.444,0.48166666666666674,0.2203612135091675,0.01197701133787632,0.1692609041929245,0.9928516149520874,0.9982717037200928,,
gaussian_blur,sea_anemone,2,5,0.555,0.4354166666666667,0.2203612135091675,0.012359649874269962,0.1606641709804535,0.9934632778167725,1.0028070211410522,,
gaussian_blur,sea_anemone,2,6,0.666,0.38916666666666666,0.2203612135091675,0.012831875123083591,0.15403974056243896,0.9930812120437622,1.0008031129837036,,
gaussian_blur,sea_anemone,2,7,0.777,0.34291666666666665,0.2203612135091675,0.013585136272013187,0.15389081835746765,0.9932852983474731,1.0048716068267822,,
gaussian_blur,sea_anemone,2,8,0.888,0.2966666666666667,0.2203612135091675,0.014856654219329357,0.14575247466564178,0.9928968548774719,1.0049186944961548,,
gaussian_blur,sea_anemone,2,9,0.999,0.2504166666666667,0.2203612135091675,0.016559859737753868,0.12389707565307617,0.9933700561523438,0.9971063733100891,,
gaussian_blur,sea_anemone,3,0,0.0,0.3999999999999999,0.22819071692139276,0.009431982412934303,0.16002176702022552,0.9925521612167358,1.0001496076583862,,
gaussian_blur,sea_anemone,3,1,0.111,0.3555999999999999,0.22819071692139276,0.01087617315351963,0.15458616614341736,0.9926744103431702,1.001513957977295,,
gaussian_blur,sea_anemone,3,2,0.222,0.3111999999999999,0.22819071692139276,0.013747267425060272,0.9409407377243042,0.996443510055542,1.0013316869735718,,
gaussian_blur,sea_anemone,3,3,0.333,0.2668,0.22819071692139276,0.01540498249232769,1.1435465812683105,0.999478280544281,0.9984867572784424,,
gaussian_blur,sea_anemone,3,4,0.444,0.22239999999999996,0.22819071692139276,0.016522610560059547,1.2933988571166992,1.0036895275115967,0.9965718388557434,,
gaussian_blur,sea_anemone,3,5,0.555,0.17799999999999994,0.22819071692139276,0.01827741414308548,1.4456065893173218,1.0095906257629395,0.9995768070220947,,
gaussian_blur,sea_anemone,3,6,0.666,0.13359999999999997,0.22819071692139276,0.021496202796697617,1.593313455581665,1.0222129821777344,1.0008517503738403,,
gaussian_blur,sea_anemone,3,7,0.777,0.08919999999999997,0.22819071692139276,0.02786899358034134,1.7103891372680664,1.054612159729004,0.9999298453330994,,
gaussian_blur,sea_anemone,3,8,0.888,0.044799999999999986,0.22819071692139276,0.044657252728939056,1.7781438827514648,1.1683036088943481,1.0011248588562012,,
gaussian_blur,sea_anemone,3,9,0.999,0.0004000000000000003,nan,0.14477470517158508,1.7781438827514648,1.1683036088943481,1.0011248588562012,,
gaussian_blur,shetland_sheepdog,0,0,0.0,1.0,0.2000590571988071,0.009970428422093391,0.008859642781317234,1.0681614875793457,0.9947441816329956,,
gaussian_blur,shetland_sheepdog,0,1,0.111,0.9722500000000001,0.2000590571988071,0.010642001405358315,0.00887258630245924,1.0680811405181885,0.9973888397216797,,
gaussian_blur,shetland_sheepdog,0,2,0.222,0.9445,0.2000590571988071,0.01062399335205555,0.008805276826024055,1.0680053234100342,0.9829674363136292,,
gaussian_blur,shetland_sheepdog,0,3,0.333,0.9167500000000001,0.2000590571988071,0.009873627685010433,0.00875827670097351,1.067921757698059,0.9869840145111084,,
gaussian_blur,shetland_sheepdog,0,4,0.444,0.889,0.2000590571988071,0.009073696099221706,0.008772405795753002,1.0680032968521118,0.9984487891197205,,
gaussian_blur,shetland_sheepdog,0,5,0.555,0.86125,0.2000590571988071,0.008365506306290627,0.008933175355196,1.068160891532898,0.9851222038269043,,
gaussian_blur,shetland_sheepdog,0,6,0.666,0.8335,0.2000590571988071,0.007804953958839178,0.00881957821547985,1.0680394172668457,1.0122591257095337,,
gaussian_blur,shetland_sheepdog,0,7,0.777,0.80575,0.2000590571988071,0.0074211894534528255,0.008966010063886642,1.068472146987915,1.0158469676971436,,
gaussian_blur,shetland_sheepdog,0,8,0.888,0.778,0.2000590571988071,0.00719289667904377,0.008863388560712337,1.0680047273635864,0.9899382591247559,,
gaussian_blur,shetland_sheepdog,0,9,0.999,0.75025,0.2000590571988071,0.007022725883871317,0.008822347968816757,1.067988395690918,0.9699145555496216,,
gaussian_blur,shetland_sheepdog,1,0,0.0,0.8571428571428572,0.21108518838244975,0.013227979652583599,0.06963830441236496,0.9944174885749817,1.001232385635376,,
gaussian_blur,shetland_sheepdog,1,1,0.111,0.8175000000000001,0.21108518838244975,0.012689127586781979,0.0683380737900734,0.9951889514923096,1.0051026344299316,,
gaussian_blur,shetland_sheepdog,1,2,0.222,0.7778571428571429,0.21108518838244975,0.012317526154220104,0.06610894203186035,0.9958375096321106,1.0067402124404907,,
gaussian_blur,shetland_sheepdog,1,3,0.333,0.7382142857142858,0.21108518838244975,0.012009454891085625,0.06782836467027664,0.9952396750450134,1.0015387535095215,,
gaussian_blur,shetland_sheepdog,1,4,0.444,0.6985714285714286,0.21108518838244975,0.011795909143984318,0.06770318001508713,0.994220495223999,0.9979171752929688,,
gaussian_blur,shetland_sheepdog,1,5,0.555,0.6589285714285714,0.21108518838244975,0.011530348099768162,0.06450989842414856,0.9948971271514893,1.005010962486267,,
gaussian_blur,shetland_sheepdog,1,6,0.666,0.6192857142857142,0.21108518838244975,0.011259624734520912,0.06585627049207687,0.9941107034683228,0.9920858144760132,,
gaussian_blur,shetland_sheepdog,1,7,0.777,0.5796428571428571,0.21108518838244975,0.010943361558020115,0.06345441937446594,0.9948402643203735,1.0061179399490356,,
gaussian_blur,shetland_sheepdog,1,8,0.888,0.54,0.21108518838244975,0.010707459412515163,0.06327547878026962,0.9951499700546265,1.0071406364440918,,
gaussian_blur,shetland_sheepdog,1,9,0.999,0.5003571428571428,0.21108518838244975,0.010580291040241718,0.06116881221532822,0.994165301322937,0.9874954223632812,,
gaussian_blur,shetland_sheepdog,2,0,0.0,0.6666666666666667,0.2203612135091675,0.011577649042010307,0.18576771020889282,0.9930050373077393,0.9937723875045776,,
gaussian_blur,shetland_sheepdog,2,1,0.111,0.6204166666666668,0.2203612135091675,0.011458246037364006,0.18437206745147705,0.9936143159866333,1.0020711421966553,,
gaussian_blur,shetland_sheepdog,2,2,0.222,0.5741666666666667,0.2203612135091675,0.011648545041680336,0.18046842515468597,0.9930741786956787,1.0010837316513062,,
gaussian_blur,shetland_sheepdog,2,3,0.333,0.5279166666666668,0.2203612135091675,0.011883500963449478,0.17749905586242676,0.9935755729675293,0.9983058571815491,,
gaussian_blur,shetland_sheepdog,2,4,0.444,0.48166666666666674,0.2203612135091675,0.01197701133787632,0.16835451126098633,0.9930030107498169,0.9982717037200928,,
gaussian_blur,shetland_sheepdog,2,5,0.555,0.4354166666666667,0.2203612135091675,0.012359649874269962,0.15610037744045258,0.9936733841896057,1.0028070211410522,,
gaussian_blur,shetland_sheepdog,2,6,0.666,0.38916666666666666,0.2203612135091675,0.012831875123083591,0.1573951542377472,0.9931321740150452,1.0008031129837036,,
gaussian_blur,shetland_sheepdog,2,7,0.777,0.34291666666666665,0.2203612135091675,0.013585136272013187,0.21197353303432465,0.9935056567192078,1.0048716068267822,,
gaussian_blur,shetland_sheepdog,2,8,0.888,0.2966666666666667,0.2203612135091675,0.014856654219329357,0.23575803637504578,0.9931014776229858,1.0049186944961548,,
gaussian_blur,shetland_sheepdog,2,9,0.999,0.2504166666666667,0.2203612135091675,0.016559859737753868,0.21930144727230072,0.9936229586601257,0.9971063137054443,,
gaussian_blur,shetland_sheepdog,3,0,0.0,0.3999999999999999,0.22819071692139276,0.009431982412934303,0.15698173642158508,0.9930707216262817,1.0001496076583862,,
gaussian_blur,shetland_sheepdog,3,1,0.111,0.3555999999999999,0.22819071692139276,0.01087617315351963,0.595489501953125,0.9933649897575378,1.001513957977295,,
gaussian_blur,shetland_sheepdog,3,2,0.222,0.3111999999999999,0.22819071692139276,0.013747267425060272,1.6231036186218262,0.9981127977371216,1.0013316869735718,,
gaussian_blur,shetland_sheepdog,3,3,0.333,0.2668,0.22819071692139276,0.01540498249232769,1.6766170263290405,1.0008857250213623,0.9984867572784424,,
gaussian_blur,shetland_sheepdog,3,4,0.444,0.22239999999999996,0.22819071692139276,0.016522610560059547,1.8842189311981201,1.0041723251342773,0.9965718388557434,,
gaussian_blur,shetland_sheepdog,3,5,0.555,0.17799999999999994,0.22819071692139276,0.01827741414308548,2.147256374359131,1.0082331895828247,0.9995768070220947,,
gaussian_blur,shetland_sheepdog,3,6,0.666,0.13359999999999997,0.22819071692139276,0.021496202796697617,2.3989293575286865,1.01983642578125,1.0008517503738403,,
gaussian_blur,shetland_sheepdog,3,7,0.777,0.08919999999999997,0.22819071692139276,0.02786899358034134,2.5491673946380615,1.0479069948196411,0.9999298453330994,,
gaussian_blur,shetland_sheepdog,3,8,0.888,0.044799999999999986,0.22819071692139276,0.044657252728939056,2.6421875953674316,1.150124430656433,1.0011248588562012,,
gaussian_blur,shetland_sheepdog,3,9,0.999,0.0004000000000000003,nan,0.14477470517158508,2.6421875953674316,1.150124430656433,1.0011248588562012,,
motion_blur,breastplate_armor,0,0,0.0,1.0,0.2000590571988071,0.009970428422093391,0.03049340844154358,1.1244183778762817,0.9947441816329956,,
motion_blur,breastplate_armor,0,1,0.111,0.9722500000000001,0.2000590571988071,0.010642001405358315,0.029347306117415428,1.1240665912628174,0.9973888397216797,,
motion_blur,breastplate_armor,0,2,0.222,0.9445,0.2000590571988071,0.01062399335205555,0.02968859300017357,1.1242636442184448,0.9829674363136292,,
motion_blur,breastplate_armor,0,3,0.333,0.9167500000000001,0.2000590571988071,0.009873627685010433,0.0316876545548439,1.1241916418075562,0.9869840145111084,,
motion_blur,breastplate_armor,0,4,0.444,0.889,0.2000590571988071,0.009073696099221706,0.030780574306845665,1.1242811679840088,0.9984487891197205,,
motion_blur,breastplate_armor,0,5,0.555,0.86125,0.2000590571988071,0.008365506306290627,0.030430158600211143,1.1242504119873047,0.9851222038269043,,
motion_blur,breastplate_armor,0,6,0.666,0.8335,0.2000590571988071,0.007804953958839178,0.031821347773075104,1.1243858337402344,1.0122591257095337,,
motion_blur,breastplate_armor,0,7,0.777,0.80575,0.2000590571988071,0.0074211894534528255,0.03051256202161312,1.1245954036712646,1.0158469676971436,,
motion_blur,breastplate_armor,0,8,0.888,0.778,0.2000590571988071,0.00719289667904377,0.031298838555812836,1.1243480443954468,0.9899382591247559,,
motion_blur,breastplate_armor,0,9,0.999,0.75025,0.2000590571988071,0.007022725883871317,0.03058154508471489,1.1242518424987793,0.9699146151542664,,
motion_blur,breastplate_armor,1,0,0.0,0.8571428571428572,0.21108518838244975,0.013227979652583599,0.08989495038986206,1.0237079858779907,1.001232385635376,,
motion_blur,breastplate_armor,1,1,0.111,0.8175000000000001,0.21108518838244975,0.012689127586781979,0.0926176905632019,1.0241899490356445,1.0051027536392212,,
motion_blur,breastplate_armor,1,2,0.222,0.7778571428571429,0.21108518838244975,0.012317526154220104,0.09058427810668945,1.024059534072876,1.0067402124404907,,
motion_blur,breastplate_armor,1,3,0.333,0.7382142857142858,0.21108518838244975,0.012009454891085625,0.09083794057369232,1.0242775678634644,1.0015387535095215,,
motion_blur,breastplate_armor,1,4,0.444,0.6985714285714286,0.21108518838244975,0.011795909143984318,0.09115034341812134,1.0235950946807861,0.9979171752929688,,
motion_blur,breastplate_armor,1,5,0.555,0.6589285714285714,0.21108518838244975,0.011530348099768162,0.08805440366268158,1.0234447717666626,1.005010962486267,,
motion_blur,breastplate_armor,1,6,0.666,0.6192857142857142,0.21108518838244975,0.011259624734520912,0.08770400285720825,1.0232982635498047,0.9920858144760132,,
motion_blur,breastplate_armor,1,7,0.777,0.5796428571428571,0.21108518838244975,0.010943361558020115,0.0857091173529625,1.0236225128173828,1.0061179399490356,,
motion_blur,breastplate_armor,1,8,0.888,0.54,0.21108518838244975,0.010707459412515163,0.0851452499628067,1.0237401723861694,1.0071406364440918,,
motion_blur,breastplate_armor,1,9,0.999,0.5003571428571428,0.21108518838244975,0.010580291040241718,0.08066541701555252,1.0234795808792114,0.9874954223632812,,
motion_blur,breastplate_armor,2,0,0.0,0.6666666666666667,0.2203612135091675,0.011577649042010307,0.17536258697509766,0.9958669543266296,0.9937723875045776,,
motion_blur,breastplate_armor,2,1,0.111,0.6204166666666668,0.2203612135091675,0.011458246037364006,0.17596662044525146,0.9969867467880249,1.0020711421966553,,
motion_blur,breastplate_armor,2,2,0.222,0.5741666666666667,0.2203612135091675,0.011648545041680336,0.1714940071105957,0.9961570501327515,1.0010837316513062,,
motion_blur,breastplate_armor,2,3,0.333,0.5279166666666668,0.2203612135091675,0.011883500963449478,0.1684650033712387,0.9969919919967651,0.9983058571815491,,
motion_blur,breastplate_armor,2,4,0.444,0.48166666666666674,0.2203612135091675,0.01197701133787632,0.16113966703414917,0.9963677525520325,0.9982717037200928,,
motion_blur,breastplate_armor,2,5,0.555,0.4354166666666667,0.2203612135091675,0.012359649874269962,0.1519893854856491,0.9967760443687439,1.0028070211410522,,
motion_blur,breastplate_armor,2,6,0.666,0.38916666666666666,0.2203612135091675,0.012831875123083591,0.14450621604919434,0.9967904090881348,1.0008031129837036,,
motion_blur,breastplate_armor,2,7,0.777,0.34291666666666665,0.2203612135091675,0.013585136272013187,0.1494302749633789,0.9958510994911194,1.0048716068267822,,
motion_blur,breastplate_armor,2,8,0.888,0.2966666666666667,0.2203612135091675,0.014856654219329357,0.16186392307281494,0.9955033659934998,1.0049186944961548,,
motion_blur,breastplate_armor,2,9,0.999,0.2504166666666667,0.2203612135091675,0.016559859737753868,0.16384725272655487,0.9959797263145447,0.9971063733100891,,
motion_blur,breastplate_armor,3,0,0.0,0.3999999999999999,0.22819071692139276,0.009431982412934303,0.1600516140460968,0.9772525429725647,1.0001496076583862,,
motion_blur,breastplate_armor,3,1,0.111,0.3555999999999999,0.22819071692139276,0.01087617315351963,0.5846719741821289,1.0542439222335815,1.001513957977295,,
motion_blur,breastplate_armor,3,2,0.222,0.3111999999999999,0.22819071692139276,0.013747267425060272,0.9908005595207214,1.105176329612732,1.0013316869735718,,
motion_blur,breastplate_armor,3,3,0.333,0.2668,0.22819071692139276,0.01540498249232769,1.2773891687393188,1.1454529762268066,0.9984867572784424,,
motion_blur,breastplate_armor,3,4,0.444,0.22239999999999996,0.22819071692139276,0.016522610560059547,1.54353666305542,1.1939187049865723,0.9965718388557434,,
motion_blur,breastplate_armor,3,5,0.555,0.17799999999999994,0.22819071692139276,0.01827741414308548,1.7736475467681885,1.247551679611206,0.9995768070220947,,
motion_blur,breastplate_armor,3,6,0.666,0.13359999999999997,0.22819071692139276,0.021496202796697617,1.9610990285873413,1.306553840637207,1.0008517503738403,,
motion_blur,breastplate_armor,3,7,0.777,0.08919999999999997,0.22819071692139276,0.02786899358034134,2.1039931774139404,1.3772120475769043,0.9999298453330994,,
motion_blur,breastplate_armor,3,8,0.888,0.044799999999999986,0.22819071692139276,0.044657252728939056,2.234882354736328,1.5106021165847778,1.0011248588562012,,
motion_blur,breastplate_armor,3,9,0.999,0.0004000000000000003,nan,0.14477470517158508,2.234882354736328,1.5106021165847778,1.0011248588562012,,
motion_blur,crane_structure,0,0,0.0,1.0,0.2000590571988071,0.009970428422093391,0.06153310462832451,1.1818616390228271,0.9947441816329956,,
motion_blur,crane_structure,0,1,0.111,0.9722500000000001,0.2000590571988071,0.010642001405358315,0.06145669147372246,1.1814775466918945,0.9973888397216797,,
motion_blur,crane_structure,0,2,0.222,0.9445,0.2000590571988071,0.01062399335205555,0.06035216152667999,1.1816951036453247,0.9829674363136292,,
motion_blur,crane_structure,0,3,0.333,0.9167500000000001,0.2000590571988071,0.009873627685010433,0.06354459375143051,1.1815625429153442,0.9869840145111084,,
motion_blur,crane_structure,0,4,0.444,0.889,0.2000590571988071,0.009073696099221706,0.0624542161822319,1.1816998720169067,0.9984487891197205,,
motion_blur,crane_structure,0,5,0.555,0.86125,0.2000590571988071,0.008365506306290627,0.060063257813453674,1.181730031967163,0.9851222038269043,,
motion_blur,crane_structure,0,6,0.666,0.8335,0.2000590571988071,0.007804953958839178,0.0626743733882904,1.1818150281906128,1.0122591257095337,,
motion_blur,crane_structure,0,7,0.777,0.80575,0.2000590571988071,0.0074211894534528255,0.06230846047401428,1.1819896697998047,1.0158469676971436,,
motion_blur,crane_structure,0,8,0.888,0.778,0.2000590571988071,0.00719289667904377,0.06215032562613487,1.1817938089370728,0.9899382591247559,,
motion_blur,crane_structure,0,9,0.999,0.75025,0.2000590571988071,0.007022725883871317,0.06192026659846306,1.18166983127594,0.9699145555496216,,
motion_blur,crane_structure,1,0,0.0,0.8571428571428572,0.21108518838244975,0.013227979652583599,0.10699095577001572,1.0536381006240845,1.001232385635376,,
motion_blur,crane_structure,1,1,0.111,0.8175000000000001,0.21108518838244975,0.012689127586781979,0.1103464812040329,1.0540351867675781,1.0051026344299316,,
motion_blur,crane_structure,1,2,0.222,0.7778571428571429,0.21108518838244975,0.012317526154220104,0.10810314863920212,1.0539720058441162,1.0067402124404907,,
motion_blur,crane_structure,1,3,0.333,0.7382142857142858,0.21108518838244975,0.012009454891085625,0.10824742913246155,1.0543478727340698,1.0015387535095215,,
motion_blur,crane_structure,1,4,0.444,0.6985714285714286,0.21108518838244975,0.011795909143984318,0.1089821457862854,1.05328369140625,0.9979171752929688,,
motion_blur,crane_structure,1,5,0.555,0.6589285714285714,0.21108518838244975,0.011530348099768162,0.10506550967693329,1.053449273109436,1.005010962486267,,
motion_blur,crane_structure,1,6,0.666,0.6192857142857142,0.21108518838244975,0.011259624734520912,0.10534220188856125,1.0531237125396729,0.9920858144760132,,
motion_blur,crane_structure,1,7,0.777,0.5796428571428571,0.21108518838244975,0.010943361558020115,0.10350579023361206,1.053659439086914,1.0061179399490356,,
motion_blur,crane_structure,1,8,0.888,0.54,0.21108518838244975,0.010707459412515163,0.10421375930309296,1.0533932447433472,1.0071406364440918,,
motion_blur,crane_structure,1,9,0.999,0.5003571428571428,0.21108518838244975,0.010580291040241718,0.10208258032798767,1.053018569946289,0.9874954223632812,,
motion_blur,crane_structure,2,0,0.0,0.6666666666666667,0.2203612135091675,0.011577649042010307,0.1873573511838913,1.0038480758666992,0.9937723875045776,,
motion_blur,crane_structure,2,1,0.111,0.6204166666666668,0.2203612135091675,0.011458246037364006,0.18709413707256317,1.0035645961761475,1.0020711421966553,,
motion_blur,crane_structure,2,2,0.222,0.5741666666666667,0.2203612135091675,0.011648545041680336,0.18175087869167328,1.00260329246521,1.0010837316513062,,
motion_blur,crane_structure,2,3,0.333,0.5279166666666668,0.2203612135091675,0.011883500963449478,0.17806798219680786,1.0024375915527344,0.9983058571815491,,
motion_blur,crane_structure,2,4,0.444,0.48166666666666674,0.2203612135091675,0.01197701133787632,0.17016999423503876,1.001175880432129,0.9982717037200928,,
motion_blur,crane_structure,2,5,0.555,0.4354166666666667,0.2203612135091675,0.012359649874269962,0.163718581199646,1.0006210803985596,1.0028070211410522,,
motion_blur,crane_structure,2,6,0.666,0.38916666666666666,0.2203612135091675,0.012831875123083591,0.15827123820781708,1.0000394582748413,1.0008031129837036,,
motion_blur,crane_structure,2,7,0.777,0.34291666666666665,0.2203612135091675,0.013585136272013187,0.16523762047290802,0.9991319179534912,1.0048716068267822,,
motion_blur,crane_structure,2,8,0.888,0.2966666666666667,0.2203612135091675,0.014856654219329357,0.1655975729227066,0.9983030557632446,1.0049186944961548,,
motion_blur,crane_structure,2,9,0.999,0.2504166666666667,0.2203612135091675,0.016559859737753868,0.15213869512081146,0.9986305236816406,0.9971063733100891,,
motion_blur,crane_structure,3,0,0.0,0.3999999999999999,0.22819071692139276,0.009431982412934303,0.1674433797597885,0.9780507683753967,1.0001496076583862,,
motion_blur,crane_structure,3,1,0.111,0.3555999999999999,0.22819071692139276,0.01087617315351963,1.2590394020080566,1.048812747001648,1.001513957977295,,
motion_blur,crane_structure,3,2,0.222,0.3111999999999999,0.22819071692139276,0.013747267425060272,1.3090178966522217,1.059248447418213,1.0013316869735718,,
motion_blur,crane_structure,3,3,0.333,0.2668,0.22819071692139276,0.01540498249232769,1.3204396963119507,1.0676606893539429,0.9984867572784424,,
motion_blur,crane_structure,3,4,0.444,0.22239999999999996,0.22819071692139276,0.016522610560059547,1.4620437622070312,1.0829018354415894,0.9965718388557434,,
motion_blur,crane_structure,3,5,0.555,0.17799999999999994,0.22819071692139276,0.01827741414308548,1.6972730159759521,1.1085985898971558,0.9995768070220947,,
motion_blur,crane_structure,3,6,0.666,0.13359999999999997,0.22819071692139276,0.021496202796697617,1.9779560565948486,1.1430727243423462,1.0008517503738403,,
motion_blur,crane_structure,3,7,0.777,0.08919999999999997,0.22819071692139276,0.02786899358034134,2.248441457748413,1.1911985874176025,0.9999298453330994,,
motion_blur,crane_structure,3,8,0.888,0.044799999999999986,0.22819071692139276,0.044657252728939056,2.4646859169006348,1.2833530902862549,1.0011248588562012,,
motion_blur,crane_structure,3,9,0.999,0.0004000000000000003,nan,0.14477470517158508,2.4646859169006348,1.2833530902862549,1.0011248588562012,,
motion_blur,ibex_horns,0,0,0.0,1.0,0.2000590571988071,0.009970428422093391,0.08859147131443024,1.217587947845459,0.9947441816329956,,
motion_blur,ibex_horns,0,1,0.111,0.9722500000000001,0.2000590571988071,0.010642001405358315,0.08532468974590302,1.2173794507980347,0.9973888397216797,,
motion_blur,ibex_horns,0,2,0.222,0.9445,0.2000590571988071,0.01062399335205555,0.08903229236602783,1.2174091339111328,0.9829674363136292,,
motion_blur,ibex_horns,0,3,0.333,0.9167500000000001,0.2000590571988071,0.009873627685010433,0.08491194248199463,1.2175394296646118,0.9869840145111084,,
motion_blur,ibex_horns,0,4,0.444,0.889,0.2000590571988071,0.009073696099221706,0.08615496754646301,1.2175712585449219,0.9984487891197205,,
motion_blur,ibex_horns,0,5,0.555,0.86125,0.2000590571988071,0.008365506306290627,0.08590381592512131,1.2175687551498413,0.9851222038269043,,
motion_blur,ibex_horns,0,6,0.666,0.8335,0.2000590571988071,0.007804953958839178,0.0862252339720726,1.2176560163497925,1.0122591257095337,,
motion_blur,ibex_horns,0,7,0.777,0.80575,0.2000590571988071,0.0074211894534528255,0.0837918147444725,1.2178846597671509,1.0158469676971436,,
motion_blur,ibex_horns,0,8,0.888,0.778,0.2000590571988071,0.00719289667904377,0.08528971672058105,1.2177011966705322,0.9899382591247559,,
motion_blur,ibex_horns,0,9,0.999,0.75025,0.2000590571988071,0.007022725883871317,0.08681493997573853,1.2174768447875977,0.9699145555496216,,
motion_blur,ibex_horns,1,0,0.0,0.8571428571428572,0.21108518838244975,0.013227979652583599,0.10377514362335205,1.039655327796936,1.001232385635376,,
motion_blur,ibex_horns,1,1,0.111,0.8175000000000001,0.21108518838244975,0.012689127586781979,0.10643933713436127,1.0400259494781494,1.0051027536392212,,
motion_blur,ibex_horns,1,2,0.222,0.7778571428571429,0.21108518838244975,0.012317526154220104,0.10334118455648422,1.039800763130188,1.0067402124404907,,
motion_blur,ibex_horns,1,3,0.333,0.7382142857142858,0.21108518838244975,0.012009454891085625,0.1055639237165451,1.0399264097213745,1.0015387535095215,,
motion_blur,ibex_horns,1,4,0.444,0.6985714285714286,0.21108518838244975,0.011795909143984318,0.10695014894008636,1.0394480228424072,0.9979171752929688,,
motion_blur,ibex_horns,1,5,0.555,0.6589285714285714,0.21108518838244975,0.011530348099768162,0.10070240497589111,1.0393190383911133,1.005010962486267,,
motion_blur,ibex_horns,1,6,0.666,0.6192857142857142,0.21108518838244975,0.011259624734520912,0.10306011140346527,1.0389500856399536,0.9920858144760132,,
motion_blur,ibex_horns,1,7,0.777,0.5796428571428571,0.21108518838244975,0.010943361558020115,0.09950576722621918,1.0391494035720825,1.0061179399490356,,
motion_blur,ibex_horns,1,8,0.888,0.54,0.21108518838244975,0.010707459412515163,0.09789528697729111,1.0394096374511719,1.0071406364440918,,
motion_blur,ibex_horns,1,9,0.999,0.5003571428571428,0.21108518838244975,0.010580291040241718,0.09518201649188995,1.0390762090682983,0.9874954223632812,,
motion_blur,ibex_horns,2,0,0.0,0.6666666666666667,0.2203612135091675,0.011577649042010307,0.18466709554195404,0.9993253350257874,0.9937723875045776,,
motion_blur,ibex_horns,2,1,0.111,0.6204166666666668,0.2203612135091675,0.011458246037364006,0.18541106581687927,0.9996687769889832,1.0020711421966553,,
motion_blur,ibex_horns,2,2,0.222,0.5741666666666667,0.2203612135091675,0.011648545041680336,0.17849169671535492,0.9987497925758362,1.0010837316513062,,
motion_blur,ibex_horns,2,3,0.333,0.5279166666666668,0.2203612135091675,0.011883500963449478,0.17637716233730316,0.9994722008705139,0.9983058571815491,,
motion_blur,ibex_horns,2,4,0.444,0.48166666666666674,0.2203612135091675,0.01197701133787632,0.16966986656188965,0.9991114735603333,0.9982717037200928,,
motion_blur,ibex_horns,2,5,0.555,0.4354166666666667,0.2203612135091675,0.012359649874269962,0.1617254614830017,0.9986693263053894,1.0028070211410522,,
motion_blur,ibex_horns,2,6,0.666,0.38916666666666666,0.2203612135091675,0.012831875123083591,0.16341908276081085,0.9982749223709106,1.0008031129837036,,
motion_blur,ibex_horns,2,7,0.777,0.34291666666666665,0.2203612135091675,0.013585136272013187,0.1860310137271881,0.9977490901947021,1.0048716068267822,,
motion_blur,ibex_horns,2,8,0.888,0.2966666666666667,0.2203612135091675,0.014856654219329357,0.22342723608016968,0.9972701072692871,1.0049186944961548,,
motion_blur,ibex_horns,2,9,0.999,0.2504166666666667,0.2203612135091675,0.016559859737753868,0.2281959056854248,0.9978249669075012,0.9971063137054443,,
motion_blur,ibex_horns,3,0,0.0,0.3999999999999999,0.22819071692139276,0.009431982412934303,0.17441701889038086,0.9801134467124939,1.0001496076583862,,
motion_blur,ibex_horns,3,1,0.111,0.3555999999999999,0.22819071692139276,0.01087617315351963,0.9812061190605164,1.008681297302246,1.001513957977295,,
motion_blur,ibex_horns,3,2,0.222,0.3111999999999999,0.22819071692139276,0.013747267425060272,1.3343114852905273,1.0291671752929688,1.0013316869735718,,
motion_blur,ibex_horns,3,3,0.333,0.2668,0.22819071692139276,0.01540498249232769,1.364952564239502,1.039921522140503,0.9984867572784424,,
motion_blur,ibex_horns,3,4,0.444,0.22239999999999996,0.22819071692139276,0.016522610560059547,1.6153230667114258,1.0563132762908936,0.9965718388557434,,
motion_blur,ibex_horns,3,5,0.555,0.17799999999999994,0.22819071692139276,0.01827741414308548,2.0269620418548584,1.0840595960617065,0.9995768070220947,,
motion_blur,ibex_horns,3,6,0.666,0.13359999999999997,0.22819071692139276,0.021496202796697617,2.4381043910980225,1.1241211891174316,1.0008517503738403,,
motion_blur,ibex_horns,3,7,0.777,0.08919999999999997,0.22819071692139276,0.02786899358034134,2.7219791412353516,1.1825934648513794,0.9999298453330994,,
motion_blur,ibex_horns,3,8,0.888,0.044799999999999986,0.22819071692139276,0.044657252728939056,2.8870410919189453,1.2959781885147095,1.0011248588562012,,
motion_blur,ibex_horns,3,9,0.999,0.0004000000000000003,nan,0.14477470517158508,2.8870410919189453,1.2959781885147095,1.0011248588562012,,
motion_blur,junco,0,0,0.0,1.0,0.2000590571988071,0.009970428422093391,0.04415551945567131,1.1100664138793945,0.9947441816329956,,
motion_blur,junco,0,1,0.111,0.9722500000000001,0.2000590571988071,0.010642001405358315,0.04247911274433136,1.1097203493118286,0.9973888397216797,,
motion_blur,junco,0,2,0.222,0.9445,0.2000590571988071,0.01062399335205555,0.04279434680938721,1.1099209785461426,0.9829674363136292,,
motion_blur,junco,0,3,0.333,0.9167500000000001,0.2000590571988071,0.009873627685010433,0.04272516071796417,1.1099371910095215,0.9869840145111084,,
motion_blur,junco,0,4,0.444,0.889,0.2000590571988071,0.009073696099221706,0.043620385229587555,1.10993230342865,0.9984487891197205,,
motion_blur,junco,0,5,0.555,0.86125,0.2000590571988071,0.008365506306290627,0.04179900884628296,1.1099591255187988,0.9851222038269043,,
motion_blur,junco,0,6,0.666,0.8335,0.2000590571988071,0.007804953958839178,0.044888775795698166,1.1100387573242188,1.0122591257095337,,
motion_blur,junco,0,7,0.777,0.80575,0.2000590571988071,0.0074211894534528255,0.04237055778503418,1.1103005409240723,1.0158469676971436,,
motion_blur,junco,0,8,0.888,0.778,0.2000590571988071,0.00719289667904377,0.044217150658369064,1.1100202798843384,0.9899382591247559,,
motion_blur,junco,0,9,0.999,0.75025,0.2000590571988071,0.007022725883871317,0.04221020266413689,1.1099566221237183,0.9699146151542664,,
motion_blur,junco,1,0,0.0,0.8571428571428572,0.21108518838244975,0.013227979652583599,0.08896613121032715,1.0140119791030884,1.001232385635376,,
motion_blur,junco,1,1,0.111,0.8175000000000001,0.21108518838244975,0.012689127586781979,0.09136457741260529,1.0145819187164307,1.0051027536392212,,
motion_blur,junco,1,2,0.222,0.7778571428571429,0.21108518838244975,0.012317526154220104,0.08963532745838165,1.0144753456115723,1.0067402124404907,,
motion_blur,junco,1,3,0.333,0.7382142857142858,0.21108518838244975,0.012009454891085625,0.09112956374883652,1.0146156549453735,1.0015387535095215,,
motion_blur,junco,1,4,0.444,0.6985714285714286,0.21108518838244975,0.011795909143984318,0.09082125872373581,1.0139714479446411,0.9979171752929688,,
motion_blur,junco,1,5,0.555,0.6589285714285714,0.21108518838244975,0.011530348099768162,0.0872897133231163,1.0137155055999756,1.005010962486267,,
motion_blur,junco,1,6,0.666,0.6192857142857142,0.21108518838244975,0.011259624734520912,0.08790969848632812,1.013432264328003,0.9920858144760132,,
motion_blur,junco,1,7,0.777,0.5796428571428571,0.21108518838244975,0.010943361558020115,0.08524896949529648,1.0138598680496216,1.0061179399490356,,
motion_blur,junco,1,8,0.888,0.54,0.21108518838244975,0.010707459412515163,0.08461197465658188,1.014087438583374,1.0071406364440918,,
motion_blur,junco,1,9,0.999,0.5003571428571428,0.21108518838244975,0.010580291040241718,0.08026628941297531,1.0138115882873535,0.9874954223632812,,
motion_blur,junco,2,0,0.0,0.6666666666666667,0.2203612135091675,0.011577649042010307,0.17358383536338806,0.9929808974266052,0.9937723875045776,,
motion_blur,junco,2,1,0.111,0.6204166666666668,0.2203612135091675,0.011458246037364006,0.17453345656394958,0.9938812255859375,1.0020711421966553,,
motion_blur,junco,2,2,0.222,0.5741666666666667,0.2203612135091675,0.011648545041680336,0.16944989562034607,0.9932860136032104,1.0010837316513062,,
motion_blur,junco,2,3,0.333,0.5279166666666668,0.2203612135091675,0.011883500963449478,0.16597911715507507,0.993764340877533,0.9983058571815491,,
motion_blur,junco,2,4,0.444,0.48166666666666674,0.2203612135091675,0.01197701133787632,0.15936137735843658,0.9933797717094421,0.9982717037200928,,
motion_blur,junco,2,5,0.555,0.4354166666666667,0.2203612135091675,0.012359649874269962,0.15172667801380157,0.9934093356132507,1.0028070211410522,,
motion_blur,junco,2,6,0.666,0.38916666666666666,0.2203612135091675,0.012831875123083591,0.1485985517501831,0.9934349060058594,1.0008031129837036,,
motion_blur,junco,2,7,0.777,0.34291666666666665,0.2203612135091675,0.013585136272013187,0.20051231980323792,0.9931498169898987,1.0048716068267822,,
motion_blur,junco,2,8,0.888,0.2966666666666667,0.2203612135091675,0.014856654219329357,0.2651591897010803,0.9926538467407227,1.0049186944961548,,
motion_blur,junco,2,9,0.999,0.2504166666666667,0.2203612135091675,0.016559859737753868,0.2856954336166382,0.9933663606643677,0.9971063733100891,,
motion_blur,junco,3,0,0.0,0.3999999999999999,0.22819071692139276,0.009431982412934303,0.15509961545467377,0.9752541184425354,1.0001496076583862,,
motion_blur,junco,3,1,0.111,0.3555999999999999,0.22819071692139276,0.01087617315351963,1.0196706056594849,1.0051629543304443,1.001513957977295,,
motion_blur,junco,3,2,0.222,0.3111999999999999,0.22819071692139276,0.013747267425060272,1.005474328994751,1.0096700191497803,1.0013316869735718,,
motion_blur,junco,3,3,0.333,0.2668,0.22819071692139276,0.01540498249232769,1.014707088470459,1.0155009031295776,0.9984867572784424,,
motion_blur,junco,3,4,0.444,0.22239999999999996,0.22819071692139276,0.016522610560059547,1.1388561725616455,1.0273516178131104,0.9965718388557434,,
motion_blur,junco,3,5,0.555,0.17799999999999994,0.22819071692139276,0.01827741414308548,1.4135422706604004,1.0497462749481201,0.9995768070220947,,
motion_blur,junco,3,6,0.666,0.13359999999999997,0.22819071692139276,0.021496202796697617,1.7474277019500732,1.0799148082733154,1.0008517503738403,,
motion_blur,junco,3,7,0.777,0.08919999999999997,0.22819071692139276,0.02786899358034134,2.0821146965026855,1.1197797060012817,0.9999298453330994,,
motion_blur,junco,3,8,0.888,0.044799999999999986,0.22819071692139276,0.044657252728939056,2.3671789169311523,1.1868515014648438,1.0011248588562012,,
motion_blur,junco,3,9,0.999,0.0004000000000000003,nan,0.14477470517158508,2.3671789169311523,1.1868515014648438,1.0011248588562012,,
motion_blur,lakeside_beach,0,0,0.0,1.0,0.2000590571988071,0.009970428422093391,0.022277384996414185,1.0178303718566895,0.9947441816329956,,
motion_blur,lakeside_beach,0,1,0.111,0.9722500000000001,0.2000590571988071,0.010642001405358315,0.02063654735684395,1.0174320936203003,0.9973888397216797,,
motion_blur,lakeside_beach,0,2,0.222,0.9445,0.2000590571988071,0.01062399335205555,0.021643584594130516,1.0176188945770264,0.9829674363136292,,
motion_blur,lakeside_beach,0,3,0.333,0.9167500000000001,0.2000590571988071,0.009873627685010433,0.022288484498858452,1.0176061391830444,0.9869840145111084,,
motion_blur,lakeside_beach,0,4,0.444,0.889,0.2000590571988071,0.009073696099221706,0.022125106304883957,1.0176578760147095,0.9984487891197205,,
motion_blur,lakeside_beach,0,5,0.555,0.86125,0.2000590571988071,0.008365506306290627,0.02104959450662136,1.017674446105957,0.9851222038269043,,
motion_blur,lakeside_beach,0,6,0.666,0.8335,0.2000590571988071,0.007804953958839178,0.022557828575372696,1.0178080797195435,1.0122591257095337,,
motion_blur,lakeside_beach,0,7,0.777,0.80575,0.2000590571988071,0.0074211894534528255,0.02167910896241665,1.0180258750915527,1.0158469676971436,,
motion_blur,lakeside_beach,0,8,0.888,0.778,0.2000590571988071,0.00719289667904377,0.022280646488070488,1.017790675163269,0.9899382591247559,,
motion_blur,lakeside_beach,0,9,0.999,0.75025,0.2000590571988071,0.007022725883871317,0.021205034106969833,1.01767098903656,0.9699145555496216,,
motion_blur,lakeside_beach,1,0,0.0,0.8571428571428572,0.21108518838244975,0.013227979652583599,0.0845835953950882,1.0047096014022827,1.001232385635376,,
motion_blur,lakeside_beach,1,1,0.111,0.8175000000000001,0.21108518838244975,0.012689127586781979,0.08735500276088715,1.0052984952926636,1.0051027536392212,,
motion_blur,lakeside_beach,1,2,0.222,0.7778571428571429,0.21108518838244975,0.012317526154220104,0.08527587354183197,1.0050379037857056,1.0067402124404907,,
motion_blur,lakeside_beach,1,3,0.333,0.7382142857142858,0.21108518838244975,0.012009454891085625,0.08615263551473618,1.0051699876785278,1.0015387535095215,,
motion_blur,lakeside_beach,1,4,0.444,0.6985714285714286,0.21108518838244975,0.011795909143984318,0.08668743073940277,1.0045093297958374,0.9979171752929688,,
motion_blur,lakeside_beach,1,5,0.555,0.6589285714285714,0.21108518838244975,0.011530348099768162,0.08243588358163834,1.0044742822647095,1.005010962486267,,
motion_blur,lakeside_beach,1,6,0.666,0.6192857142857142,0.21108518838244975,0.011259624734520912,0.08340014517307281,1.004224181175232,0.9920858144760132,,
motion_blur,lakeside_beach,1,7,0.777,0.5796428571428571,0.21108518838244975,0.010943361558020115,0.08070513606071472,1.0045651197433472,1.0061179399490356,,
motion_blur,lakeside_beach,1,8,0.888,0.54,0.21108518838244975,0.010707459412515163,0.08018925786018372,1.0048314332962036,1.0071406364440918,,
motion_blur,lakeside_beach,1,9,0.999,0.5003571428571428,0.21108518838244975,0.010580291040241718,0.07566139847040176,1.0044794082641602,0.9874954223632812,,
motion_blur,lakeside_beach,2,0,0.0,0.6666666666666667,0.2203612135091675,0.011577649042010307,0.17284445464611053,0.9913600087165833,0.9937723875045776,,
motion_blur,lakeside_beach,2,1,0.111,0.6204166666666668,0.2203612135091675,0.011458246037364006,0.1735440343618393,0.9922080039978027,1.0020711421966553,,
motion_blur,lakeside_beach,2,2,0.222,0.5741666666666667,0.2203612135091675,0.011648545041680336,0.16915401816368103,0.9915830492973328,1.0010837316513062,,
motion_blur,lakeside_beach,2,3,0.333,0.5279166666666668,0.2203612135091675,0.011883500963449478,0.1653515100479126,0.9923162460327148,0.9983058571815491,,
motion_blur,lakeside_beach,2,4,0.444,0.48166666666666674,0.2203612135091675,0.01197701133787632,0.1592063456773758,0.9919061064720154,0.9982717037200928,,
motion_blur,lakeside_beach,2,5,0.555,0.4354166666666667,0.2203612135091675,0.012359649874269962,0.15075650811195374,0.9918527007102966,1.0028070211410522,,
motion_blur,lakeside_beach,2,6,0.666,0.38916666666666666,0.2203612135091675,0.012831875123083591,0.1526775062084198,0.9916114807128906,1.0008031129837036,,
motion_blur,lakeside_beach,2,7,0.777,0.34291666666666665,0.2203612135091675,0.013585136272013187,0.1987532079219818,0.9914436340332031,1.0048716068267822,,
motion_blur,lakeside_beach,2,8,0.888,0.2966666666666667,0.2203612135091675,0.014856654219329357,0.2602490782737732,0.9909512400627136,1.0049186944961548,,
motion_blur,lakeside_beach,2,9,0.999,0.2504166666666667,0.2203612135091675,0.016559859737753868,0.2555059492588043,0.9911722540855408,0.9971063733100891,,
motion_blur,lakeside_beach,3,0,0.0,0.3999999999999999,0.22819071692139276,0.009431982412934303,0.15532714128494263,0.9742840528488159,1.0001496076583862,,
motion_blur,lakeside_beach,3,1,0.111,0.3555999999999999,0.22819071692139276,0.01087617315351963,1.2511147260665894,1.0584776401519775,1.001513957977295,,
motion_blur,lakeside_beach,3,2,0.222,0.3111999999999999,0.22819071692139276,0.013747267425060272,1.04115629196167,1.0534217357635498,1.0013316869735718,,
motion_blur,lakeside_beach,3,3,0.333,0.2668,0.22819071692139276,0.01540498249232769,0.9677168726921082,1.0547988414764404,0.9984867572784424,,
motion_blur,lakeside_beach,3,4,0.444,0.22239999999999996,0.22819071692139276,0.016522610560059547,0.9817849397659302,1.0648614168167114,0.9965718388557434,,
motion_blur,lakeside_beach,3,5,0.555,0.17799999999999994,0.22819071692139276,0.01827741414308548,1.1480188369750977,1.0919615030288696,0.9995768070220947,,
motion_blur,lakeside_beach,3,6,0.666,0.13359999999999997,0.22819071692139276,0.021496202796697617,1.420737624168396,1.13137948513031,1.0008517503738403,,
motion_blur,lakeside_beach,3,7,0.777,0.08919999999999997,0.22819071692139276,0.02786899358034134,1.7504477500915527,1.1861026287078857,0.9999298453330994,,
motion_blur,lakeside_beach,3,8,0.888,0.044799999999999986,0.22819071692139276,0.044657252728939056,2.0833873748779297,1.253698468208313,1.0011248588562012,,
motion_blur,lakeside_beach,3,9,0.999,0.0004000000000000003,nan,0.14477470517158508,2.0833873748779297,1.253698468208313,1.0011248588562012,,
motion_blur,sea_anemone,0,0,0.0,1.0,0.2000590571988071,0.009970428422093391,0.02737962268292904,1.0612510442733765,0.9947441816329956,,
motion_blur,sea_anemone,0,1,0.111,0.9722500000000001,0.2000590571988071,0.010642001405358315,0.026676541194319725,1.0608474016189575,0.9973888397216797,,
motion_blur,sea_anemone,0,2,0.222,0.9445,0.2000590571988071,0.01062399335205555,0.02709820494055748,1.0610284805297852,0.9829674363136292,,
motion_blur,sea_anemone,0,3,0.333,0.9167500000000001,0.2000590571988071,0.009873627685010433,0.0284312441945076,1.0609897375106812,0.9869840145111084,,
motion_blur,sea_anemone,0,4,0.444,0.889,0.2000590571988071,0.009073696099221706,0.02713182382285595,1.0610971450805664,0.9984487891197205,,
motion_blur,sea_anemone,0,5,0.555,0.86125,0.2000590571988071,0.008365506306290627,0.026449844241142273,1.0610737800598145,0.9851222038269043,,
motion_blur,sea_anemone,0,6,0.666,0.8335,0.2000590571988071,0.007804953958839178,0.027829064056277275,1.0612205266952515,1.0122591257095337,,
motion_blur,sea_anemone,0,7,0.777,0.80575,0.2000590571988071,0.0074211894534528255,0.027637556195259094,1.0614280700683594,1.0158469676971436,,
motion_blur,sea_anemone,0,8,0.888,0.778,0.2000590571988071,0.00719289667904377,0.028305819258093834,1.061151146888733,0.9899382591247559,,
motion_blur,sea_anemone,0,9,0.999,0.75025,0.2000590571988071,0.007022725883871317,0.0259812381118536,1.0611045360565186,0.9699145555496216,,
motion_blur,sea_anemone,1,0,0.0,0.8571428571428572,0.21108518838244975,0.013227979652583599,0.08814810961484909,1.015073537826538,1.001232385635376,,
motion_blur,sea_anemone,1,1,0.111,0.8175000000000001,0.21108518838244975,0.012689127586781979,0.09074874967336655,1.01569664478302,1.0051027536392212,,
motion_blur,sea_anemone,1,2,0.222,0.7778571428571429,0.21108518838244975,0.012317526154220104,0.0884845107793808,1.0155229568481445,1.0067402124404907,,
motion_blur,sea_anemone,1,3,0.333,0.7382142857142858,0.21108518838244975,0.012009454891085625,0.08877908438444138,1.0157831907272339,1.0015387535095215,,
motion_blur,sea_anemone,1,4,0.444,0.6985714285714286,0.21108518838244975,0.011795909143984318,0.08977468311786652,1.015062689781189,0.9979171752929688,,
motion_blur,sea_anemone,1,5,0.555,0.6589285714285714,0.21108518838244975,0.011530348099768162,0.08580275624990463,1.0149896144866943,1.005010962486267,,
motion_blur,sea_anemone,1,6,0.666,0.6192857142857142,0.21108518838244975,0.011259624734520912,0.08636798709630966,1.0146280527114868,0.9920858144760132,,
motion_blur,sea_anemone,1,7,0.777,0.5796428571428571,0.21108518838244975,0.010943361558020115,0.08417161554098129,1.0150679349899292,1.0061179399490356,,
motion_blur,sea_anemone,1,8,0.888,0.54,0.21108518838244975,0.010707459412515163,0.08329260349273682,1.0152788162231445,1.0071406364440918,,
motion_blur,sea_anemone,1,9,0.999,0.5003571428571428,0.21108518838244975,0.010580291040241718,0.07845723628997803,1.0151101350784302,0.9874954223632812,,
motion_blur,sea_anemone,2,0,0.0,0.6666666666666667,0.2203612135091675,0.011577649042010307,0.1743977665901184,0.9936031699180603,0.9937723875045776,,
motion_blur,sea_anemone,2,1,0.111,0.6204166666666668,0.2203612135091675,0.011458246037364006,0.17523348331451416,0.9946268200874329,1.0020711421966553,,
motion_blur,sea_anemone,2,2,0.222,0.5741666666666667,0.2203612135091675,0.011648545041680336,0.1703893542289734,0.9939298629760742,1.0010837316513062,,
motion_blur,sea_anemone,2,3,0.333,0.5279166666666668,0.2203612135091675,0.011883500963449478,0.1670694202184677,0.9947728514671326,0.9983058571815491,,
motion_blur,sea_anemone,2,4,0.444,0.48166666666666674,0.2203612135091675,0.01197701133787632,0.16032764315605164,0.9940620064735413,0.9982717037200928,,
motion_blur,sea_anemone,2,5,0.555,0.4354166666666667,0.2203612135091675,0.012359649874269962,0.1519925892353058,0.9944325089454651,1.0028070211410522,,
motion_blur,sea_anemone,2,6,0.666,0.38916666666666666,0.2203612135091675,0.012831875123083591,0.14639067649841309,0.9946328401565552,1.0008031129837036,,
motion_blur,sea_anemone,2,7,0.777,0.34291666666666665,0.2203612135091675,0.013585136272013187,0.13922056555747986,0.9940524697303772,1.0048716068267822,,
motion_blur,sea_anemone,2,8,0.888,0.2966666666666667,0.2203612135091675,0.014856654219329357,0.132351815700531,0.9938885569572449,1.0049186944961548,,
motion_blur,sea_anemone,2,9,0.999,0.2504166666666667,0.2203612135091675,0.016559859737753868,0.11369400471448898,0.9945603013038635,0.9971063137054443,,
motion_blur,sea_anemone,3,0,0.0,0.3999999999999999,0.22819071692139276,0.009431982412934303,0.15715627372264862,0.9766305685043335,1.0001496076583862,,
motion_blur,sea_anemone,3,1,0.111,0.3555999999999999,0.22819071692139276,0.01087617315351963,0.1461993008852005,0.9788247346878052,1.001513957977295,,
motion_blur,sea_anemone,3,2,0.222,0.3111999999999999,0.22819071692139276,0.013747267425060272,0.8979843854904175,1.001348614692688,1.0013316869735718,,
motion_blur,sea_anemone,3,3,0.333,0.2668,0.22819071692139276,0.01540498249232769,1.1115111112594604,1.012041687965393,0.9984867572784424,,
motion_blur,sea_anemone,3,4,0.444,0.22239999999999996,0.22819071692139276,0.016522610560059547,1.2885429859161377,1.026849627494812,0.9965718388557434,,
motion_blur,sea_anemone,3,5,0.555,0.17799999999999994,0.22819071692139276,0.01827741414308548,1.4329118728637695,1.0452461242675781,0.9995768070220947,,
motion_blur,sea_anemone,3,6,0.666,0.13359999999999997,0.22819071692139276,0.021496202796697617,1.5748319625854492,1.0755188465118408,1.0008517503738403,,
motion_blur,sea_anemone,3,7,0.777,0.08919999999999997,0.22819071692139276,0.02786899358034134,1.6824615001678467,1.125497817993164,0.9999298453330994,,
motion_blur,sea_anemone,3,8,0.888,0.044799999999999986,0.22819071692139276,0.044657252728939056,1.7432101964950562,1.2498949766159058,1.0011248588562012,,
motion_blur,sea_anemone,3,9,0.999,0.0004000000000000003,nan,0.14477470517158508,1.7432101964950562,1.2498949766159058,1.0011248588562012,,
motion_blur,shetland_sheepdog,0,0,0.0,1.0,0.2000590571988071,0.009970428422093391,0.0332372784614563,1.0645925998687744,0.9947441816329956,,
motion_blur,shetland_sheepdog,0,1,0.111,0.9722500000000001,0.2000590571988071,0.010642001405358315,0.032299451529979706,1.0641982555389404,0.9973888397216797,,
motion_blur,shetland_sheepdog,0,2,0.222,0.9445,0.2000590571988071,0.01062399335205555,0.03350182995200157,1.0643583536148071,0.9829674363136292,,
motion_blur,shetland_sheepdog,0,3,0.333,0.9167500000000001,0.2000590571988071,0.009873627685010433,0.032517917454242706,1.064382791519165,0.9869840145111084,,
motion_blur,shetland_sheepdog,0,4,0.444,0.889,0.2000590571988071,0.009073696099221706,0.03321841359138489,1.0644360780715942,0.9984487891197205,,
motion_blur,shetland_sheepdog,0,5,0.555,0.86125,0.2000590571988071,0.008365506306290627,0.03249341994524002,1.0644227266311646,0.9851222038269043,,
motion_blur,shetland_sheepdog,0,6,0.666,0.8335,0.2000590571988071,0.007804953958839178,0.03407594561576843,1.0645478963851929,1.0122591257095337,,
motion_blur,shetland_sheepdog,0,7,0.777,0.80575,0.2000590571988071,0.0074211894534528255,0.03347029909491539,1.0647647380828857,1.0158469676971436,,
motion_blur,shetland_sheepdog,0,8,0.888,0.778,0.2000590571988071,0.00719289667904377,0.032425351440906525,1.0645860433578491,0.9899382591247559,,
motion_blur,shetland_sheepdog,0,9,0.999,0.75025,0.2000590571988071,0.007022725883871317,0.032357122749090195,1.0644047260284424,0.9699145555496216,,
motion_blur,shetland_sheepdog,1,0,0.0,0.8571428571428572,0.21108518838244975,0.013227979652583599,0.08715552091598511,1.007905125617981,1.001232385635376,,
motion_blur,shetland_sheepdog,1,1,0.111,0.8175000000000001,0.21108518838244975,0.012689127586781979,0.08911873400211334,1.0085606575012207,1.0051027536392212,,
motion_blur,shetland_sheepdog,1,2,0.222,0.7778571428571429,0.21108518838244975,0.012317526154220104,0.087755486369133,1.008232831954956,1.0067402124404907,,
motion_blur,shetland_sheepdog,1,3,0.333,0.7382142857142858,0.21108518838244975,0.012009454891085625,0.08784441649913788,1.008599877357483,1.0015387535095215,,
motion_blur,shetland_sheepdog,1,4,0.444,0.6985714285714286,0.21108518838244975,0.011795909143984318,0.08876512944698334,1.007734775543213,0.9979171752929688,,
motion_blur,shetland_sheepdog,1,5,0.555,0.6589285714285714,0.21108518838244975,0.011530348099768162,0.08451896160840988,1.0077189207077026,1.005010962486267,,
motion_blur,shetland_sheepdog,1,6,0.666,0.6192857142857142,0.21108518838244975,0.011259624734520912,0.08507966995239258,1.0075256824493408,0.9920858144760132,,
motion_blur,shetland_sheepdog,1,7,0.777,0.5796428571428571,0.21108518838244975,0.010943361558020115,0.08227692544460297,1.0078141689300537,1.0061179399490356,,
motion_blur,shetland_sheepdog,1,8,0.888,0.54,0.21108518838244975,0.010707459412515163,0.0820944532752037,1.0080397129058838,1.0071406364440918,,
motion_blur,shetland_sheepdog,1,9,0.999,0.5003571428571428,0.21108518838244975,0.010580291040241718,0.07742466032505035,1.0076935291290283,0.9874954223632812,,
motion_blur,shetland_sheepdog,2,0,0.0,0.6666666666666667,0.2203612135091675,0.011577649042010307,0.17386537790298462,0.9917795658111572,0.9937723875045776,,
motion_blur,shetland_sheepdog,2,1,0.111,0.6204166666666668,0.2203612135091675,0.011458246037364006,0.17429248988628387,0.9924702644348145,1.0020711421966553,,
motion_blur,shetland_sheepdog,2,2,0.222,0.5741666666666667,0.2203612135091675,0.011648545041680336,0.16972385346889496,0.9917869567871094,1.0010837316513062,,
motion_blur,shetland_sheepdog,2,3,0.333,0.5279166666666668,0.2203612135091675,0.011883500963449478,0.16623270511627197,0.9927604794502258,0.9983058571815491,,
motion_blur,shetland_sheepdog,2,4,0.444,0.48166666666666674,0.2203612135091675,0.01197701133787632,0.16019445657730103,0.9924955368041992,0.9982717037200928,,
motion_blur,shetland_sheepdog,2,5,0.555,0.4354166666666667,0.2203612135091675,0.012359649874269962,0.1490885317325592,0.9927011728286743,1.0028070211410522,,
motion_blur,shetland_sheepdog,2,6,0.666,0.38916666666666666,0.2203612135091675,0.012831875123083591,0.14330124855041504,0.9925388693809509,1.0008031129837036,,
motion_blur,shetland_sheepdog,2,7,0.777,0.34291666666666665,0.2203612135091675,0.013585136272013187,0.17382147908210754,0.9920116066932678,1.0048716068267822,,
motion_blur,shetland_sheepdog,2,8,0.888,0.2966666666666667,0.2203612135091675,0.014856654219329357,0.20764999091625214,0.9912207722663879,1.0049186944961548,,
motion_blur,shetland_sheepdog,2,9,0.999,0.2504166666666667,0.2203612135091675,0.016559859737753868,0.2070818394422531,0.9917048811912537,0.9971063733100891,,
motion_blur,shetland_sheepdog,3,0,0.0,0.3999999999999999,0.22819071692139276,0.009431982412934303,0.15542851388454437,0.9759087562561035,1.0001496076583862,,
motion_blur,shetland_sheepdog,3,1,0.111,0.3555999999999999,0.22819071692139276,0.01087617315351963,0.16606181859970093,0.9769465327262878,1.001513957977295,,
motion_blur,shetland_sheepdog,3,2,0.222,0.3111999999999999,0.22819071692139276,0.013747267425060272,1.2807271480560303,1.0076104402542114,1.0013316869735718,,
motion_blur,shetland_sheepdog,3,3,0.333,0.2668,0.22819071692139276,0.01540498249232769,1.5674395561218262,1.0192137956619263,0.9984867572784424,,
motion_blur,shetland_sheepdog,3,4,0.444,0.22239999999999996,0.22819071692139276,0.016522610560059547,1.8269648551940918,1.0340641736984253,0.9965718388557434,,
motion_blur,shetland_sheepdog,3,5,0.555,0.17799999999999994,0.22819071692139276,0.01827741414308548,2.0829195976257324,1.0587661266326904,0.9995768070220947,,
motion_blur,shetland_sheepdog,3,6,0.666,0.13359999999999997,0.22819071692139276,0.021496202796697617,2.325817823410034,1.092455506324768,1.0008517503738403,,
motion_blur,shetland_sheepdog,3,7,0.777,0.08919999999999997,0.22819071692139276,0.02786899358034134,2.5025057792663574,1.1460198163986206,0.9999298453330994,,
motion_blur,shetland_sheepdog,3,8,0.888,0.044799999999999986,0.22819071692139276,0.044657252728939056,2.608386516571045,1.256176471710205,1.0011248588562012,,
motion_blur,shetland_sheepdog,3,9,0.999,0.0004000000000000003,nan,0.14477470517158508,2.608386516571045,1.256176471710205,1.0011248588562012,,
superresolution,breastplate_armor,0,0,0.0,1.0,0.2000590571988071,0.009970428422093391,0.007696438580751419,1.5490978956222534,0.991515576839447,,
superresolution,breastplate_armor,0,1,0.111,0.9722500000000001,0.2000590571988071,0.010642001405358315,0.007492994889616966,1.5443731546401978,1.0071277618408203,,
superresolution,breastplate_armor,0,2,0.222,0.9445,0.2000590571988071,0.01062399335205555,0.007670999504625797,1.5446661710739136,0.9997060298919678,,
superresolution,breastplate_armor,0,3,0.333,0.9167500000000001,0.2000590571988071,0.009873627685010433,0.0076913367956876755,1.5480235815048218,1.0002552270889282,,
superresolution,breastplate_armor,0,4,0.444,0.889,0.2000590571988071,0.009073696099221706,0.007720695808529854,1.5482138395309448,0.9940018057823181,,
superresolution,breastplate_armor,0,5,0.555,0.86125,0.2000590571988071,0.008365506306290627,0.007482939399778843,1.5468428134918213,1.019405722618103,,
superresolution,breastplate_armor,0,6,0.666,0.8335,0.2000590571988071,0.007804953958839178,0.007746370043605566,1.5452760457992554,0.9842050671577454,,
superresolution,breastplate_armor,0,7,0.777,0.80575,0.2000590571988071,0.0074211894534528255,0.007664427161216736,1.5452028512954712,1.0162402391433716,,
superresolution,breastplate_armor,0,8,0.888,0.778,0.2000590571988071,0.00719289667904377,0.007796193473041058,1.5519914627075195,1.0055128335952759,,
superresolution,breastplate_armor,0,9,0.999,0.75025,0.2000590571988071,0.007022725883871317,0.007635436952114105,1.5482374429702759,0.991866946220398,,
superresolution,breastplate_armor,1,0,0.0,0.8571428571428572,0.21108518838244975,0.013227979652583599,0.02853858470916748,0.974805474281311,0.9993259906768799,,
superresolution,breastplate_armor,1,1,0.111,0.8175000000000001,0.21108518838244975,0.012689127586781979,0.029789773747324944,0.9772143959999084,1.002347707748413,,
superresolution,breastplate_armor,1,2,0.222,0.7778571428571429,0.21108518838244975,0.012317526154220104,0.028970632702112198,0.9665712118148804,0.9948512315750122,,
superresolution,breastplate_armor,1,3,0.333,0.7382142857142858,0.21108518838244975,0.012009454891085625,0.02960330806672573,0.9660904407501221,1.0042061805725098,,
superresolution,breastplate_armor,1,4,0.444,0.6985714285714286,0.21108518838244975,0.011795909143984318,0.02960224077105522,0.9708090424537659,1.0136305093765259,,
superresolution,breastplate_armor,1,5,0.555,0.6589285714285714,0.21108518838244975,0.011530348099768162,0.029165729880332947,0.9641560316085815,0.9947329759597778,,
superresolution,breastplate_armor,1,6,0.666,0.6192857142857142,0.21108518838244975,0.011259624734520912,0.02884647250175476,0.9749723672866821,0.9880710244178772,,
superresolution,breastplate_armor,1,7,0.777,0.5796428571428571,0.21108518838244975,0.010943361558020115,0.029062775894999504,0.9652879238128662,0.996627926826477,,
superresolution,breastplate_armor,1,8,0.888,0.54,0.21108518838244975,0.010707459412515163,0.029252266511321068,0.964985728263855,0.9929125308990479,,
superresolution,breastplate_armor,1,9,0.999,0.5003571428571428,0.21108518838244975,0.010580291040241718,0.027780812233686447,0.956803023815155,1.0031170845031738,,
superresolution,breastplate_armor,2,0,0.0,0.6666666666666667,0.2203612135091675,0.011577649042010307,0.18248450756072998,0.9671334028244019,0.9995604753494263,,
superresolution,breastplate_armor,2,1,0.111,0.6204166666666668,0.2203612135091675,0.011458246037364006,0.1774369478225708,0.9557337760925293,0.9986169338226318,,
superresolution,breastplate_armor,2,2,0.222,0.5741666666666667,0.2203612135091675,0.011648545041680336,0.17764782905578613,0.9747388958930969,0.9988556504249573,,
superresolution,breastplate_armor,2,3,0.333,0.5279166666666668,0.2203612135091675,0.011883500963449478,0.1726197898387909,0.966262936592102,1.0001050233840942,,
superresolution,breastplate_armor,2,4,0.444,0.48166666666666674,0.2203612135091675,0.01197701133787632,0.1646970510482788,0.9440354704856873,1.0000661611557007,,
superresolution,breastplate_armor,2,5,0.555,0.4354166666666667,0.2203612135091675,0.012359649874269962,0.15272194147109985,0.9502328634262085,0.9965349435806274,,
superresolution,breastplate_armor,2,6,0.666,0.38916666666666666,0.2203612135091675,0.012831875123083591,0.1392788290977478,0.9405369758605957,1.001779556274414,,
superresolution,breastplate_armor,2,7,0.777,0.34291666666666665,0.2203612135091675,0.013585136272013187,0.150226429104805,0.9317386746406555,0.9948962330818176,,
superresolution,breastplate_armor,2,8,0.888,0.2966666666666667,0.2203612135091675,0.014856654219329357,0.17340902984142303,0.9349318742752075,1.0026352405548096,,
superresolution,breastplate_armor,2,9,0.999,0.2504166666666667,0.2203612135091675,0.016559859737753868,0.17193971574306488,0.9234930276870728,1.0021839141845703,,
superresolution,breastplate_armor,3,0,0.0,0.3999999999999999,0.22819071692139276,0.009431982412934303,0.16416212916374207,0.9223080277442932,1.0020620822906494,,
superresolution,breastplate_armor,3,1,0.111,0.3555999999999999,0.22819071692139276,0.01087617315351963,0.49009498953819275,0.9998078942298889,0.998856246471405,,
superresolution,breastplate_armor,3,2,0.222,0.3111999999999999,0.22819071692139276,0.013747267425060272,0.9674245715141296,1.1979575157165527,0.9987576603889465,,
superresolution,breastplate_armor,3,3,0.333,0.2668,0.22819071692139276,0.01540498249232769,1.2119715213775635,1.368311882019043,0.9992904663085938,,
superresolution,breastplate_armor,3,4,0.444,0.22239999999999996,0.22819071692139276,0.016522610560059547,1.389321208000183,1.547736644744873,1.0000993013381958,,
superresolution,breastplate_armor,3,5,0.555,0.17799999999999994,0.22819071692139276,0.01827741414308548,1.5436172485351562,1.8580623865127563,0.9987297654151917,,
superresolution,breastplate_armor,3,6,0.666,0.13359999999999997,0.22819071692139276,0.021496202796697617,1.6813678741455078,2.2948780059814453,1.0024505853652954,,
superresolution,breastplate_armor,3,7,0.777,0.08919999999999997,0.22819071692139276,0.02786899358034134,1.8408832550048828,3.0190465450286865,1.0020697116851807,,
superresolution,breastplate_armor,3,8,0.888,0.044799999999999986,0.22819071692139276,0.044657252728939056,1.9806569814682007,3.9053852558135986,0.998650312423706,,
superresolution,breastplate_armor,3,9,0.999,0.0004000000000000003,nan,0.14477470517158508,1.9806569814682007,3.9053852558135986,0.998650312423706,,
superresolution,crane_structure,0,0,0.0,1.0,0.2000590571988071,0.009970428422093391,0.018448710441589355,2.7723963260650635,0.991515576839447,,
superresolution,crane_structure,0,1,0.111,0.9722500000000001,0.2000590571988071,0.010642001405358315,0.01855952851474285,2.769744873046875,1.0071277618408203,,
superresolution,crane_structure,0,2,0.222,0.9445,0.2000590571988071,0.01062399335205555,0.0182889923453331,2.7699568271636963,0.9997060298919678,,
superresolution,crane_structure,0,3,0.333,0.9167500000000001,0.2000590571988071,0.009873627685010433,0.018899057060480118,2.7715489864349365,1.0002552270889282,,
superresolution,crane_structure,0,4,0.444,0.889,0.2000590571988071,0.009073696099221706,0.018832210451364517,2.771757125854492,0.9940018057823181,,
superresolution,crane_structure,0,5,0.555,0.86125,0.2000590571988071,0.008365506306290627,0.018713563680648804,2.771121025085449,1.019405722618103,,
superresolution,crane_structure,0,6,0.666,0.8335,0.2000590571988071,0.007804953958839178,0.018670808523893356,2.770146131515503,0.9842050671577454,,
superresolution,crane_structure,0,7,0.777,0.80575,0.2000590571988071,0.0074211894534528255,0.018777906894683838,2.770071029663086,1.0162402391433716,,
superresolution,crane_structure,0,8,0.888,0.778,0.2000590571988071,0.00719289667904377,0.018588857725262642,2.7738962173461914,1.0055128335952759,,
superresolution,crane_structure,0,9,0.999,0.75025,0.2000590571988071,0.007022725883871317,0.01863936334848404,2.771944522857666,0.991866946220398,,
superresolution,crane_structure,1,0,0.0,0.8571428571428572,0.21108518838244975,0.013227979652583599,0.04644681140780449,0.9908578395843506,0.9993259906768799,,
superresolution,crane_structure,1,1,0.111,0.8175000000000001,0.21108518838244975,0.012689127586781979,0.04675762355327606,0.9948572516441345,1.002347707748413,,
superresolution,crane_structure,1,2,0.222,0.7778571428571429,0.21108518838244975,0.012317526154220104,0.046098433434963226,0.9846972823143005,0.9948512315750122,,
superresolution,crane_structure,1,3,0.333,0.7382142857142858,0.21108518838244975,0.012009454891085625,0.046515218913555145,0.9836790561676025,1.0042061805725098,,
superresolution,crane_structure,1,4,0.444,0.6985714285714286,0.21108518838244975,0.011795909143984318,0.04728684574365616,0.9866161346435547,1.0136305093765259,,
superresolution,crane_structure,1,5,0.555,0.6589285714285714,0.21108518838244975,0.011530348099768162,0.046235691756010056,0.9829227328300476,0.9947330355644226,,
superresolution,crane_structure,1,6,0.666,0.6192857142857142,0.21108518838244975,0.011259624734520912,0.04628872126340866,0.9914789199829102,0.9880710244178772,,
superresolution,crane_structure,1,7,0.777,0.5796428571428571,0.21108518838244975,0.010943361558020115,0.04817315936088562,0.9763890504837036,0.996627926826477,,
superresolution,crane_structure,1,8,0.888,0.54,0.21108518838244975,0.010707459412515163,0.047910451889038086,0.977664053440094,0.9929125905036926,,
superresolution,crane_structure,1,9,0.999,0.5003571428571428,0.21108518838244975,0.010580291040241718,0.04761802405118942,0.9659045934677124,1.0031170845031738,,
superresolution,crane_structure,2,0,0.0,0.6666666666666667,0.2203612135091675,0.011577649042010307,0.1943831890821457,0.9841508865356445,0.9995604753494263,,
superresolution,crane_structure,2,1,0.111,0.6204166666666668,0.2203612135091675,0.011458246037364006,0.1903916895389557,0.9773203730583191,0.9986169338226318,,
superresolution,crane_structure,2,2,0.222,0.5741666666666667,0.2203612135091675,0.011648545041680336,0.18801632523536682,0.9866119623184204,0.9988556504249573,,
superresolution,crane_structure,2,3,0.333,0.5279166666666668,0.2203612135091675,0.011883500963449478,0.18252888321876526,0.974902868270874,1.0001050233840942,,
superresolution,crane_structure,2,4,0.444,0.48166666666666674,0.2203612135091675,0.01197701133787632,0.17512601613998413,0.9568701386451721,1.0000661611557007,,
superresolution,crane_structure,2,5,0.555,0.4354166666666667,0.2203612135091675,0.012359649874269962,0.16104952991008759,0.9554743766784668,0.9965349435806274,,
superresolution,crane_structure,2,6,0.666,0.38916666666666666,0.2203612135091675,0.012831875123083591,0.16117843985557556,0.9475042819976807,1.001779556274414,,
superresolution,crane_structure,2,7,0.777,0.34291666666666665,0.2203612135091675,0.013585136272013187,0.16092750430107117,0.9369674324989319,0.9948962330818176,,
superresolution,crane_structure,2,8,0.888,0.2966666666666667,0.2203612135091675,0.014856654219329357,0.17836272716522217,0.9357635378837585,1.0026352405548096,,
superresolution,crane_structure,2,9,0.999,0.2504166666666667,0.2203612135091675,0.016559859737753868,0.16609680652618408,0.9231855869293213,1.0021839141845703,,
superresolution,crane_structure,3,0,0.0,0.3999999999999999,0.22819071692139276,0.009431982412934303,0.17925453186035156,0.9294359683990479,1.0020620822906494,,
superresolution,crane_structure,3,1,0.111,0.3555999999999999,0.22819071692139276,0.01087617315351963,1.1122939586639404,1.1348390579223633,0.998856246471405,,
superresolution,crane_structure,3,2,0.222,0.3111999999999999,0.22819071692139276,0.013747267425060272,1.1588642597198486,1.3447452783584595,0.9987576603889465,,
superresolution,crane_structure,3,3,0.333,0.2668,0.22819071692139276,0.01540498249232769,1.2966525554656982,1.5744346380233765,0.9992904663085938,,
superresolution,crane_structure,3,4,0.444,0.22239999999999996,0.22819071692139276,0.016522610560059547,1.4940537214279175,1.7352714538574219,1.0000993013381958,,
superresolution,crane_structure,3,5,0.555,0.17799999999999994,0.22819071692139276,0.01827741414308548,1.6821315288543701,1.9579641819000244,0.9987297654151917,,
superresolution,crane_structure,3,6,0.666,0.13359999999999997,0.22819071692139276,0.021496202796697617,1.881900668144226,2.267544984817505,1.0024505853652954,,
superresolution,crane_structure,3,7,0.777,0.08919999999999997,0.22819071692139276,0.02786899358034134,2.051835060119629,2.7615203857421875,1.0020697116851807,,
superresolution,crane_structure,3,8,0.888,0.044799999999999986,0.22819071692139276,0.044657252728939056,2.2140603065490723,3.3427770137786865,0.998650312423706,,
superresolution,crane_structure,3,9,0.999,0.0004000000000000003,nan,0.14477470517158508,2.2140603065490723,3.3427770137786865,0.998650312423706,,
superresolution,ibex_horns,0,0,0.0,1.0,0.2000590571988071,0.009970428422093391,0.02660917118191719,2.55991268157959,0.991515576839447,,
superresolution,ibex_horns,0,1,0.111,0.9722500000000001,0.2000590571988071,0.010642001405358315,0.02668048068881035,2.5570313930511475,1.0071277618408203,,
superresolution,ibex_horns,0,2,0.222,0.9445,0.2000590571988071,0.01062399335205555,0.026266178116202354,2.557323455810547,0.9997060298919678,,
superresolution,ibex_horns,0,3,0.333,0.9167500000000001,0.2000590571988071,0.009873627685010433,0.026676077395677567,2.5593292713165283,1.0002552270889282,,
superresolution,ibex_horns,0,4,0.444,0.889,0.2000590571988071,0.009073696099221706,0.025997798889875412,2.5597193241119385,0.9940018057823181,,
superresolution,ibex_horns,0,5,0.555,0.86125,0.2000590571988071,0.008365506306290627,0.026156477630138397,2.559081554412842,1.019405722618103,,
superresolution,ibex_horns,0,6,0.666,0.8335,0.2000590571988071,0.007804953958839178,0.026295315474271774,2.5577774047851562,0.9842050671577454,,
superresolution,ibex_horns,0,7,0.777,0.80575,0.2000590571988071,0.0074211894534528255,0.025864198803901672,2.5581490993499756,1.0162402391433716,,
superresolution,ibex_horns,0,8,0.888,0.778,0.2000590571988071,0.00719289667904377,0.026659518480300903,2.561776876449585,1.0055128335952759,,
superresolution,ibex_horns,0,9,0.999,0.75025,0.2000590571988071,0.007022725883871317,0.026294296607375145,2.55971360206604,0.991866946220398,,
superresolution,ibex_horns,1,0,0.0,0.8571428571428572,0.21108518838244975,0.013227979652583599,0.03745535761117935,0.9837773442268372,0.9993259906768799,,
superresolution,ibex_horns,1,1,0.111,0.8175000000000001,0.21108518838244975,0.012689127586781979,0.03864636272192001,0.9844939708709717,1.002347707748413,,
superresolution,ibex_horns,1,2,0.222,0.7778571428571429,0.21108518838244975,0.012317526154220104,0.03768482431769371,0.9753127098083496,0.9948512315750122,,
superresolution,ibex_horns,1,3,0.333,0.7382142857142858,0.21108518838244975,0.012009454891085625,0.037986598908901215,0.9762306213378906,1.0042061805725098,,
superresolution,ibex_horns,1,4,0.444,0.6985714285714286,0.21108518838244975,0.011795909143984318,0.038588639348745346,0.9772777557373047,1.0136305093765259,,
superresolution,ibex_horns,1,5,0.555,0.6589285714285714,0.21108518838244975,0.011530348099768162,0.038080718368291855,0.9726510643959045,0.9947329759597778,,
superresolution,ibex_horns,1,6,0.666,0.6192857142857142,0.21108518838244975,0.011259624734520912,0.03749052435159683,0.9841121435165405,0.9880710244178772,,
superresolution,ibex_horns,1,7,0.777,0.5796428571428571,0.21108518838244975,0.010943361558020115,0.038066715002059937,0.9722720384597778,0.996627926826477,,
superresolution,ibex_horns,1,8,0.888,0.54,0.21108518838244975,0.010707459412515163,0.03850656375288963,0.9709618091583252,0.9929125308990479,,
superresolution,ibex_horns,1,9,0.999,0.5003571428571428,0.21108518838244975,0.010580291040241718,0.037235233932733536,0.9618070125579834,1.0031170845031738,,
superresolution,ibex_horns,2,0,0.0,0.6666666666666667,0.2203612135091675,0.011577649042010307,0.18713556230068207,0.9866036176681519,0.9995604753494263,,
superresolution,ibex_horns,2,1,0.111,0.6204166666666668,0.2203612135091675,0.011458246037364006,0.1825914978981018,0.9736440181732178,0.9986169338226318,,
superresolution,ibex_horns,2,2,0.222,0.5741666666666667,0.2203612135091675,0.011648545041680336,0.18249642848968506,0.9897733926773071,0.9988556504249573,,
superresolution,ibex_horns,2,3,0.333,0.5279166666666668,0.2203612135091675,0.011883500963449478,0.17855489253997803,0.9814540147781372,1.0001050233840942,,
superresolution,ibex_horns,2,4,0.444,0.48166666666666674,0.2203612135091675,0.01197701133787632,0.17094287276268005,0.958494246006012,1.0000661611557007,,
superresolution,ibex_horns,2,5,0.555,0.4354166666666667,0.2203612135091675,0.012359649874269962,0.15916840732097626,0.9637255072593689,0.9965349435806274,,
superresolution,ibex_horns,2,6,0.666,0.38916666666666666,0.2203612135091675,0.012831875123083591,0.15409287810325623,0.9522459506988525,1.001779556274414,,
superresolution,ibex_horns,2,7,0.777,0.34291666666666665,0.2203612135091675,0.013585136272013187,0.20343002676963806,0.9465470910072327,0.9948962330818176,,
superresolution,ibex_horns,2,8,0.888,0.2966666666666667,0.2203612135091675,0.014856654219329357,0.2432180941104889,0.956691563129425,1.0026352405548096,,
superresolution,ibex_horns,2,9,0.999,0.2504166666666667,0.2203612135091675,0.016559859737753868,0.2361249178647995,0.9431381821632385,1.0021839141845703,,
superresolution,ibex_horns,3,0,0.0,0.3999999999999999,0.22819071692139276,0.009431982412934303,0.17511402070522308,0.9492222666740417,1.0020620822906494,,
superresolution,ibex_horns,3,1,0.111,0.3555999999999999,0.22819071692139276,0.01087617315351963,1.2628748416900635,1.1727267503738403,0.998856246471405,,
superresolution,ibex_horns,3,2,0.222,0.3111999999999999,0.22819071692139276,0.013747267425060272,1.5200910568237305,1.5860772132873535,0.9987576603889465,,
superresolution,ibex_horns,3,3,0.333,0.2668,0.22819071692139276,0.01540498249232769,1.621009349822998,1.868167519569397,0.9992904663085938,,
superresolution,ibex_horns,3,4,0.444,0.22239999999999996,0.22819071692139276,0.016522610560059547,1.9120643138885498,2.162945032119751,1.0000993013381958,,
superresolution,ibex_horns,3,5,0.555,0.17799999999999994,0.22819071692139276,0.01827741414308548,2.3510894775390625,2.5375046730041504,0.9987297654151917,,
superresolution,ibex_horns,3,6,0.666,0.13359999999999997,0.22819071692139276,0.021496202796697617,2.64363694190979,3.079447031021118,1.0024505853652954,,
superresolution,ibex_horns,3,7,0.777,0.08919999999999997,0.22819071692139276,0.02786899358034134,2.840758800506592,3.921077013015747,1.0020697116851807,,
superresolution,ibex_horns,3,8,0.888,0.044799999999999986,0.22819071692139276,0.044657252728939056,2.970487594604492,4.928615570068359,0.998650312423706,,
superresolution,ibex_horns,3,9,0.999,0.0004000000000000003,nan,0.14477470517158508,2.970487594604492,4.928615570068359,0.998650312423706,,
superresolution,junco,0,0,0.0,1.0,0.2000590571988071,0.009970428422093391,0.0125571358948946,1.5880249738693237,0.991515576839447,,
superresolution,junco,0,1,0.111,0.9722500000000001,0.2000590571988071,0.010642001405358315,0.013044295832514763,1.582769751548767,1.0071277618408203,,
superresolution,junco,0,2,0.222,0.9445,0.2000590571988071,0.01062399335205555,0.012925839051604271,1.5833126306533813,0.9997060298919678,,
superresolution,junco,0,3,0.333,0.9167500000000001,0.2000590571988071,0.009873627685010433,0.012836824171245098,1.5867736339569092,1.0002552270889282,,
superresolution,junco,0,4,0.444,0.889,0.2000590571988071,0.009073696099221706,0.012910394929349422,1.586815595626831,0.9940018057823181,,
superresolution,junco,0,5,0.555,0.86125,0.2000590571988071,0.008365506306290627,0.012599753215909004,1.585998296737671,1.019405722618103,,
superresolution,junco,0,6,0.666,0.8335,0.2000590571988071,0.007804953958839178,0.012891670688986778,1.5838594436645508,0.9842050671577454,,
superresolution,junco,0,7,0.777,0.80575,0.2000590571988071,0.0074211894534528255,0.012829732149839401,1.584205985069275,1.0162402391433716,,
superresolution,junco,0,8,0.888,0.778,0.2000590571988071,0.00719289667904377,0.01300816796720028,1.5906426906585693,1.0055128335952759,,
superresolution,junco,0,9,0.999,0.75025,0.2000590571988071,0.007022725883871317,0.012509249150753021,1.5874273777008057,0.991866946220398,,
superresolution,junco,1,0,0.0,0.8571428571428572,0.21108518838244975,0.013227979652583599,0.02959793619811535,0.9769959449768066,0.9993259906768799,,
superresolution,junco,1,1,0.111,0.8175000000000001,0.21108518838244975,0.012689127586781979,0.031004633754491806,0.9769088625907898,1.002347707748413,,
superresolution,junco,1,2,0.222,0.7778571428571429,0.21108518838244975,0.012317526154220104,0.029959311708807945,0.9677935242652893,0.9948512315750122,,
superresolution,junco,1,3,0.333,0.7382142857142858,0.21108518838244975,0.012009454891085625,0.030420785769820213,0.9672921299934387,1.0042061805725098,,
superresolution,junco,1,4,0.444,0.6985714285714286,0.21108518838244975,0.011795909143984318,0.030446723103523254,0.9717665910720825,1.0136305093765259,,
superresolution,junco,1,5,0.555,0.6589285714285714,0.21108518838244975,0.011530348099768162,0.030337776988744736,0.9646986126899719,0.9947329759597778,,
superresolution,junco,1,6,0.666,0.6192857142857142,0.21108518838244975,0.011259624734520912,0.02969958446919918,0.9769920706748962,0.9880710244178772,,
superresolution,junco,1,7,0.777,0.5796428571428571,0.21108518838244975,0.010943361558020115,0.02997135929763317,0.9668184518814087,0.996627926826477,,
superresolution,junco,1,8,0.888,0.54,0.21108518838244975,0.010707459412515163,0.030269593000411987,0.9657999277114868,0.9929125905036926,,
superresolution,junco,1,9,0.999,0.5003571428571428,0.21108518838244975,0.010580291040241718,0.02895379066467285,0.9565032124519348,1.0031170845031738,,
superresolution,junco,2,0,0.0,0.6666666666666667,0.2203612135091675,0.011577649042010307,0.17939333617687225,0.9702886939048767,0.9995604753494263,,
superresolution,junco,2,1,0.111,0.6204166666666668,0.2203612135091675,0.011458246037364006,0.17484258115291595,0.95878666639328,0.9986169338226318,,
superresolution,junco,2,2,0.222,0.5741666666666667,0.2203612135091675,0.011648545041680336,0.17426514625549316,0.976848304271698,0.9988556504249573,,
superresolution,junco,2,3,0.333,0.5279166666666668,0.2203612135091675,0.011883500963449478,0.16962528228759766,0.9688766598701477,1.0001050233840942,,
superresolution,junco,2,4,0.444,0.48166666666666674,0.2203612135091675,0.01197701133787632,0.16085711121559143,0.9445396065711975,1.0000661611557007,,
superresolution,junco,2,5,0.555,0.4354166666666667,0.2203612135091675,0.012359649874269962,0.14935170114040375,0.9497614502906799,0.9965349435806274,,
superresolution,junco,2,6,0.666,0.38916666666666666,0.2203612135091675,0.012831875123083591,0.14370578527450562,0.939965546131134,1.001779556274414,,
superresolution,junco,2,7,0.777,0.34291666666666665,0.2203612135091675,0.013585136272013187,0.2464953064918518,0.9450222849845886,0.9948962330818176,,
superresolution,junco,2,8,0.888,0.2966666666666667,0.2203612135091675,0.014856654219329357,0.2836287319660187,0.945791482925415,1.0026352405548096,,
superresolution,junco,2,9,0.999,0.2504166666666667,0.2203612135091675,0.016559859737753868,0.24299883842468262,0.9264090061187744,1.0021839141845703,,
superresolution,junco,3,0,0.0,0.3999999999999999,0.22819071692139276,0.009431982412934303,0.3280355930328369,0.9276106357574463,1.0020620822906494,,
superresolution,junco,3,1,0.111,0.3555999999999999,0.22819071692139276,0.01087617315351963,1.7296676635742188,1.0619326829910278,0.998856246471405,,
superresolution,junco,3,2,0.222,0.3111999999999999,0.22819071692139276,0.013747267425060272,2.1579904556274414,1.2155171632766724,0.9987576603889465,,
superresolution,junco,3,3,0.333,0.2668,0.22819071692139276,0.01540498249232769,2.319617748260498,1.315914273262024,0.9992904663085938,,
superresolution,junco,3,4,0.444,0.22239999999999996,0.22819071692139276,0.016522610560059547,2.500516414642334,1.4399434328079224,1.0000993013381958,,
superresolution,junco,3,5,0.555,0.17799999999999994,0.22819071692139276,0.01827741414308548,2.681825637817383,1.6449931859970093,0.9987297654151917,,
superresolution,junco,3,6,0.666,0.13359999999999997,0.22819071692139276,0.021496202796697617,2.79295015335083,1.9724183082580566,1.0024505853652954,,
superresolution,junco,3,7,0.777,0.08919999999999997,0.22819071692139276,0.02786899358034134,2.8742778301239014,2.4843568801879883,1.0020697116851807,,
superresolution,junco,3,8,0.888,0.044799999999999986,0.22819071692139276,0.044657252728939056,2.9807848930358887,3.1125521659851074,0.998650312423706,,
superresolution,junco,3,9,0.999,0.0004000000000000003,nan,0.14477470517158508,2.9807848930358887,3.1125521659851074,0.998650312423706,,
superresolution,lakeside_beach,0,0,0.0,1.0,0.2000590571988071,0.009970428422093391,0.005589354317635298,1.3363442420959473,0.991515576839447,,
superresolution,lakeside_beach,0,1,0.111,0.9722500000000001,0.2000590571988071,0.010642001405358315,0.005457827355712652,1.3305355310440063,1.0071277618408203,,
superresolution,lakeside_beach,0,2,0.222,0.9445,0.2000590571988071,0.01062399335205555,0.005599914118647575,1.3307836055755615,0.9997060298919678,,
superresolution,lakeside_beach,0,3,0.333,0.9167500000000001,0.2000590571988071,0.009873627685010433,0.005476211663335562,1.3350934982299805,1.0002552270889282,,
superresolution,lakeside_beach,0,4,0.444,0.889,0.2000590571988071,0.009073696099221706,0.005507794674485922,1.3353689908981323,0.9940018057823181,,
superresolution,lakeside_beach,0,5,0.555,0.86125,0.2000590571988071,0.008365506306290627,0.005557134747505188,1.3337854146957397,1.019405722618103,,
superresolution,lakeside_beach,0,6,0.666,0.8335,0.2000590571988071,0.007804953958839178,0.005443160887807608,1.3319135904312134,0.9842050671577454,,
superresolution,lakeside_beach,0,7,0.777,0.80575,0.2000590571988071,0.0074211894534528255,0.005509410053491592,1.3319344520568848,1.0162402391433716,,
superresolution,lakeside_beach,0,8,0.888,0.778,0.2000590571988071,0.00719289667904377,0.005649100057780743,1.3396562337875366,1.0055128335952759,,
superresolution,lakeside_beach,0,9,0.999,0.75025,0.2000590571988071,0.007022725883871317,0.00546461483463645,1.335568904876709,0.991866946220398,,
superresolution,lakeside_beach,1,0,0.0,0.8571428571428572,0.21108518838244975,0.013227979652583599,0.027387093752622604,0.9733205437660217,0.9993259906768799,,
superresolution,lakeside_beach,1,1,0.111,0.8175000000000001,0.21108518838244975,0.012689127586781979,0.028533458709716797,0.9760499596595764,1.002347707748413,,
superresolution,lakeside_beach,1,2,0.222,0.7778571428571429,0.21108518838244975,0.012317526154220104,0.027513613924384117,0.9657087922096252,0.9948512315750122,,
superresolution,lakeside_beach,1,3,0.333,0.7382142857142858,0.21108518838244975,0.012009454891085625,0.028264179825782776,0.9641808271408081,1.0042061805725098,,
superresolution,lakeside_beach,1,4,0.444,0.6985714285714286,0.21108518838244975,0.011795909143984318,0.028288042172789574,0.9703351855278015,1.0136305093765259,,
superresolution,lakeside_beach,1,5,0.555,0.6589285714285714,0.21108518838244975,0.011530348099768162,0.02799435518682003,0.9629407525062561,0.9947329759597778,,
superresolution,lakeside_beach,1,6,0.666,0.6192857142857142,0.21108518838244975,0.011259624734520912,0.02753632515668869,0.9745089411735535,0.9880710244178772,,
superresolution,lakeside_beach,1,7,0.777,0.5796428571428571,0.21108518838244975,0.010943361558020115,0.027814965695142746,0.9642230272293091,0.996627926826477,,
superresolution,lakeside_beach,1,8,0.888,0.54,0.21108518838244975,0.010707459412515163,0.027831267565488815,0.9641424417495728,0.9929125905036926,,
superresolution,lakeside_beach,1,9,0.999,0.5003571428571428,0.21108518838244975,0.010580291040241718,0.026836879551410675,0.9535963535308838,1.0031170845031738,,
superresolution,lakeside_beach,2,0,0.0,0.6666666666666667,0.2203612135091675,0.011577649042010307,0.17832911014556885,0.9602950811386108,0.9995604753494263,,
superresolution,lakeside_beach,2,1,0.111,0.6204166666666668,0.2203612135091675,0.011458246037364006,0.17412476241588593,0.9528692364692688,0.9986169338226318,,
superresolution,lakeside_beach,2,2,0.222,0.5741666666666667,0.2203612135091675,0.011648545041680336,0.17336159944534302,0.9715018272399902,0.9988556504249573,,
superresolution,lakeside_beach,2,3,0.333,0.5279166666666668,0.2203612135091675,0.011883500963449478,0.1687968671321869,0.9627101421356201,1.0001050233840942,,
superresolution,lakeside_beach,2,4,0.444,0.48166666666666674,0.2203612135091675,0.01197701133787632,0.1604747474193573,0.9407482743263245,1.0000661611557007,,
superresolution,lakeside_beach,2,5,0.555,0.4354166666666667,0.2203612135091675,0.012359649874269962,0.14935888350009918,0.9469457864761353,0.9965349435806274,,
superresolution,lakeside_beach,2,6,0.666,0.38916666666666666,0.2203612135091675,0.012831875123083591,0.1473524570465088,0.9389153122901917,1.001779556274414,,
superresolution,lakeside_beach,2,7,0.777,0.34291666666666665,0.2203612135091675,0.013585136272013187,0.20540747046470642,0.9339160919189453,0.9948962330818176,,
superresolution,lakeside_beach,2,8,0.888,0.2966666666666667,0.2203612135091675,0.014856654219329357,0.26220130920410156,0.941265881061554,1.0026352405548096,,
superresolution,lakeside_beach,2,9,0.999,0.2504166666666667,0.2203612135091675,0.016559859737753868,0.21182498335838318,0.9181947708129883,1.0021839141845703,,
superresolution,lakeside_beach,3,0,0.0,0.3999999999999999,0.22819071692139276,0.009431982412934303,0.15687213838100433,0.9068570733070374,1.0020620822906494,,
superresolution,lakeside_beach,3,1,0.111,0.3555999999999999,0.22819071692139276,0.01087617315351963,1.1401877403259277,1.0515100955963135,0.998856246471405,,
superresolution,lakeside_beach,3,2,0.222,0.3111999999999999,0.22819071692139276,0.013747267425060272,1.018669605255127,1.1418139934539795,0.9987576603889465,,
superresolution,lakeside_beach,3,3,0.333,0.2668,0.22819071692139276,0.01540498249232769,0.9833795428276062,1.2145428657531738,0.9992904663085938,,
superresolution,lakeside_beach,3,4,0.444,0.22239999999999996,0.22819071692139276,0.016522610560059547,1.0821044445037842,1.308395504951477,1.0000993013381958,,
superresolution,lakeside_beach,3,5,0.555,0.17799999999999994,0.22819071692139276,0.01827741414308548,1.3448083400726318,1.439403772354126,0.9987297654151917,,
superresolution,lakeside_beach,3,6,0.666,0.13359999999999997,0.22819071692139276,0.021496202796697617,1.7062759399414062,1.6287561655044556,1.0024505853652954,,
superresolution,lakeside_beach,3,7,0.777,0.08919999999999997,0.22819071692139276,0.02786899358034134,2.1150219440460205,1.9425623416900635,1.0020697116851807,,
superresolution,lakeside_beach,3,8,0.888,0.044799999999999986,0.22819071692139276,0.044657252728939056,2.4557292461395264,2.2769205570220947,0.998650312423706,,
superresolution,lakeside_beach,3,9,0.999,0.0004000000000000003,nan,0.14477470517158508,2.4557292461395264,2.2769205570220947,0.998650312423706,,
superresolution,sea_anemone,0,0,0.0,1.0,0.2000590571988071,0.009970428422093391,0.008588230237364769,1.4125196933746338,0.991515576839447,,
superresolution,sea_anemone,0,1,0.111,0.9722500000000001,0.2000590571988071,0.010642001405358315,0.008839147165417671,1.4069373607635498,1.0071277618408203,,
superresolution,sea_anemone,0,2,0.222,0.9445,0.2000590571988071,0.01062399335205555,0.0086993258446455,1.4070712327957153,0.9997060298919678,,
superresolution,sea_anemone,0,3,0.333,0.9167500000000001,0.2000590571988071,0.009873627685010433,0.008866471238434315,1.410660743713379,1.0002552270889282,,
superresolution,sea_anemone,0,4,0.444,0.889,0.2000590571988071,0.009073696099221706,0.008594900369644165,1.4112693071365356,0.9940018057823181,,
superresolution,sea_anemone,0,5,0.555,0.86125,0.2000590571988071,0.008365506306290627,0.008696296252310276,1.4094340801239014,1.019405722618103,,
superresolution,sea_anemone,0,6,0.666,0.8335,0.2000590571988071,0.007804953958839178,0.00879280548542738,1.4078178405761719,0.9842050671577454,,
superresolution,sea_anemone,0,7,0.777,0.80575,0.2000590571988071,0.0074211894534528255,0.008745837025344372,1.4077781438827515,1.0162402391433716,,
superresolution,sea_anemone,0,8,0.888,0.778,0.2000590571988071,0.00719289667904377,0.00880815926939249,1.4151614904403687,1.0055128335952759,,
superresolution,sea_anemone,0,9,0.999,0.75025,0.2000590571988071,0.007022725883871317,0.008668236434459686,1.411299705505371,0.991866946220398,,
superresolution,sea_anemone,1,0,0.0,0.8571428571428572,0.21108518838244975,0.013227979652583599,0.028209641575813293,0.9762387871742249,0.9993259906768799,,
superresolution,sea_anemone,1,1,0.111,0.8175000000000001,0.21108518838244975,0.012689127586781979,0.02936810813844204,0.9778628945350647,1.002347707748413,,
superresolution,sea_anemone,1,2,0.222,0.7778571428571429,0.21108518838244975,0.012317526154220104,0.028497058898210526,0.966834306716919,0.9948512315750122,,
superresolution,sea_anemone,1,3,0.333,0.7382142857142858,0.21108518838244975,0.012009454891085625,0.02903236448764801,0.9671064615249634,1.0042061805725098,,
superresolution,sea_anemone,1,4,0.444,0.6985714285714286,0.21108518838244975,0.011795909143984318,0.029016783460974693,0.9714416265487671,1.0136305093765259,,
superresolution,sea_anemone,1,5,0.555,0.6589285714285714,0.21108518838244975,0.011530348099768162,0.028800155967473984,0.9645997881889343,0.9947330355644226,,
superresolution,sea_anemone,1,6,0.666,0.6192857142857142,0.21108518838244975,0.011259624734520912,0.028597738593816757,0.9746712446212769,0.9880710244178772,,
superresolution,sea_anemone,1,7,0.777,0.5796428571428571,0.21108518838244975,0.010943361558020115,0.028795428574085236,0.9655556082725525,0.996627926826477,,
superresolution,sea_anemone,1,8,0.888,0.54,0.21108518838244975,0.010707459412515163,0.028802435845136642,0.9645755290985107,0.9929125905036926,,
superresolution,sea_anemone,1,9,0.999,0.5003571428571428,0.21108518838244975,0.010580291040241718,0.027624651789665222,0.9560004472732544,1.0031170845031738,,
superresolution,sea_anemone,2,0,0.0,0.6666666666666667,0.2203612135091675,0.011577649042010307,0.17982052266597748,0.9680094122886658,0.9995604753494263,,
superresolution,sea_anemone,2,1,0.111,0.6204166666666668,0.2203612135091675,0.011458246037364006,0.17503385245800018,0.9608595371246338,0.9986169338226318,,
superresolution,sea_anemone,2,2,0.222,0.5741666666666667,0.2203612135091675,0.011648545041680336,0.17504245042800903,0.9763275384902954,0.9988556504249573,,
superresolution,sea_anemone,2,3,0.333,0.5279166666666668,0.2203612135091675,0.011883500963449478,0.17009758949279785,0.9671520590782166,1.0001050233840942,,
superresolution,sea_anemone,2,4,0.444,0.48166666666666674,0.2203612135091675,0.01197701133787632,0.1622665375471115,0.9456239938735962,1.0000661611557007,,
superresolution,sea_anemone,2,5,0.555,0.4354166666666667,0.2203612135091675,0.012359649874269962,0.1503002643585205,0.9516353607177734,0.9965349435806274,,
superresolution,sea_anemone,2,6,0.666,0.38916666666666666,0.2203612135091675,0.012831875123083591,0.14300748705863953,0.9434548616409302,1.001779556274414,,
superresolution,sea_anemone,2,7,0.777,0.34291666666666665,0.2203612135091675,0.013585136272013187,0.14161211252212524,0.930682361125946,0.9948962330818176,,
superresolution,sea_anemone,2,8,0.888,0.2966666666666667,0.2203612135091675,0.014856654219329357,0.13252469897270203,0.9293257594108582,1.0026352405548096,,
superresolution,sea_anemone,2,9,0.999,0.2504166666666667,0.2203612135091675,0.016559859737753868,0.11766725778579712,0.9169280529022217,1.0021839141845703,,
superresolution,sea_anemone,3,0,0.0,0.3999999999999999,0.22819071692139276,0.009431982412934303,0.1589372605085373,0.9266237616539001,1.0020620822906494,,
superresolution,sea_anemone,3,1,0.111,0.3555999999999999,0.22819071692139276,0.01087617315351963,0.1524829864501953,0.9096039533615112,0.998856246471405,,
superresolution,sea_anemone,3,2,0.222,0.3111999999999999,0.22819071692139276,0.013747267425060272,0.940762996673584,1.2655668258666992,0.9987576603889465,,
superresolution,sea_anemone,3,3,0.333,0.2668,0.22819071692139276,0.01540498249232769,1.146042823791504,1.6752914190292358,0.9992904663085938,,
superresolution,sea_anemone,3,4,0.444,0.22239999999999996,0.22819071692139276,0.016522610560059547,1.314680814743042,1.9755409955978394,1.0000993013381958,,
superresolution,sea_anemone,3,5,0.555,0.17799999999999994,0.22819071692139276,0.01827741414308548,1.501204490661621,2.3545444011688232,0.9987297654151917,,
superresolution,sea_anemone,3,6,0.666,0.13359999999999997,0.22819071692139276,0.021496202796697617,1.7313865423202515,2.935697317123413,1.0024505853652954,,
superresolution,sea_anemone,3,7,0.777,0.08919999999999997,0.22819071692139276,0.02786899358034134,1.942079782485962,3.9140260219573975,1.0020697116851807,,
superresolution,sea_anemone,3,8,0.888,0.044799999999999986,0.22819071692139276,0.044657252728939056,2.084826707839966,5.1503801345825195,0.998650312423706,,
superresolution,sea_anemone,3,9,0.999,0.0004000000000000003,nan,0.14477470517158508,2.084826707839966,5.1503801345825195,0.998650312423706,,
superresolution,shetland_sheepdog,0,0,0.0,1.0,0.2000590571988071,0.009970428422093391,0.010900711640715599,1.5112632513046265,0.991515576839447,,
superresolution,shetland_sheepdog,0,1,0.111,0.9722500000000001,0.2000590571988071,0.010642001405358315,0.010263714008033276,1.5065709352493286,1.0071277618408203,,
superresolution,shetland_sheepdog,0,2,0.222,0.9445,0.2000590571988071,0.01062399335205555,0.010470601730048656,1.5067822933197021,0.9997060298919678,,
superresolution,shetland_sheepdog,0,3,0.333,0.9167500000000001,0.2000590571988071,0.009873627685010433,0.010581232607364655,1.5101174116134644,1.0002552270889282,,
superresolution,shetland_sheepdog,0,4,0.444,0.889,0.2000590571988071,0.009073696099221706,0.010567556135356426,1.5104676485061646,0.9940018057823181,,
superresolution,shetland_sheepdog,0,5,0.555,0.86125,0.2000590571988071,0.008365506306290627,0.010735212825238705,1.5090376138687134,1.019405722618103,,
superresolution,shetland_sheepdog,0,6,0.666,0.8335,0.2000590571988071,0.007804953958839178,0.010425485670566559,1.5073237419128418,0.9842050671577454,,
superresolution,shetland_sheepdog,0,7,0.777,0.80575,0.2000590571988071,0.0074211894534528255,0.010393278673291206,1.5076074600219727,1.0162402391433716,,
superresolution,shetland_sheepdog,0,8,0.888,0.778,0.2000590571988071,0.00719289667904377,0.010632496327161789,1.5142467021942139,1.0055128335952759,,
superresolution,shetland_sheepdog,0,9,0.999,0.75025,0.2000590571988071,0.007022725883871317,0.010647568851709366,1.5105241537094116,0.991866946220398,,
superresolution,shetland_sheepdog,1,0,0.0,0.8571428571428572,0.21108518838244975,0.013227979652583599,0.0289418064057827,0.9752528667449951,0.9993259906768799,,
superresolution,shetland_sheepdog,1,1,0.111,0.8175000000000001,0.21108518838244975,0.012689127586781979,0.029880907386541367,0.9780546426773071,1.002347707748413,,
superresolution,shetland_sheepdog,1,2,0.222,0.7778571428571429,0.21108518838244975,0.012317526154220104,0.02904680371284485,0.9685253500938416,0.9948512315750122,,
superresolution,shetland_sheepdog,1,3,0.333,0.7382142857142858,0.21108518838244975,0.012009454891085625,0.029709434136748314,0.9668601751327515,1.0042061805725098,,
superresolution,shetland_sheepdog,1,4,0.444,0.6985714285714286,0.21108518838244975,0.011795909143984318,0.029714716598391533,0.9722352623939514,1.0136305093765259,,
superresolution,shetland_sheepdog,1,5,0.555,0.6589285714285714,0.21108518838244975,0.011530348099768162,0.029325198382139206,0.9656121134757996,0.9947329759597778,,
superresolution,shetland_sheepdog,1,6,0.666,0.6192857142857142,0.21108518838244975,0.011259624734520912,0.029040401801466942,0.9756788015365601,0.9880710244178772,,
superresolution,shetland_sheepdog,1,7,0.777,0.5796428571428571,0.21108518838244975,0.010943361558020115,0.029226522892713547,0.9667973518371582,0.996627926826477,,
superresolution,shetland_sheepdog,1,8,0.888,0.54,0.21108518838244975,0.010707459412515163,0.02924296259880066,0.9658007621765137,0.9929125905036926,,
superresolution,shetland_sheepdog,1,9,0.999,0.5003571428571428,0.21108518838244975,0.010580291040241718,0.028125859797000885,0.956053614616394,1.0031170845031738,,
superresolution,shetland_sheepdog,2,0,0.0,0.6666666666666667,0.2203612135091675,0.011577649042010307,0.17858898639678955,0.96917724609375,0.9995604753494263,,
superresolution,shetland_sheepdog,2,1,0.111,0.6204166666666668,0.2203612135091675,0.011458246037364006,0.17433135211467743,0.9613280892372131,0.9986169338226318,,
superresolution,shetland_sheepdog,2,2,0.222,0.5741666666666667,0.2203612135091675,0.011648545041680336,0.1740773767232895,0.9781724810600281,0.9988556504249573,,
superresolution,shetland_sheepdog,2,3,0.333,0.5279166666666668,0.2203612135091675,0.011883500963449478,0.1695946455001831,0.9679306745529175,1.0001050233840942,,
superresolution,shetland_sheepdog,2,4,0.444,0.48166666666666674,0.2203612135091675,0.01197701133787632,0.16081538796424866,0.948104202747345,1.0000661611557007,,
superresolution,shetland_sheepdog,2,5,0.555,0.4354166666666667,0.2203612135091675,0.012359649874269962,0.14959806203842163,0.9537169933319092,0.9965349435806274,,
superresolution,shetland_sheepdog,2,6,0.666,0.38916666666666666,0.2203612135091675,0.012831875123083591,0.13623663783073425,0.9447232484817505,1.001779556274414,,
superresolution,shetland_sheepdog,2,7,0.777,0.34291666666666665,0.2203612135091675,0.013585136272013187,0.1844392716884613,0.9376500844955444,0.9948962330818176,,
superresolution,shetland_sheepdog,2,8,0.888,0.2966666666666667,0.2203612135091675,0.014856654219329357,0.2125174105167389,0.9464898109436035,1.0026352405548096,,
superresolution,shetland_sheepdog,2,9,0.999,0.2504166666666667,0.2203612135091675,0.016559859737753868,0.20329062640666962,0.9331308603286743,1.0021839141845703,,
superresolution,shetland_sheepdog,3,0,0.0,0.3999999999999999,0.22819071692139276,0.009431982412934303,0.15573595464229584,0.9327757358551025,1.0020620822906494,,
superresolution,shetland_sheepdog,3,1,0.111,0.3555999999999999,0.22819071692139276,0.01087617315351963,0.6292306780815125,0.9821077585220337,0.998856246471405,,
superresolution,shetland_sheepdog,3,2,0.222,0.3111999999999999,0.22819071692139276,0.013747267425060272,1.3816379308700562,1.457188606262207,0.9987576603889465,,
superresolution,shetland_sheepdog,3,3,0.333,0.2668,0.22819071692139276,0.01540498249232769,1.3049561977386475,1.622658610343933,0.9992904663085938,,
superresolution,shetland_sheepdog,3,4,0.444,0.22239999999999996,0.22819071692139276,0.016522610560059547,1.3147567510604858,1.7416239976882935,1.0000993013381958,,
superresolution,shetland_sheepdog,3,5,0.555,0.17799999999999994,0.22819071692139276,0.01827741414308548,1.4445847272872925,1.9280816316604614,0.9987297654151917,,
superresolution,shetland_sheepdog,3,6,0.666,0.13359999999999997,0.22819071692139276,0.021496202796697617,1.6361125707626343,2.244706392288208,1.0024505853652954,,
superresolution,shetland_sheepdog,3,7,0.777,0.08919999999999997,0.22819071692139276,0.02786899358034134,1.85325026512146,2.8008534908294678,1.0020697116851807,,
superresolution,shetland_sheepdog,3,8,0.888,0.044799999999999986,0.22819071692139276,0.044657252728939056,2.051482915878296,3.5123419761657715,0.998650312423706,,
superresolution,shetland_sheepdog,3,9,0.999,0.0004000000000000003,nan,0.14477470517158508,2.051482915878296,3.5123419761657715,0.998650312423706,,
