task,image,stage,step,tau,sigma_tau,s2,gamma2,mse_x1,meas_resid,x0_rms,mse_hole,mse_obs,blk1_cg_iters,blk1_cg_resid,blk1_cg_converged
box_inpainting,breastplate_armor,0,0,0.0,1.0,0.2000590571988071,0.009970428422093391,0.07056041061878204,2.382033348083496,0.9947441816329956,0.26991093158721924,0.0041102333925664425,16,8.333769983437378e-06,1
box_inpainting,breastplate_armor,0,1,0.111,0.9722500000000001,0.2000590571988071,0.010642001405358315,0.07136944681406021,2.3819046020507812,0.9973888397216797,0.2730766832828522,0.00413370318710804,13,8.070003786997404e-06,1
box_inpainting,breastplate_armor,0,2,0.222,0.9445,0.2000590571988071,0.01062399335205555,0.07156689465045929,2.3819422721862793,0.9829674363136292,0.27401718497276306,0.004083460196852684,13,8.116434401017614e-06,1
box_inpainting,breastplate_armor,0,3,0.333,0.9167500000000001,0.2000590571988071,0.009873627685010433,0.06802736967802048,2.381986379623413,0.9869840145111084,0.25984102487564087,0.0040894788689911366,13,8.007932592590805e-06,1
box_inpainting,breastplate_armor,0,4,0.444,0.889,0.2000590571988071,0.009073696099221706,0.06338382512331009,2.3820667266845703,0.9984487891197205,0.24104344844818115,0.004163946956396103,13,8.396739758609328e-06,1
box_inpainting,breastplate_armor,0,5,0.555,0.86125,0.2000590571988071,0.008365506306290627,0.07830382138490677,2.3819427490234375,0.9851222038269043,0.3008158206939697,0.004133154638111591,13,8.037649422476534e-06,1
box_inpainting,breastplate_armor,0,6,0.666,0.8335,0.2000590571988071,0.007804953958839178,0.059627361595630646,2.3819596767425537,1.0122591257095337,0.22607088088989258,0.004146192222833633,13,8.282680028059985e-06,1
box_inpainting,breastplate_armor,0,7,0.777,0.80575,0.2000590571988071,0.0074211894534528255,0.05292300879955292,2.382150650024414,1.0158469676971436,0.19942112267017365,0.004090310074388981,13,8.044067726586945e-06,1
box_inpainting,breastplate_armor,0,8,0.888,0.778,0.2000590571988071,0.00719289667904377,0.050997670739889145,2.3819594383239746,0.9899382591247559,0.19180893898010254,0.004060583654791117,13,7.865265615691897e-06,1
box_inpainting,breastplate_armor,0,9,0.999,0.75025,0.2000590571988071,0.007022725883871317,0.048315953463315964,2.3819093704223633,0.9699145555496216,0.18096911907196045,0.004098234698176384,13,7.952283340273425e-06,1
box_inpainting,breastplate_armor,1,0,0.0,0.8571428571428572,0.21108518838244975,0.013227979652583599,0.06818094849586487,2.0241715908050537,1.001232385635376,0.2594262659549713,0.00443250359967351,16,9.677311936684418e-06,1
box_inpainting,breastplate_armor,1,1,0.111,0.8175000000000001,0.21108518838244975,0.012689127586781979,0.061609964817762375,2.0242834091186523,1.0051027536392212,0.23315607011318207,0.004427928011864424,15,7.084945991664426e-06,1
box_inpainting,breastplate_armor,1,2,0.222,0.7778571428571429,0.21108518838244975,0.012317526154220104,0.06393542140722275,2.0245649814605713,1.0067402124404907,0.24244272708892822,0.004432986490428448,15,7.3445903581159655e-06,1
box_inpainting,breastplate_armor,1,3,0.333,0.7382142857142858,0.21108518838244975,0.012009454891085625,0.06677262485027313,2.0245532989501953,1.0015387535095215,0.2537943422794342,0.004432046785950661,15,7.030193955870345e-06,1
box_inpainting,breastplate_armor,1,4,0.444,0.6985714285714286,0.21108518838244975,0.011795909143984318,0.059081729501485825,2.0240232944488525,0.9979171752929688,0.22316306829452515,0.004387944005429745,15,7.016674317128491e-06,1
box_inpainting,breastplate_armor,1,5,0.555,0.6589285714285714,0.21108518838244975,0.011530348099768162,0.06144095957279205,2.024282455444336,1.005010962486267,0.2326701432466507,0.004364568740129471,15,7.080513114487985e-06,1
box_inpainting,breastplate_armor,1,6,0.666,0.6192857142857142,0.21108518838244975,0.011259624734520912,0.058730434626340866,2.0239503383636475,0.9920858144760132,0.22168655693531036,0.004411724861711264,15,7.219867256935686e-06,1
box_inpainting,breastplate_armor,1,7,0.777,0.5796428571428571,0.21108518838244975,0.010943361558020115,0.05186910554766655,2.0241482257843018,1.0061179399490356,0.19426369667053223,0.004404238425195217,15,6.783141543564852e-06,1
box_inpainting,breastplate_armor,1,8,0.888,0.54,0.21108518838244975,0.010707459412515163,0.059501226991415024,2.0244486331939697,1.0071406364440918,0.2246764451265335,0.004442816600203514,15,7.365550573013024e-06,1
box_inpainting,breastplate_armor,1,9,0.999,0.5003571428571428,0.21108518838244975,0.010580291040241718,0.051944464445114136,2.0240979194641113,0.9874954223632812,0.19436223804950714,0.0044718715362250805,15,9.963189768313896e-06,1
box_inpainting,breastplate_armor,2,0,0.0,0.6666666666666667,0.2203612135091675,0.011577649042010307,0.07211388647556305,1.5281949043273926,0.9937723875045776,0.25453028082847595,0.011308416724205017,20,8.954762051871512e-06,1
box_inpainting,breastplate_armor,2,1,0.111,0.6204166666666668,0.2203612135091675,0.011458246037364006,0.07375837862491608,1.5288057327270508,1.0020711421966553,0.26165786385536194,0.011125209741294384,19,8.331782737514004e-06,1
box_inpainting,breastplate_armor,2,2,0.222,0.5741666666666667,0.2203612135091675,0.011648545041680336,0.07680954784154892,1.5279879570007324,1.0010837316513062,0.27330175042152405,0.011312153190374374,19,8.450439054286107e-06,1
box_inpainting,breastplate_armor,2,3,0.333,0.5279166666666668,0.2203612135091675,0.011883500963449478,0.07407251000404358,1.5293703079223633,0.9983058571815491,0.26275065541267395,0.011179785244166851,19,7.717550943198148e-06,1
box_inpainting,breastplate_armor,2,4,0.444,0.48166666666666674,0.2203612135091675,0.01197701133787632,0.06957270205020905,1.528712511062622,0.9982717037200928,0.24468177556991577,0.011203005909919739,19,7.312542948056944e-06,1
box_inpainting,breastplate_armor,2,5,0.555,0.4354166666666667,0.2203612135091675,0.012359649874269962,0.06587020307779312,1.5288184881210327,1.0028070211410522,0.22987157106399536,0.01120307669043541,19,9.863869308901485e-06,1
box_inpainting,breastplate_armor,2,6,0.666,0.38916666666666666,nan,0.012831875123083591,0.06587020307779312,1.5288184881210327,1.0028070211410522,0.22987157106399536,0.01120307669043541,0,0.0,1
box_inpainting,breastplate_armor,2,7,0.777,0.34291666666666665,nan,0.013585136272013187,0.06587020307779312,1.5288184881210327,1.0028070211410522,0.22987157106399536,0.01120307669043541,0,0.0,1
box_inpainting,breastplate_armor,2,8,0.888,0.2966666666666667,nan,0.014856654219329357,0.06587020307779312,1.5288184881210327,1.0028070211410522,0.22987157106399536,0.01120307669043541,0,0.0,1
box_inpainting,breastplate_armor,2,9,0.999,0.2504166666666667,nan,0.016559859737753868,0.06587020307779312,1.5288184881210327,1.0028070211410522,0.22987157106399536,0.01120307669043541,0,0.0,1
box_inpainting,breastplate_armor,3,0,0.0,0.3999999999999999,0.22819071692139276,0.009431982412934303,0.06107808277010918,0.995452880859375,1.0014568567276,0.22962655127048492,0.004895257297903299,1,1.8548961477904413e-08,1
box_inpainting,breastplate_armor,3,1,0.111,0.3555999999999999,nan,0.01087617315351963,0.06107808277010918,0.995452880859375,1.0014568567276,0.22962655127048492,0.004895257297903299,0,0.0,1
box_inpainting,breastplate_armor,3,2,0.222,0.3111999999999999,nan,0.013747267425060272,0.06107808277010918,0.995452880859375,1.0014568567276,0.22962655127048492,0.004895257297903299,0,0.0,1
box_inpainting,breastplate_armor,3,3,0.333,0.2668,nan,0.01540498249232769,0.06107808277010918,0.995452880859375,1.0014568567276,0.22962655127048492,0.004895257297903299,0,0.0,1
box_inpainting,breastplate_armor,3,4,0.444,0.22239999999999996,nan,0.016522610560059547,0.06107808277010918,0.995452880859375,1.0014568567276,0.22962655127048492,0.004895257297903299,0,0.0,1
box_inpainting,breastplate_armor,3,5,0.555,0.17799999999999994,nan,0.01827741414308548,0.06107808277010918,0.995452880859375,1.0014568567276,0.22962655127048492,0.004895257297903299,0,0.0,1
box_inpainting,breastplate_armor,3,6,0.666,0.13359999999999997,nan,0.021496202796697617,0.06107808277010918,0.995452880859375,1.0014568567276,0.22962655127048492,0.004895257297903299,0,0.0,1
box_inpainting,breastplate_armor,3,7,0.777,0.08919999999999997,nan,0.02786899358034134,0.06107808277010918,0.995452880859375,1.0014568567276,0.22962655127048492,0.004895257297903299,0,0.0,1
box_inpainting,breastplate_armor,3,8,0.888,0.044799999999999986,nan,0.044657252728939056,0.06107808277010918,0.995452880859375,1.0014568567276,0.22962655127048492,0.004895257297903299,0,0.0,1
box_inpainting,breastplate_armor,3,9,0.999,0.0004000000000000003,nan,0.14477470517158508,0.06107808277010918,0.995452880859375,1.0014568567276,0.22962655127048492,0.004895257297903299,0,0.0,1
box_inpainting,crane_structure,0,0,0.0,1.0,0.2000590571988071,0.009970428422093391,0.12206979095935822,3.9435598850250244,0.9947441816329956,0.44705888628959656,0.013740073889493942,19,9.404343472851906e-06,1
box_inpainting,crane_structure,0,1,0.111,0.9722500000000001,0.2000590571988071,0.010642001405358315,0.1203661561012268,3.9434914588928223,0.9973888397216797,0.4406679570674896,0.013598889112472534,13,9.844868145592045e-06,1
box_inpainting,crane_structure,0,2,0.222,0.9445,0.2000590571988071,0.01062399335205555,0.11898060888051987,3.9435107707977295,0.9829674363136292,0.435237854719162,0.01356152631342411,13,9.897440577333327e-06,1
box_inpainting,crane_structure,0,3,0.333,0.9167500000000001,0.2000590571988071,0.009873627685010433,0.11315293610095978,3.943527936935425,0.9869840145111084,0.4116860628128052,0.013641900382936,13,9.766828952706419e-06,1
box_inpainting,crane_structure,0,4,0.444,0.889,0.2000590571988071,0.009073696099221706,0.1417730450630188,3.943584680557251,0.9984487891197205,0.5260270237922668,0.013688374310731888,14,9.89950967777986e-06,1
box_inpainting,crane_structure,0,5,0.555,0.86125,0.2000590571988071,0.008365506306290627,0.10036107152700424,3.9435131549835205,0.9851222038269043,0.3607754707336426,0.013556260615587234,13,9.808654795051552e-06,1
box_inpainting,crane_structure,0,6,0.666,0.8335,0.2000590571988071,0.007804953958839178,0.0964602455496788,3.9435203075408936,1.0122591257095337,0.3450279235839844,0.013604347594082355,14,9.708312063594349e-06,1
box_inpainting,crane_structure,0,7,0.777,0.80575,0.2000590571988071,0.0074211894534528255,0.10585948079824448,3.9436326026916504,1.0158469676971436,0.3823107182979584,0.01370907947421074,13,9.803939974517561e-06,1
box_inpainting,crane_structure,0,8,0.888,0.778,0.2000590571988071,0.00719289667904377,0.10666733235120773,3.9435203075408936,0.9899382591247559,0.38554397225379944,0.013708451762795448,13,9.592101378075313e-06,1
box_inpainting,crane_structure,0,9,0.999,0.75025,0.2000590571988071,0.007022725883871317,0.08965309709310532,3.943488121032715,0.9699146151542664,0.3178456127643585,0.013588931411504745,13,9.707326171337627e-06,1
box_inpainting,crane_structure,1,0,0.0,0.8571428571428572,0.21108518838244975,0.013227979652583599,0.12062176316976547,3.0429983139038086,1.001232385635376,0.41699400544166565,0.02183101512491703,19,8.868787517712917e-06,1
box_inpainting,crane_structure,1,1,0.111,0.8175000000000001,0.21108518838244975,0.012689127586781979,0.11029519885778427,3.0430657863616943,1.0051027536392212,0.37628960609436035,0.021630406379699707,15,8.454875569441356e-06,1
box_inpainting,crane_structure,1,2,0.222,0.7778571428571429,0.21108518838244975,0.012317526154220104,0.11045020073652267,3.0432424545288086,1.0067402124404907,0.3764021396636963,0.02179955504834652,15,8.758310286793858e-06,1
box_inpainting,crane_structure,1,3,0.333,0.7382142857142858,0.21108518838244975,0.012009454891085625,0.10989420861005783,3.0432610511779785,1.0015387535095215,0.37469765543937683,0.021626396104693413,15,8.377084668609314e-06,1
box_inpainting,crane_structure,1,4,0.444,0.6985714285714286,0.21108518838244975,0.011795909143984318,0.1002337783575058,3.042896270751953,0.9979171752929688,0.3357287645339966,0.021735452115535736,15,8.364809218619484e-06,1
box_inpainting,crane_structure,1,5,0.555,0.6589285714285714,0.21108518838244975,0.011530348099768162,0.09727504849433899,3.043078899383545,1.005010962486267,0.32416197657585144,0.021646061912178993,15,8.434660230705049e-06,1
box_inpainting,crane_structure,1,6,0.666,0.6192857142857142,0.21108518838244975,0.011259624734520912,0.10565020889043808,3.0428614616394043,0.9920858144760132,0.35733842849731445,0.021754136309027672,15,8.605267794337124e-06,1
box_inpainting,crane_structure,1,7,0.777,0.5796428571428571,0.21108518838244975,0.010943361558020115,0.09352316707372665,3.0429677963256836,1.0061179399490356,0.30879732966423035,0.021765105426311493,15,8.097987119981553e-06,1
box_inpainting,crane_structure,1,8,0.888,0.54,0.21108518838244975,0.010707459412515163,0.09537738561630249,3.0431766510009766,1.0071406364440918,0.31647443771362305,0.021678350865840912,15,8.787545084487647e-06,1
box_inpainting,crane_structure,1,9,0.999,0.5003571428571428,0.21108518838244975,0.010580291040241718,0.09155945479869843,3.042940139770508,0.9874954223632812,0.30087172985076904,0.02178867906332016,15,7.818684025551192e-06,1
box_inpainting,crane_structure,2,0,0.0,0.6666666666666667,0.2203612135091675,0.011577649042010307,0.10076375305652618,2.042064905166626,0.9937723875045776,0.3351496756076813,0.022635115310549736,22,9.626320206734817e-06,1
box_inpainting,crane_structure,2,1,0.111,0.6204166666666668,0.2203612135091675,0.011458246037364006,0.10261015594005585,2.0427122116088867,1.0020711421966553,0.34311413764953613,0.022442152723670006,19,9.665035577199887e-06,1
box_inpainting,crane_structure,2,2,0.222,0.5741666666666667,0.2203612135091675,0.011648545041680336,0.10097384452819824,2.041905641555786,1.0010837316513062,0.3360912799835205,0.02260136976838112,19,9.804332876228727e-06,1
box_inpainting,crane_structure,2,3,0.333,0.5279166666666668,0.2203612135091675,0.011883500963449478,0.09935593605041504,2.0428194999694824,0.9983058571815491,0.32894983887672424,0.022824641317129135,19,8.971082024800126e-06,1
box_inpainting,crane_structure,2,4,0.444,0.48166666666666674,0.2203612135091675,0.01197701133787632,0.10064887255430222,2.0423202514648438,0.9982717037200928,0.33430802822113037,0.022762488573789597,19,8.485979378747288e-06,1
box_inpainting,crane_structure,2,5,0.555,0.4354166666666667,0.2203612135091675,0.012359649874269962,0.09704570472240448,2.042362928390503,1.0028070211410522,0.3196304440498352,0.02285078912973404,19,7.657610694877803e-06,1
box_inpainting,crane_structure,2,6,0.666,0.38916666666666666,nan,0.012831875123083591,0.09704570472240448,2.042362928390503,1.0028070211410522,0.3196304440498352,0.02285078912973404,0,0.0,1
box_inpainting,crane_structure,2,7,0.777,0.34291666666666665,nan,0.013585136272013187,0.09704570472240448,2.042362928390503,1.0028070211410522,0.3196304440498352,0.02285078912973404,0,0.0,1
box_inpainting,crane_structure,2,8,0.888,0.2966666666666667,nan,0.014856654219329357,0.09704570472240448,2.042362928390503,1.0028070211410522,0.3196304440498352,0.02285078912973404,0,0.0,1
box_inpainting,crane_structure,2,9,0.999,0.2504166666666667,nan,0.016559859737753868,0.09704570472240448,2.042362928390503,1.0028070211410522,0.3196304440498352,0.02285078912973404,0,0.0,1
box_inpainting,crane_structure,3,0,0.0,0.3999999999999999,0.22819071692139276,0.009431982412934303,0.07988087832927704,0.9935899376869202,1.0014568567276,0.30481892824172974,0.004901526030153036,1,3.4400585491312086e-08,1
box_inpainting,crane_structure,3,1,0.111,0.3555999999999999,nan,0.01087617315351963,0.07988087832927704,0.9935899376869202,1.0014568567276,0.30481892824172974,0.004901526030153036,0,0.0,1
box_inpainting,crane_structure,3,2,0.222,0.3111999999999999,nan,0.013747267425060272,0.07988087832927704,0.9935899376869202,1.0014568567276,0.30481892824172974,0.004901526030153036,0,0.0,1
box_inpainting,crane_structure,3,3,0.333,0.2668,nan,0.01540498249232769,0.07988087832927704,0.9935899376869202,1.0014568567276,0.30481892824172974,0.004901526030153036,0,0.0,1
box_inpainting,crane_structure,3,4,0.444,0.22239999999999996,nan,0.016522610560059547,0.07988087832927704,0.9935899376869202,1.0014568567276,0.30481892824172974,0.004901526030153036,0,0.0,1
box_inpainting,crane_structure,3,5,0.555,0.17799999999999994,nan,0.01827741414308548,0.07988087832927704,0.9935899376869202,1.0014568567276,0.30481892824172974,0.004901526030153036,0,0.0,1
box_inpainting,crane_structure,3,6,0.666,0.13359999999999997,nan,0.021496202796697617,0.07988087832927704,0.9935899376869202,1.0014568567276,0.30481892824172974,0.004901526030153036,0,0.0,1
box_inpainting,crane_structure,3,7,0.777,0.08919999999999997,nan,0.02786899358034134,0.07988087832927704,0.9935899376869202,1.0014568567276,0.30481892824172974,0.004901526030153036,0,0.0,1
box_inpainting,crane_structure,3,8,0.888,0.044799999999999986,nan,0.044657252728939056,0.07988087832927704,0.9935899376869202,1.0014568567276,0.30481892824172974,0.004901526030153036,0,0.0,1
box_inpainting,crane_structure,3,9,0.999,0.0004000000000000003,nan,0.14477470517158508,0.07988087832927704,0.9935899376869202,1.0014568567276,0.30481892824172974,0.004901526030153036,0,0.0,1
box_inpainting,ibex_horns,0,0,0.0,1.0,0.2000590571988071,0.009970428422093391,0.10202816128730774,3.529332160949707,0.9947441816329956,0.35295701026916504,0.01838521845638752,19,7.631963853782509e-06,1
box_inpainting,ibex_horns,0,1,0.111,0.9722500000000001,0.2000590571988071,0.010642001405358315,0.09918420016765594,3.529247283935547,0.9973888397216797,0.341825008392334,0.018303928896784782,14,8.23556911200285e-06,1
box_inpainting,ibex_horns,0,2,0.222,0.9445,0.2000590571988071,0.01062399335205555,0.0970219224691391,3.529275894165039,0.9829674363136292,0.3331877887248993,0.018299954012036324,14,7.7908835010021e-06,1
box_inpainting,ibex_horns,0,3,0.333,0.9167500000000001,0.2000590571988071,0.009873627685010433,0.10941442102193832,3.5292985439300537,0.9869840145111084,0.38243547081947327,0.01840740442276001,14,7.958076821523719e-06,1
box_inpainting,ibex_horns,0,4,0.444,0.889,0.2000590571988071,0.009073696099221706,0.09647402167320251,3.5293538570404053,0.9984487891197205,0.3307074308395386,0.01839621551334858,14,8.464618076686747e-06,1
box_inpainting,ibex_horns,0,5,0.555,0.86125,0.2000590571988071,0.008365506306290627,0.13574358820915222,3.5292696952819824,0.9851222038269043,0.4876972436904907,0.018425695598125458,14,8.08118966233451e-06,1
box_inpainting,ibex_horns,0,6,0.666,0.8335,0.2000590571988071,0.007804953958839178,0.11892195791006088,3.5292766094207764,1.0122591257095337,0.42043057084083557,0.018419066444039345,14,8.160145625879522e-06,1
box_inpainting,ibex_horns,0,7,0.777,0.80575,0.2000590571988071,0.0074211894534528255,0.0869031548500061,3.5294106006622314,1.0158469676971436,0.292362242937088,0.01841677352786064,14,7.95940650277771e-06,1
box_inpainting,ibex_horns,0,8,0.888,0.778,0.2000590571988071,0.00719289667904377,0.09631850570440292,3.5292882919311523,0.9899382591247559,0.3300943672657013,0.018393201753497124,14,7.692691724514589e-06,1
box_inpainting,ibex_horns,0,9,0.999,0.75025,0.2000590571988071,0.007022725883871317,0.09752868115901947,3.5292487144470215,0.9699145555496216,0.3350783586502075,0.018345460295677185,14,7.967360033944715e-06,1
box_inpainting,ibex_horns,1,0,0.0,0.8571428571428572,0.21108518838244975,0.013227979652583599,0.12263178080320358,2.646728515625,1.001232385635376,0.44446468353271484,0.015354130417108536,19,9.847648470895365e-06,1
box_inpainting,ibex_horns,1,1,0.111,0.8175000000000001,0.21108518838244975,0.012689127586781979,0.10286989063024521,2.64680814743042,1.0051027536392212,0.36519765853881836,0.015427284874022007,16,9.855344615061767e-06,1
box_inpainting,ibex_horns,1,2,0.222,0.7778571428571429,0.21108518838244975,0.012317526154220104,0.12594681978225708,2.647014856338501,1.0067402124404907,0.4575134813785553,0.01542458776384592,16,9.8408436315367e-06,1
box_inpainting,ibex_horns,1,3,0.333,0.7382142857142858,0.21108518838244975,0.012009454891085625,0.13439249992370605,2.647015333175659,1.0015387535095215,0.4912416636943817,0.015442784875631332,16,9.95891332422616e-06,1
box_inpainting,ibex_horns,1,4,0.444,0.6985714285714286,0.21108518838244975,0.011795909143984318,0.11836165189743042,2.6466033458709717,0.9979171752929688,0.4270378649234772,0.01546959113329649,16,9.871579095488414e-06,1
box_inpainting,ibex_horns,1,5,0.555,0.6589285714285714,0.21108518838244975,0.011530348099768162,0.11085955798625946,2.646813154220581,1.005010962486267,0.3972727358341217,0.01538849901407957,16,9.663165656093042e-06,1
box_inpainting,ibex_horns,1,6,0.666,0.6192857142857142,0.21108518838244975,0.011259624734520912,0.09810468554496765,2.646583318710327,0.9920858144760132,0.34601855278015137,0.015466743148863316,16,9.593332833901513e-06,1
box_inpainting,ibex_horns,1,7,0.777,0.5796428571428571,0.21108518838244975,0.010943361558020115,0.0999356135725975,2.6467409133911133,1.0061179399490356,0.35382428765296936,0.015306053683161736,16,9.829138434724882e-06,1
box_inpainting,ibex_horns,1,8,0.888,0.54,0.21108518838244975,0.010707459412515163,0.0933590978384018,2.6469407081604004,1.0071406364440918,0.32707157731056213,0.015454924665391445,16,9.900208169710822e-06,1
box_inpainting,ibex_horns,1,9,0.999,0.5003571428571428,0.21108518838244975,0.010580291040241718,0.09074583649635315,2.64666485786438,0.9874954223632812,0.3166966438293457,0.015428896993398666,15,9.815843441174366e-06,1
box_inpainting,ibex_horns,2,0,0.0,0.6666666666666667,0.2203612135091675,0.011577649042010307,0.10664229840040207,1.866395115852356,0.9937723875045776,0.37382975220680237,0.01757979765534401,22,8.28256452223286e-06,1
box_inpainting,ibex_horns,2,1,0.111,0.6204166666666668,0.2203612135091675,0.011458246037364006,0.10584976524114609,1.866745948791504,1.0020711421966553,0.3703610897064209,0.017679311335086823,20,8.359683306480292e-06,1
box_inpainting,ibex_horns,2,2,0.222,0.5741666666666667,0.2203612135091675,0.011648545041680336,0.09984959661960602,1.8662407398223877,1.0010837316513062,0.34655919671058655,0.017613044008612633,20,8.32904152048286e-06,1
box_inpainting,ibex_horns,2,3,0.333,0.5279166666666668,0.2203612135091675,0.011883500963449478,0.10233010351657867,1.8674023151397705,0.9983058571815491,0.3568163812160492,0.0175013467669487,20,7.454457318090135e-06,1
box_inpainting,ibex_horns,2,4,0.444,0.48166666666666674,0.2203612135091675,0.01197701133787632,0.0963057205080986,1.8667415380477905,0.9982717037200928,0.3324989378452301,0.017574645578861237,20,9.874986062641256e-06,1
box_inpainting,ibex_horns,2,5,0.555,0.4354166666666667,0.2203612135091675,0.012359649874269962,0.09455427527427673,1.8668837547302246,1.0028070211410522,0.32547807693481445,0.017579667270183563,19,9.390644663653802e-06,1
box_inpainting,ibex_horns,2,6,0.666,0.38916666666666666,nan,0.012831875123083591,0.09455427527427673,1.8668837547302246,1.0028070211410522,0.32547807693481445,0.017579667270183563,0,0.0,1
box_inpainting,ibex_horns,2,7,0.777,0.34291666666666665,nan,0.013585136272013187,0.09455427527427673,1.8668837547302246,1.0028070211410522,0.32547807693481445,0.017579667270183563,0,0.0,1
box_inpainting,ibex_horns,2,8,0.888,0.2966666666666667,nan,0.014856654219329357,0.09455427527427673,1.8668837547302246,1.0028070211410522,0.32547807693481445,0.017579667270183563,0,0.0,1
box_inpainting,ibex_horns,2,9,0.999,0.2504166666666667,nan,0.016559859737753868,0.09455427527427673,1.8668837547302246,1.0028070211410522,0.32547807693481445,0.017579667270183563,0,0.0,1
box_inpainting,ibex_horns,3,0,0.0,0.3999999999999999,0.22819071692139276,0.009431982412934303,0.08197034895420074,0.9950739145278931,1.0014568567276,0.31320396065711975,0.0048924717120826244,1,2.3638513368950953e-08,1
box_inpainting,ibex_horns,3,1,0.111,0.3555999999999999,nan,0.01087617315351963,0.08197034895420074,0.9950739145278931,1.0014568567276,0.31320396065711975,0.0048924717120826244,0,0.0,1
box_inpainting,ibex_horns,3,2,0.222,0.3111999999999999,nan,0.013747267425060272,0.08197034895420074,0.9950739145278931,1.0014568567276,0.31320396065711975,0.0048924717120826244,0,0.0,1
box_inpainting,ibex_horns,3,3,0.333,0.2668,nan,0.01540498249232769,0.08197034895420074,0.9950739145278931,1.0014568567276,0.31320396065711975,0.0048924717120826244,0,0.0,1
box_inpainting,ibex_horns,3,4,0.444,0.22239999999999996,nan,0.016522610560059547,0.08197034895420074,0.9950739145278931,1.0014568567276,0.31320396065711975,0.0048924717120826244,0,0.0,1
box_inpainting,ibex_horns,3,5,0.555,0.17799999999999994,nan,0.01827741414308548,0.08197034895420074,0.9950739145278931,1.0014568567276,0.31320396065711975,0.0048924717120826244,0,0.0,1
box_inpainting,ibex_horns,3,6,0.666,0.13359999999999997,nan,0.021496202796697617,0.08197034895420074,0.9950739145278931,1.0014568567276,0.31320396065711975,0.0048924717120826244,0,0.0,1
box_inpainting,ibex_horns,3,7,0.777,0.08919999999999997,nan,0.02786899358034134,0.08197034895420074,0.9950739145278931,1.0014568567276,0.31320396065711975,0.0048924717120826244,0,0.0,1
box_inpainting,ibex_horns,3,8,0.888,0.044799999999999986,nan,0.044657252728939056,0.08197034895420074,0.9950739145278931,1.0014568567276,0.31320396065711975,0.0048924717120826244,0,0.0,1
box_inpainting,ibex_horns,3,9,0.999,0.0004000000000000003,nan,0.14477470517158508,0.08197034895420074,0.9950739145278931,1.0014568567276,0.31320396065711975,0.0048924717120826244,0,0.0,1
box_inpainting,junco,0,0,0.0,1.0,0.2000590571988071,0.009970428422093391,0.07056545466184616,1.9352397918701172,0.9947441816329956,0.25838398933410645,0.00795927457511425,19,9.961506293620914e-06,1
box_inpainting,junco,0,1,0.111,0.9722500000000001,0.2000590571988071,0.010642001405358315,0.07078675180673599,1.9350849390029907,0.9973888397216797,0.25942859053611755,0.007906138896942139,16,9.798918654269073e-06,1
box_inpainting,junco,0,2,0.222,0.9445,0.2000590571988071,0.01062399335205555,0.06568539142608643,1.9351239204406738,0.9829674363136292,0.23864097893238068,0.00803352426737547,16,9.931171916832682e-06,1
box_inpainting,junco,0,3,0.333,0.9167500000000001,0.2000590571988071,0.009873627685010433,0.06904112547636032,1.9351732730865479,0.9869840145111084,0.25236979126930237,0.007931564003229141,16,9.889030479826033e-06,1
box_inpainting,junco,0,4,0.444,0.889,0.2000590571988071,0.009073696099221706,0.06315405666828156,1.9352788925170898,0.9984487891197205,0.22862036526203156,0.00799862015992403,16,9.96156086330302e-06,1
box_inpainting,junco,0,5,0.555,0.86125,0.2000590571988071,0.008365506306290627,0.0863875150680542,1.9351202249526978,0.9851222038269043,0.32154354453086853,0.008002165704965591,16,9.972434781957418e-06,1
box_inpainting,junco,0,6,0.666,0.8335,0.2000590571988071,0.007804953958839178,0.08182142674922943,1.9351387023925781,1.0122591257095337,0.3034025728702545,0.007961045019328594,16,9.910111657518428e-06,1
box_inpainting,junco,0,7,0.777,0.80575,0.2000590571988071,0.0074211894534528255,0.06056387349963188,1.9353746175765991,1.0158469676971436,0.21805287897586823,0.008067537099123001,16,9.585717634763569e-06,1
box_inpainting,junco,0,8,0.888,0.778,0.2000590571988071,0.00719289667904377,0.0667392760515213,1.935149908065796,0.9899382591247559,0.24287573993206024,0.008027119562029839,16,9.934682566381525e-06,1
box_inpainting,junco,0,9,0.999,0.75025,0.2000590571988071,0.007022725883871317,0.06252823770046234,1.9350892305374146,0.9699145555496216,0.22649209201335907,0.00787360779941082,16,9.83056361292256e-06,1
box_inpainting,junco,1,0,0.0,0.8571428571428572,0.21108518838244975,0.013227979652583599,0.08172203600406647,1.4852042198181152,1.001232385635376,0.31132128834724426,0.0051889484748244286,19,9.562540981278289e-06,1
box_inpainting,junco,1,1,0.111,0.8175000000000001,0.21108518838244975,0.012689127586781979,0.07056059688329697,1.4853081703186035,1.0051027536392212,0.2666691541671753,0.005191071890294552,17,8.861485184752382e-06,1
box_inpainting,junco,1,2,0.222,0.7778571428571429,0.21108518838244975,0.012317526154220104,0.07658472657203674,1.485710620880127,1.0067402124404907,0.2906250059604645,0.005237965378910303,17,8.724134204385336e-06,1
box_inpainting,junco,1,3,0.333,0.7382142857142858,0.21108518838244975,0.012009454891085625,0.07910920679569244,1.4856830835342407,1.0015387535095215,0.30081459879875183,0.005207402165979147,17,8.25723782327259e-06,1
box_inpainting,junco,1,4,0.444,0.6985714285714286,0.21108518838244975,0.011795909143984318,0.0743207111954689,1.4849351644515991,0.9979171752929688,0.2815844714641571,0.005232782103121281,17,8.273425009974744e-06,1
box_inpainting,junco,1,5,0.555,0.6589285714285714,0.21108518838244975,0.011530348099768162,0.07031100988388062,1.4853187799453735,1.005010962486267,0.2655666470527649,0.005225793458521366,17,8.366683687199838e-06,1
box_inpainting,junco,1,6,0.666,0.6192857142857142,0.21108518838244975,0.011259624734520912,0.06711342930793762,1.4849014282226562,0.9920858144760132,0.25305870175361633,0.005131666082888842,17,8.500555850332603e-06,1
box_inpainting,junco,1,7,0.777,0.5796428571428571,0.21108518838244975,0.010943361558020115,0.06841562688350677,1.4851642847061157,1.0061179399490356,0.2581334710121155,0.005176347680389881,17,8.117652214423288e-06,1
box_inpainting,junco,1,8,0.888,0.54,0.21108518838244975,0.010707459412515163,0.0661422461271286,1.485532522201538,1.0071406364440918,0.24886982142925262,0.0052330526523292065,17,8.82257882039994e-06,1
box_inpainting,junco,1,9,0.999,0.5003571428571428,0.21108518838244975,0.010580291040241718,0.05836932361125946,1.4851014614105225,0.9874954223632812,0.2180141806602478,0.0051543680019676685,17,8.063968380156439e-06,1
box_inpainting,junco,2,0,0.0,0.6666666666666667,0.2203612135091675,0.011577649042010307,0.08385902643203735,1.1866776943206787,0.9937723875045776,0.3119916021823883,0.007814833894371986,23,7.812484000169206e-06,1
box_inpainting,junco,2,1,0.111,0.6204166666666668,0.2203612135091675,0.011458246037364006,0.08230946213006973,1.1873563528060913,1.0020711421966553,0.30558863282203674,0.00788306724280119,22,8.049476491578389e-06,1
box_inpainting,junco,2,2,0.222,0.5741666666666667,0.2203612135091675,0.011648545041680336,0.0850825160741806,1.186348557472229,1.0010837316513062,0.31713947653770447,0.0077301859855651855,22,7.699723028053995e-06,1
box_inpainting,junco,2,3,0.333,0.5279166666666668,0.2203612135091675,0.011883500963449478,0.08125299215316772,1.1880909204483032,0.9983058571815491,0.30146387219429016,0.007849365472793579,22,9.938436960510444e-06,1
box_inpainting,junco,2,4,0.444,0.48166666666666674,0.2203612135091675,0.01197701133787632,0.07896693050861359,1.1872122287750244,0.9982717037200928,0.29249659180641174,0.007790377363562584,21,9.90366424957756e-06,1
box_inpainting,junco,2,5,0.555,0.4354166666666667,0.2203612135091675,0.012359649874269962,0.08426441997289658,1.1873879432678223,1.0028070211410522,0.3137247860431671,0.007777614519000053,21,8.660074854560662e-06,1
box_inpainting,junco,2,6,0.666,0.38916666666666666,nan,0.012831875123083591,0.08426441997289658,1.1873879432678223,1.0028070211410522,0.3137247860431671,0.007777614519000053,0,0.0,1
box_inpainting,junco,2,7,0.777,0.34291666666666665,nan,0.013585136272013187,0.08426441997289658,1.1873879432678223,1.0028070211410522,0.3137247860431671,0.007777614519000053,0,0.0,1
box_inpainting,junco,2,8,0.888,0.2966666666666667,nan,0.014856654219329357,0.08426441997289658,1.1873879432678223,1.0028070211410522,0.3137247860431671,0.007777614519000053,0,0.0,1
box_inpainting,junco,2,9,0.999,0.2504166666666667,nan,0.016559859737753868,0.08426441997289658,1.1873879432678223,1.0028070211410522,0.3137247860431671,0.007777614519000053,0,0.0,1
box_inpainting,junco,3,0,0.0,0.3999999999999999,0.22819071692139276,0.009431982412934303,0.0757203921675682,0.9938223958015442,1.0014568567276,0.2882431447505951,0.004879476502537727,1,4.8827960341668586e-08,1
box_inpainting,junco,3,1,0.111,0.3555999999999999,nan,0.01087617315351963,0.0757203921675682,0.9938223958015442,1.0014568567276,0.2882431447505951,0.004879476502537727,0,0.0,1
box_inpainting,junco,3,2,0.222,0.3111999999999999,nan,0.013747267425060272,0.0757203921675682,0.9938223958015442,1.0014568567276,0.2882431447505951,0.004879476502537727,0,0.0,1
box_inpainting,junco,3,3,0.333,0.2668,nan,0.01540498249232769,0.0757203921675682,0.9938223958015442,1.0014568567276,0.2882431447505951,0.004879476502537727,0,0.0,1
box_inpainting,junco,3,4,0.444,0.22239999999999996,nan,0.016522610560059547,0.0757203921675682,0.9938223958015442,1.0014568567276,0.2882431447505951,0.004879476502537727,0,0.0,1
box_inpainting,junco,3,5,0.555,0.17799999999999994,nan,0.01827741414308548,0.0757203921675682,0.9938223958015442,1.0014568567276,0.2882431447505951,0.004879476502537727,0,0.0,1
box_inpainting,junco,3,6,0.666,0.13359999999999997,nan,0.021496202796697617,0.0757203921675682,0.9938223958015442,1.0014568567276,0.2882431447505951,0.004879476502537727,0,0.0,1
box_inpainting,junco,3,7,0.777,0.08919999999999997,nan,0.02786899358034134,0.0757203921675682,0.9938223958015442,1.0014568567276,0.2882431447505951,0.004879476502537727,0,0.0,1
box_inpainting,junco,3,8,0.888,0.044799999999999986,nan,0.044657252728939056,0.0757203921675682,0.9938223958015442,1.0014568567276,0.2882431447505951,0.004879476502537727,0,0.0,1
box_inpainting,junco,3,9,0.999,0.0004000000000000003,nan,0.14477470517158508,0.0757203921675682,0.9938223958015442,1.0014568567276,0.2882431447505951,0.004879476502537727,0,0.0,1
box_inpainting,lakeside_beach,0,0,0.0,1.0,0.2000590571988071,0.009970428422093391,0.04910790175199509,1.7810664176940918,0.9947441816329956,0.19163133203983307,0.00160008086822927,17,7.498352715629153e-06,1
box_inpainting,lakeside_beach,0,1,0.111,0.9722500000000001,0.2000590571988071,0.010642001405358315,0.048718325793743134,1.7809029817581177,0.9973888397216797,0.19008393585681915,0.0015964510384947062,15,9.301947102358099e-06,1
box_inpainting,lakeside_beach,0,2,0.222,0.9445,0.2000590571988071,0.01062399335205555,0.04701874777674675,1.7809381484985352,0.9829674363136292,0.18327398598194122,0.0016003311611711979,15,9.872013833955862e-06,1
box_inpainting,lakeside_beach,0,3,0.333,0.9167500000000001,0.2000590571988071,0.009873627685010433,0.05128999054431915,1.7809934616088867,0.9869840145111084,0.20032398402690887,0.001612002495676279,15,7.513714081142098e-06,1
box_inpainting,lakeside_beach,0,4,0.444,0.889,0.2000590571988071,0.009073696099221706,0.045685142278671265,1.7811133861541748,0.9984487891197205,0.17789940536022186,0.0016137153143063188,15,8.208515282603912e-06,1
box_inpainting,lakeside_beach,0,5,0.555,0.86125,0.2000590571988071,0.008365506306290627,0.06571779400110245,1.7809418439865112,0.9851222038269043,0.2580031156539917,0.0016226861625909805,15,7.328157607844332e-06,1
box_inpainting,lakeside_beach,0,6,0.666,0.8335,0.2000590571988071,0.007804953958839178,0.047531478106975555,1.78095543384552,1.0122591257095337,0.18532098829746246,0.0016016337322071195,15,7.716627806075849e-06,1
box_inpainting,lakeside_beach,0,7,0.777,0.80575,0.2000590571988071,0.0074211894534528255,0.04442587122321129,1.7812188863754272,1.0158469676971436,0.17292112112045288,0.0015941192395985126,15,7.395933607767802e-06,1
box_inpainting,lakeside_beach,0,8,0.888,0.778,0.2000590571988071,0.00719289667904377,0.04525069519877434,1.780964732170105,0.9899382591247559,0.17611415684223175,0.0016295340610668063,15,7.538879344792804e-06,1
box_inpainting,lakeside_beach,0,9,0.999,0.75025,0.2000590571988071,0.007022725883871317,0.03989448770880699,1.780900001525879,0.9699145555496216,0.15469391644001007,0.001628002617508173,15,7.765628652123269e-06,1
box_inpainting,lakeside_beach,1,0,0.0,0.8571428571428572,0.21108518838244975,0.013227979652583599,0.058721765875816345,1.4808663129806519,1.001232385635376,0.2266588658094406,0.0027427307795733213,18,7.156662377383327e-06,1
box_inpainting,lakeside_beach,1,1,0.111,0.8175000000000001,0.21108518838244975,0.012689127586781979,0.05457033962011337,1.480992317199707,1.0051027536392212,0.21005280315876007,0.0027428402099758387,17,9.96067319647409e-06,1
box_inpainting,lakeside_beach,1,2,0.222,0.7778571428571429,0.21108518838244975,0.012317526154220104,0.05269411951303482,1.4813979864120483,1.0067402124404907,0.20256243646144867,0.0027380131650716066,17,9.8523350970936e-06,1
box_inpainting,lakeside_beach,1,3,0.333,0.7382142857142858,0.21108518838244975,0.012009454891085625,0.05499780923128128,1.4813615083694458,1.0015387535095215,0.21175484359264374,0.0027454602532088757,17,9.783299901755527e-06,1
box_inpainting,lakeside_beach,1,4,0.444,0.6985714285714286,0.21108518838244975,0.011795909143984318,0.054613396525382996,1.4806395769119263,0.9979171752929688,0.21022534370422363,0.0027427428867667913,17,9.975492503144778e-06,1
box_inpainting,lakeside_beach,1,5,0.555,0.6589285714285714,0.21108518838244975,0.011530348099768162,0.05239906162023544,1.4809951782226562,1.005010962486267,0.2014576643705368,0.0027128623332828283,17,9.933801266015507e-06,1
box_inpainting,lakeside_beach,1,6,0.666,0.6192857142857142,0.21108518838244975,0.011259624734520912,0.05249692127108574,1.4805636405944824,0.9920858144760132,0.20181846618652344,0.0027230801060795784,17,9.640743883210234e-06,1
box_inpainting,lakeside_beach,1,7,0.777,0.5796428571428571,0.21108518838244975,0.010943361558020115,0.049251437187194824,1.4808231592178345,1.0061179399490356,0.18875211477279663,0.0027512051165103912,17,9.88621286523994e-06,1
box_inpainting,lakeside_beach,1,8,0.888,0.54,0.21108518838244975,0.010707459412515163,0.049176350235939026,1.4812276363372803,1.0071406364440918,0.18839599192142487,0.0027698001358658075,17,9.927986866387073e-06,1
box_inpainting,lakeside_beach,1,9,0.999,0.5003571428571428,0.21108518838244975,0.010580291040241718,0.047629520297050476,1.4807661771774292,0.9874954223632812,0.1823129802942276,0.0027350387535989285,17,9.902889360091649e-06,1
box_inpainting,lakeside_beach,2,0,0.0,0.6666666666666667,0.2203612135091675,0.011577649042010307,0.061704304069280624,1.2320666313171387,0.9937723875045776,0.22708280384540558,0.0065781292505562305,22,9.393656910106074e-06,1
box_inpainting,lakeside_beach,2,1,0.111,0.6204166666666668,0.2203612135091675,0.011458246037364006,0.061400022357702255,1.2327388525009155,1.0020712614059448,0.22593116760253906,0.006556307431310415,21,9.678425158199389e-06,1
box_inpainting,lakeside_beach,2,2,0.222,0.5741666666666667,0.2203612135091675,0.011648545041680336,0.05902367830276489,1.2317707538604736,1.0010837316513062,0.2166154831647873,0.006493067368865013,21,9.465155926591251e-06,1
box_inpainting,lakeside_beach,2,3,0.333,0.5279166666666668,0.2203612135091675,0.011883500963449478,0.05828157067298889,1.2334635257720947,0.9983058571815491,0.21337123215198517,0.0065850187093019485,21,8.551447535865009e-06,1
box_inpainting,lakeside_beach,2,4,0.444,0.48166666666666674,0.2203612135091675,0.01197701133787632,0.05556955188512802,1.2326557636260986,0.9982717037200928,0.20267105102539062,0.006535708904266357,21,8.21701451059198e-06,1
box_inpainting,lakeside_beach,2,5,0.555,0.4354166666666667,0.2203612135091675,0.012359649874269962,0.056770797818899155,1.2327289581298828,1.0028070211410522,0.20735466480255127,0.006576175335794687,21,9.969684469979256e-06,1
box_inpainting,lakeside_beach,2,6,0.666,0.38916666666666666,nan,0.012831875123083591,0.056770797818899155,1.2327289581298828,1.0028070211410522,0.20735466480255127,0.006576175335794687,0,0.0,1
box_inpainting,lakeside_beach,2,7,0.777,0.34291666666666665,nan,0.013585136272013187,0.056770797818899155,1.2327289581298828,1.0028070211410522,0.20735466480255127,0.006576175335794687,0,0.0,1
box_inpainting,lakeside_beach,2,8,0.888,0.2966666666666667,nan,0.014856654219329357,0.056770797818899155,1.2327289581298828,1.0028070211410522,0.20735466480255127,0.006576175335794687,0,0.0,1
box_inpainting,lakeside_beach,2,9,0.999,0.2504166666666667,nan,0.016559859737753868,0.056770797818899155,1.2327289581298828,1.0028070211410522,0.20735466480255127,0.006576175335794687,0,0.0,1
box_inpainting,lakeside_beach,3,0,0.0,0.3999999999999999,0.22819071692139276,0.009431982412934303,0.04949932545423508,0.9933059215545654,1.0014568567276,0.18332594633102417,0.0048904456198215485,1,6.447012879107206e-08,1
box_inpainting,lakeside_beach,3,1,0.111,0.3555999999999999,nan,0.01087617315351963,0.04949932545423508,0.9933059215545654,1.0014568567276,0.18332594633102417,0.0048904456198215485,0,0.0,1
box_inpainting,lakeside_beach,3,2,0.222,0.3111999999999999,nan,0.013747267425060272,0.04949932545423508,0.9933059215545654,1.0014568567276,0.18332594633102417,0.0048904456198215485,0,0.0,1
box_inpainting,lakeside_beach,3,3,0.333,0.2668,nan,0.01540498249232769,0.04949932545423508,0.9933059215545654,1.0014568567276,0.18332594633102417,0.0048904456198215485,0,0.0,1
box_inpainting,lakeside_beach,3,4,0.444,0.22239999999999996,nan,0.016522610560059547,0.04949932545423508,0.9933059215545654,1.0014568567276,0.18332594633102417,0.0048904456198215485,0,0.0,1
box_inpainting,lakeside_beach,3,5,0.555,0.17799999999999994,nan,0.01827741414308548,0.04949932545423508,0.9933059215545654,1.0014568567276,0.18332594633102417,0.0048904456198215485,0,0.0,1
box_inpainting,lakeside_beach,3,6,0.666,0.13359999999999997,nan,0.021496202796697617,0.04949932545423508,0.9933059215545654,1.0014568567276,0.18332594633102417,0.0048904456198215485,0,0.0,1
box_inpainting,lakeside_beach,3,7,0.777,0.08919999999999997,nan,0.02786899358034134,0.04949932545423508,0.9933059215545654,1.0014568567276,0.18332594633102417,0.0048904456198215485,0,0.0,1
box_inpainting,lakeside_beach,3,8,0.888,0.044799999999999986,nan,0.044657252728939056,0.04949932545423508,0.9933059215545654,1.0014568567276,0.18332594633102417,0.0048904456198215485,0,0.0,1
box_inpainting,lakeside_beach,3,9,0.999,0.0004000000000000003,nan,0.14477470517158508,0.04949932545423508,0.9933059215545654,1.0014568567276,0.18332594633102417,0.0048904456198215485,0,0.0,1
box_inpainting,sea_anemone,0,0,0.0,1.0,0.2000590571988071,0.009970428422093391,0.11182978749275208,2.099808931350708,0.9947441816329956,0.43568873405456543,0.0038768011145293713,16,7.665646990062669e-06,1
box_inpainting,sea_anemone,0,1,0.111,0.9722500000000001,0.2000590571988071,0.010642001405358315,0.10467370599508286,2.0996510982513428,0.9973888397216797,0.4071532189846039,0.0038472162559628487,13,7.1195677264768165e-06,1
box_inpainting,sea_anemone,0,2,0.222,0.9445,0.2000590571988071,0.01062399335205555,0.11235517263412476,2.099679470062256,0.9829674363136292,0.4377547800540924,0.003888614010065794,13,7.166162504290696e-06,1
box_inpainting,sea_anemone,0,3,0.333,0.9167500000000001,0.2000590571988071,0.009873627685010433,0.12610195577144623,2.0997469425201416,0.9869840145111084,0.4929174482822418,0.0038301157765090466,13,7.064759302011225e-06,1
box_inpainting,sea_anemone,0,4,0.444,0.889,0.2000590571988071,0.009073696099221706,0.09516489505767822,2.099839687347412,0.9984487891197205,0.36890092492103577,0.003919551149010658,13,7.411821115965722e-06,1
box_inpainting,sea_anemone,0,5,0.555,0.86125,0.2000590571988071,0.008365506306290627,0.15186044573783875,2.099695920944214,0.9851222038269043,0.5957992672920227,0.003880837233737111,13,7.094642114680028e-06,1
box_inpainting,sea_anemone,0,6,0.666,0.8335,0.2000590571988071,0.007804953958839178,0.12109865248203278,2.099717617034912,1.0122591257095337,0.47277772426605225,0.0038722967728972435,13,7.312877642107196e-06,1
box_inpainting,sea_anemone,0,7,0.777,0.80575,0.2000590571988071,0.0074211894534528255,0.08215545862913132,2.0999326705932617,1.0158469676971436,0.3169085681438446,0.003904412966221571,13,7.103388270479627e-06,1
box_inpainting,sea_anemone,0,8,0.888,0.778,0.2000590571988071,0.00719289667904377,0.06622044742107391,2.09970760345459,0.9899382591247559,0.2532271444797516,0.003884882666170597,13,6.942350410099607e-06,1
box_inpainting,sea_anemone,0,9,0.999,0.75025,0.2000590571988071,0.007022725883871317,0.06675724685192108,2.099661111831665,0.9699145555496216,0.2553705871105194,0.0038861355278640985,13,7.023066245892551e-06,1
box_inpainting,sea_anemone,1,0,0.0,0.8571428571428572,0.21108518838244975,0.013227979652583599,0.09714090824127197,1.8615953922271729,1.001232385635376,0.3763684928417206,0.004065041895955801,17,9.981857147067785e-06,1
box_inpainting,sea_anemone,1,1,0.111,0.8175000000000001,0.21108518838244975,0.012689127586781979,0.08074721693992615,1.8616901636123657,1.0051027536392212,0.31099116802215576,0.003999232314527035,14,9.954468623618595e-06,1
box_inpainting,sea_anemone,1,2,0.222,0.7778571428571429,0.21108518838244975,0.012317526154220104,0.10347521305084229,1.8620487451553345,1.0067402124404907,0.40180671215057373,0.004031388089060783,15,9.820383638725616e-06,1
box_inpainting,sea_anemone,1,3,0.333,0.7382142857142858,0.21108518838244975,0.012009454891085625,0.11351626366376877,1.8619811534881592,1.0015387535095215,0.4417048394680023,0.004120068624615669,14,9.792387572815642e-06,1
box_inpainting,sea_anemone,1,4,0.444,0.6985714285714286,0.21108518838244975,0.011795909143984318,0.08852573484182358,1.8614163398742676,0.9979171752929688,0.34190550446510315,0.004065818153321743,14,9.965297977032606e-06,1
box_inpainting,sea_anemone,1,5,0.555,0.6589285714285714,0.21108518838244975,0.011530348099768162,0.0818442702293396,1.8617115020751953,1.005010962486267,0.3151320517063141,0.004081677179783583,15,9.71744429989485e-06,1
box_inpainting,sea_anemone,1,6,0.666,0.6192857142857142,0.21108518838244975,0.011259624734520912,0.0748945027589798,1.861361026763916,0.9920858144760132,0.2874603569507599,0.004039211198687553,15,9.949863851943519e-06,1
box_inpainting,sea_anemone,1,7,0.777,0.5796428571428571,0.21108518838244975,0.010943361558020115,0.0811343640089035,1.8615516424179077,1.0061179399490356,0.3122842013835907,0.004084422253072262,14,9.734280865814071e-06,1
box_inpainting,sea_anemone,1,8,0.888,0.54,0.21108518838244975,0.010707459412515163,0.09103044867515564,1.8618818521499634,1.0071406364440918,0.3517824709415436,0.0041131083853542805,15,9.776429578778334e-06,1
box_inpainting,sea_anemone,1,9,0.999,0.5003571428571428,0.21108518838244975,0.010580291040241718,0.08757035434246063,1.8615103960037231,0.9874954223632812,0.3380674123764038,0.004071334842592478,14,9.333215530205052e-06,1
box_inpainting,sea_anemone,2,0,0.0,0.6666666666666667,0.2203612135091675,0.011577649042010307,0.10095306485891342,1.5216659307479858,0.9937723875045776,0.37361225485801697,0.01006667222827673,20,7.98917517386144e-06,1
box_inpainting,sea_anemone,2,1,0.111,0.6204166666666668,0.2203612135091675,0.011458246037364006,0.10546316206455231,1.5221136808395386,1.0020711421966553,0.39099451899528503,0.010286028496921062,19,7.426377578667598e-06,1
box_inpainting,sea_anemone,2,2,0.222,0.5741666666666667,0.2203612135091675,0.011648545041680336,0.11335831880569458,1.5213935375213623,1.0010837316513062,0.42325353622436523,0.010059918276965618,19,7.528020887548337e-06,1
box_inpainting,sea_anemone,2,3,0.333,0.5279166666666668,0.2203612135091675,0.011883500963449478,0.11829376220703125,1.5227869749069214,0.9983058571815491,0.44296959042549133,0.010068479925394058,19,6.8779149842157494e-06,1
box_inpainting,sea_anemone,2,4,0.444,0.48166666666666674,0.2203612135091675,0.01197701133787632,0.11118312925100327,1.5221211910247803,0.9982717037200928,0.4145141541957855,0.01007277611643076,18,9.947936632670462e-06,1
box_inpainting,sea_anemone,2,5,0.555,0.4354166666666667,0.2203612135091675,0.012359649874269962,0.10912206023931503,1.5221964120864868,1.0028070211410522,0.4063638150691986,0.010041462257504463,18,9.066747225006111e-06,1
box_inpainting,sea_anemone,2,6,0.666,0.38916666666666666,nan,0.012831875123083591,0.10912206023931503,1.5221964120864868,1.0028070211410522,0.4063638150691986,0.010041462257504463,0,0.0,1
box_inpainting,sea_anemone,2,7,0.777,0.34291666666666665,nan,0.013585136272013187,0.10912206023931503,1.5221964120864868,1.0028070211410522,0.4063638150691986,0.010041462257504463,0,0.0,1
box_inpainting,sea_anemone,2,8,0.888,0.2966666666666667,nan,0.014856654219329357,0.10912206023931503,1.5221964120864868,1.0028070211410522,0.4063638150691986,0.010041462257504463,0,0.0,1
box_inpainting,sea_anemone,2,9,0.999,0.2504166666666667,nan,0.016559859737753868,0.10912206023931503,1.5221964120864868,1.0028070211410522,0.4063638150691986,0.010041462257504463,0,0.0,1
box_inpainting,sea_anemone,3,0,0.0,0.3999999999999999,0.22819071692139276,0.009431982412934303,0.09781865775585175,0.9938695430755615,1.0014568567276,0.3766334056854248,0.0048804134130477905,1,1.1411444233999646e-08,1
box_inpainting,sea_anemone,3,1,0.111,0.3555999999999999,nan,0.01087617315351963,0.09781865775585175,0.9938695430755615,1.0014568567276,0.3766334056854248,0.0048804134130477905,0,0.0,1
box_inpainting,sea_anemone,3,2,0.222,0.3111999999999999,nan,0.013747267425060272,0.09781865775585175,0.9938695430755615,1.0014568567276,0.3766334056854248,0.0048804134130477905,0,0.0,1
box_inpainting,sea_anemone,3,3,0.333,0.2668,nan,0.01540498249232769,0.09781865775585175,0.9938695430755615,1.0014568567276,0.3766334056854248,0.0048804134130477905,0,0.0,1
box_inpainting,sea_anemone,3,4,0.444,0.22239999999999996,nan,0.016522610560059547,0.09781865775585175,0.9938695430755615,1.0014568567276,0.3766334056854248,0.0048804134130477905,0,0.0,1
box_inpainting,sea_anemone,3,5,0.555,0.17799999999999994,nan,0.01827741414308548,0.09781865775585175,0.9938695430755615,1.0014568567276,0.3766334056854248,0.0048804134130477905,0,0.0,1
box_inpainting,sea_anemone,3,6,0.666,0.13359999999999997,nan,0.021496202796697617,0.09781865775585175,0.9938695430755615,1.0014568567276,0.3766334056854248,0.0048804134130477905,0,0.0,1
box_inpainting,sea_anemone,3,7,0.777,0.08919999999999997,nan,0.02786899358034134,0.09781865775585175,0.9938695430755615,1.0014568567276,0.3766334056854248,0.0048804134130477905,0,0.0,1
box_inpainting,sea_anemone,3,8,0.888,0.044799999999999986,nan,0.044657252728939056,0.09781865775585175,0.9938695430755615,1.0014568567276,0.3766334056854248,0.0048804134130477905,0,0.0,1
box_inpainting,sea_anemone,3,9,0.999,0.0004000000000000003,nan,0.14477470517158508,0.09781865775585175,0.9938695430755615,1.0014568567276,0.3766334056854248,0.0048804134130477905,0,0.0,1
box_inpainting,shetland_sheepdog,0,0,0.0,1.0,0.2000590571988071,0.009970428422093391,0.0842551440000534,1.8918029069900513,0.9947441816329956,0.3229292035102844,0.004697101190686226,18,9.916808267007582e-06,1
box_inpainting,shetland_sheepdog,0,1,0.111,0.9722500000000001,0.2000590571988071,0.010642001405358315,0.09482944011688232,1.8916364908218384,0.9973888397216797,0.3652965724468231,0.004673728719353676,14,9.908205356623512e-06,1
box_inpainting,shetland_sheepdog,0,2,0.222,0.9445,0.2000590571988071,0.01062399335205555,0.08283159136772156,1.8916749954223633,0.9829674363136292,0.31720706820487976,0.0047064293175935745,14,9.969127859221771e-06,1
box_inpainting,shetland_sheepdog,0,3,0.333,0.9167500000000001,0.2000590571988071,0.009873627685010433,0.09464365243911743,1.8917332887649536,0.9869840145111084,0.3645125925540924,0.004687336273491383,14,9.931590284395497e-06,1
box_inpainting,shetland_sheepdog,0,4,0.444,0.889,0.2000590571988071,0.009073696099221706,0.0795360580086708,1.8918489217758179,0.9984487891197205,0.30419135093688965,0.0046509685926139355,14,9.849153684626799e-06,1
box_inpainting,shetland_sheepdog,0,5,0.555,0.86125,0.2000590571988071,0.008365506306290627,0.13618621230125427,1.8916815519332886,0.9851222038269043,0.5305383205413818,0.004735494032502174,14,9.953649168892298e-06,1
box_inpainting,shetland_sheepdog,0,6,0.666,0.8335,0.2000590571988071,0.007804953958839178,0.11369260400533676,1.8917049169540405,1.0122591257095337,0.44073352217674255,0.004678966477513313,14,9.90174612525152e-06,1
box_inpainting,shetland_sheepdog,0,7,0.777,0.80575,0.2000590571988071,0.0074211894534528255,0.07408376783132553,1.891945481300354,1.0158469676971436,0.28217002749443054,0.004721683915704489,14,9.984955795516726e-06,1
box_inpainting,shetland_sheepdog,0,8,0.888,0.778,0.2000590571988071,0.00719289667904377,0.08983586728572845,1.8916982412338257,0.9899382591247559,0.34528848528862,0.004684991668909788,14,9.941642019839492e-06,1
box_inpainting,shetland_sheepdog,0,9,0.999,0.75025,0.2000590571988071,0.007022725883871317,0.08330803364515305,1.8916442394256592,0.9699146151542664,0.3191859722137451,0.004682059399783611,14,9.984635653381702e-06,1
box_inpainting,shetland_sheepdog,1,0,0.0,0.8571428571428572,0.21108518838244975,0.013227979652583599,0.10623204708099365,1.5273090600967407,1.001232385635376,0.41185715794563293,0.004356998018920422,17,9.663203854870517e-06,1
box_inpainting,shetland_sheepdog,1,1,0.111,0.8175000000000001,0.21108518838244975,0.012689127586781979,0.0890602096915245,1.527444839477539,1.0051027536392212,0.3433666229248047,0.004291397985070944,15,9.215175850840751e-06,1
box_inpainting,shetland_sheepdog,1,2,0.222,0.7778571428571429,0.21108518838244975,0.012317526154220104,0.10134019702672958,1.5278323888778687,1.0067402124404907,0.3923763036727905,0.00432816706597805,15,9.551882612868212e-06,1
box_inpainting,shetland_sheepdog,1,3,0.333,0.7382142857142858,0.21108518838244975,0.012009454891085625,0.11714105308055878,1.5278416872024536,1.0015387535095215,0.45575737953186035,0.004268934950232506,15,9.13625717657851e-06,1
box_inpainting,shetland_sheepdog,1,4,0.444,0.6985714285714286,0.21108518838244975,0.011795909143984318,0.10187685489654541,1.5271047353744507,0.9979171752929688,0.39464446902275085,0.004287643823772669,15,9.106112884182949e-06,1
box_inpainting,shetland_sheepdog,1,5,0.555,0.6589285714285714,0.21108518838244975,0.011530348099768162,0.09069639444351196,1.5274580717086792,1.005010962486267,0.34973636269569397,0.00434974255040288,15,9.191954632115085e-06,1
box_inpainting,shetland_sheepdog,1,6,0.666,0.6192857142857142,0.21108518838244975,0.011259624734520912,0.07826878130435944,1.5270404815673828,0.9920858144760132,0.3002055883407593,0.004289836622774601,15,9.379305993206799e-06,1
box_inpainting,shetland_sheepdog,1,7,0.777,0.5796428571428571,0.21108518838244975,0.010943361558020115,0.08570291846990585,1.5272833108901978,1.0061179399490356,0.32995280623435974,0.004286286886781454,15,8.820833500067238e-06,1
box_inpainting,shetland_sheepdog,1,8,0.888,0.54,0.21108518838244975,0.010707459412515163,0.07418131828308105,1.5276933908462524,1.0071406364440918,0.2839309275150299,0.004264773800969124,15,9.576718184689526e-06,1
box_inpainting,shetland_sheepdog,1,9,0.999,0.5003571428571428,0.21108518838244975,0.010580291040241718,0.06659113615751266,1.527229905128479,0.9874954223632812,0.25333845615386963,0.004342024680227041,15,8.530282684660051e-06,1
box_inpainting,shetland_sheepdog,2,0,0.0,0.6666666666666667,0.2203612135091675,0.011577649042010307,0.08521761745214462,1.189638614654541,0.9937723875045776,0.3182702362537384,0.007533401250839233,20,8.757602699915878e-06,1
box_inpainting,shetland_sheepdog,2,1,0.111,0.6204166666666668,0.2203612135091675,0.011458246037364006,0.09155142307281494,1.1902815103530884,1.0020711421966553,0.34338417649269104,0.007607159670442343,20,7.582344096590532e-06,1
box_inpainting,shetland_sheepdog,2,2,0.222,0.5741666666666667,0.2203612135091675,0.011648545041680336,0.08704360574483871,1.1892486810684204,1.0010837316513062,0.3254013955593109,0.0075910091400146484,20,9.897591553453822e-06,1
box_inpainting,shetland_sheepdog,2,3,0.333,0.5279166666666668,0.2203612135091675,0.011883500963449478,0.08968981355428696,1.190949559211731,0.9983058571815491,0.33596813678741455,0.007597044110298157,20,9.912545465340372e-06,1
box_inpainting,shetland_sheepdog,2,4,0.444,0.48166666666666674,0.2203612135091675,0.01197701133787632,0.07960362732410431,1.1900863647460938,0.9982717037200928,0.29558858275413513,0.007608628831803799,19,9.470330951444339e-06,1
box_inpainting,shetland_sheepdog,2,5,0.555,0.4354166666666667,0.2203612135091675,0.012359649874269962,0.07463887333869934,1.1902921199798584,1.0028070211410522,0.2759401798248291,0.0075384327210485935,19,8.551469363737851e-06,1
box_inpainting,shetland_sheepdog,2,6,0.666,0.38916666666666666,nan,0.012831875123083591,0.07463887333869934,1.1902921199798584,1.0028070211410522,0.2759401798248291,0.0075384327210485935,0,0.0,1
box_inpainting,shetland_sheepdog,2,7,0.777,0.34291666666666665,nan,0.013585136272013187,0.07463887333869934,1.1902921199798584,1.0028070211410522,0.2759401798248291,0.0075384327210485935,0,0.0,1
box_inpainting,shetland_sheepdog,2,8,0.888,0.2966666666666667,nan,0.014856654219329357,0.07463887333869934,1.1902921199798584,1.0028070211410522,0.2759401798248291,0.0075384327210485935,0,0.0,1
box_inpainting,shetland_sheepdog,2,9,0.999,0.2504166666666667,nan,0.016559859737753868,0.07463887333869934,1.1902921199798584,1.0028070211410522,0.2759401798248291,0.0075384327210485935,0,0.0,1
box_inpainting,shetland_sheepdog,3,0,0.0,0.3999999999999999,0.22819071692139276,0.009431982412934303,0.07144662737846375,0.9948702454566956,1.0014568567276,0.2711533308029175,0.00487772049382329,1,1.3964567280311257e-08,1
box_inpainting,shetland_sheepdog,3,1,0.111,0.3555999999999999,nan,0.01087617315351963,0.07144662737846375,0.9948702454566956,1.0014568567276,0.2711533308029175,0.00487772049382329,0,0.0,1
box_inpainting,shetland_sheepdog,3,2,0.222,0.3111999999999999,nan,0.013747267425060272,0.07144662737846375,0.9948702454566956,1.0014568567276,0.2711533308029175,0.00487772049382329,0,0.0,1
box_inpainting,shetland_sheepdog,3,3,0.333,0.2668,nan,0.01540498249232769,0.07144662737846375,0.9948702454566956,1.0014568567276,0.2711533308029175,0.00487772049382329,0,0.0,1
box_inpainting,shetland_sheepdog,3,4,0.444,0.22239999999999996,nan,0.016522610560059547,0.07144662737846375,0.9948702454566956,1.0014568567276,0.2711533308029175,0.00487772049382329,0,0.0,1
box_inpainting,shetland_sheepdog,3,5,0.555,0.17799999999999994,nan,0.01827741414308548,0.07144662737846375,0.9948702454566956,1.0014568567276,0.2711533308029175,0.00487772049382329,0,0.0,1
box_inpainting,shetland_sheepdog,3,6,0.666,0.13359999999999997,nan,0.021496202796697617,0.07144662737846375,0.9948702454566956,1.0014568567276,0.2711533308029175,0.00487772049382329,0,0.0,1
box_inpainting,shetland_sheepdog,3,7,0.777,0.08919999999999997,nan,0.02786899358034134,0.07144662737846375,0.9948702454566956,1.0014568567276,0.2711533308029175,0.00487772049382329,0,0.0,1
box_inpainting,shetland_sheepdog,3,8,0.888,0.044799999999999986,nan,0.044657252728939056,0.07144662737846375,0.9948702454566956,1.0014568567276,0.2711533308029175,0.00487772049382329,0,0.0,1
box_inpainting,shetland_sheepdog,3,9,0.999,0.0004000000000000003,nan,0.14477470517158508,0.07144662737846375,0.9948702454566956,1.0014568567276,0.2711533308029175,0.00487772049382329,0,0.0,1
random_inpainting,breastplate_armor,0,0,0.0,1.0,0.2000590571988071,0.009970428422093391,0.005969745572656393,1.7202736139297485,1.0085068941116333,0.005899553652852774,0.006122080143541098,14,8.90678074938478e-06,1
random_inpainting,breastplate_armor,0,1,0.111,0.9722500000000001,0.2000590571988071,0.010642001405358315,0.005874421447515488,1.72026526927948,0.9829673767089844,0.0057942792773246765,0.006048351991921663,12,6.8053527684242e-06,1
random_inpainting,breastplate_armor,0,2,0.222,0.9445,0.2000590571988071,0.01062399335205555,0.005793205462396145,1.7202575206756592,1.010526418685913,0.005710674449801445,0.005972321145236492,12,6.656987352471333e-06,1
random_inpainting,breastplate_armor,0,3,0.333,0.9167500000000001,0.2000590571988071,0.009873627685010433,0.0057866438291966915,1.7202552556991577,0.9851222634315491,0.0056874933652579784,0.006001827772706747,12,6.885162292746827e-06,1
random_inpainting,breastplate_armor,0,4,0.444,0.889,0.2000590571988071,0.009073696099221706,0.00594133697450161,1.7202284336090088,1.0106555223464966,0.005847368389368057,0.0061452751979231834,12,6.944450433366001e-06,1
random_inpainting,breastplate_armor,0,5,0.555,0.86125,0.2000590571988071,0.008365506306290627,0.005774696823209524,1.7202272415161133,0.9899382591247559,0.005682004150003195,0.0059758638963103294,12,6.962833595025586e-06,1
random_inpainting,breastplate_armor,0,6,0.666,0.8335,0.2000590571988071,0.007804953958839178,0.0058552599512040615,1.7203553915023804,1.0218288898468018,0.005742879118770361,0.006099157966673374,12,7.0231635618256405e-06,1
random_inpainting,breastplate_armor,0,7,0.777,0.80575,0.2000590571988071,0.0074211894534528255,0.005799202248454094,1.7201392650604248,0.9890813231468201,0.005679486319422722,0.006059019360691309,12,7.153147635108326e-06,1
random_inpainting,breastplate_armor,0,8,0.888,0.778,0.2000590571988071,0.00719289667904377,0.00589708611369133,1.7204469442367554,1.0073449611663818,0.005814975593239069,0.006075287237763405,12,6.958175617910456e-06,1
random_inpainting,breastplate_armor,0,9,0.999,0.75025,0.2000590571988071,0.007022725883871317,0.00573550071567297,1.7202470302581787,0.9924364686012268,0.005617823917418718,0.005990889389067888,12,7.065923455229495e-06,1
random_inpainting,breastplate_armor,1,0,0.0,0.8571428571428572,0.21108518838244975,0.013227979652583599,0.015123027376830578,1.4904450178146362,0.9949657320976257,0.01480025239288807,0.01588570512831211,19,9.815099474508315e-06,1
random_inpainting,breastplate_armor,1,1,0.111,0.8175000000000001,0.21108518838244975,0.012689127586781979,0.015194508247077465,1.4903873205184937,1.0010473728179932,0.014852387830615044,0.016002897173166275,18,9.783734640222974e-06,1
random_inpainting,breastplate_armor,1,2,0.222,0.7778571428571429,0.21108518838244975,0.012317526154220104,0.015309000387787819,1.4905518293380737,1.0007309913635254,0.014938647858798504,0.01618409901857376,18,9.346224942419212e-06,1
random_inpainting,breastplate_armor,1,3,0.333,0.7382142857142858,0.21108518838244975,0.012009454891085625,0.01526145450770855,1.4901580810546875,1.0040969848632812,0.014920170418918133,0.01606786623597145,18,9.94647871266352e-06,1
random_inpainting,breastplate_armor,1,4,0.444,0.6985714285714286,0.21108518838244975,0.011795909143984318,0.015282265841960907,1.4905484914779663,0.9977661371231079,0.014837276190519333,0.016333729028701782,17,9.914235306496266e-06,1
random_inpainting,breastplate_armor,1,5,0.555,0.6589285714285714,0.21108518838244975,0.011530348099768162,0.015225286595523357,1.4907160997390747,0.9973711371421814,0.014874760061502457,0.016053540632128716,17,9.447966476727743e-06,1
random_inpainting,breastplate_armor,1,6,0.666,0.6192857142857142,0.21108518838244975,0.011259624734520912,0.015220986679196358,1.4904118776321411,0.9948076605796814,0.014849335886538029,0.016099151223897934,17,9.803291504795197e-06,1
random_inpainting,breastplate_armor,1,7,0.777,0.5796428571428571,0.21108518838244975,0.010943361558020115,0.015439304523169994,1.4907089471817017,1.008320689201355,0.015110022388398647,0.016217362135648727,17,9.846490684140008e-06,1
random_inpainting,breastplate_armor,1,8,0.888,0.54,0.21108518838244975,0.010707459412515163,0.015133194625377655,1.4904601573944092,0.9973276853561401,0.014693750999867916,0.01617155224084854,17,9.669629434938543e-06,1
random_inpainting,breastplate_armor,1,9,0.999,0.5003571428571428,0.21108518838244975,0.010580291040241718,0.015014256350696087,1.4908826351165771,0.9951519966125488,0.014585782773792744,0.0160266924649477,17,9.785805559658911e-06,1
random_inpainting,breastplate_armor,2,0,0.0,0.6666666666666667,0.2203612135091675,0.011577649042010307,0.09457635879516602,1.104806900024414,1.0030760765075684,0.11721839755773544,0.04071453958749771,38,9.78507614490809e-06,1
random_inpainting,breastplate_armor,2,1,0.111,0.6204166666666668,0.2203612135091675,0.011458246037364006,0.09331895411014557,1.1032992601394653,1.0029871463775635,0.11606299132108688,0.039214469492435455,37,9.893190508591942e-06,1
random_inpainting,breastplate_armor,2,2,0.222,0.5741666666666667,0.2203612135091675,0.011648545041680336,0.09265895932912827,1.1035164594650269,0.9995256066322327,0.11467601358890533,0.040283896028995514,37,9.982953088183422e-06,1
random_inpainting,breastplate_armor,2,3,0.333,0.5279166666666668,0.2203612135091675,0.011883500963449478,0.09296523034572601,1.102735996246338,0.9999186992645264,0.11530665308237076,0.039818502962589264,37,9.887157830235083e-06,1
random_inpainting,breastplate_armor,2,4,0.444,0.48166666666666674,0.2203612135091675,0.01197701133787632,0.09186860173940659,1.102676272392273,1.003506064414978,0.11389532685279846,0.03947051614522934,37,9.882543054118287e-06,1
random_inpainting,breastplate_armor,2,5,0.555,0.4354166666666667,0.2203612135091675,0.012359649874269962,0.09378360956907272,1.101753830909729,0.9933828115463257,0.11630599945783615,0.04020639881491661,35,9.96649578155484e-06,1
random_inpainting,breastplate_armor,2,6,0.666,0.38916666666666666,nan,0.012831875123083591,0.09378360956907272,1.101753830909729,0.9933828115463257,0.11630599945783615,0.04020639881491661,0,0.0,1
random_inpainting,breastplate_armor,2,7,0.777,0.34291666666666665,nan,0.013585136272013187,0.09378360956907272,1.101753830909729,0.9933828115463257,0.11630599945783615,0.04020639881491661,0,0.0,1
random_inpainting,breastplate_armor,2,8,0.888,0.2966666666666667,nan,0.014856654219329357,0.09378360956907272,1.101753830909729,0.9933828115463257,0.11630599945783615,0.04020639881491661,0,0.0,1
random_inpainting,breastplate_armor,2,9,0.999,0.2504166666666667,nan,0.016559859737753868,0.09378360956907272,1.101753830909729,0.9933828115463257,0.11630599945783615,0.04020639881491661,0,0.0,1
random_inpainting,breastplate_armor,3,0,0.0,0.3999999999999999,0.22819071692139276,0.009431982412934303,0.12034784257411957,1.0011510848999023,1.0013914108276367,0.1692376285791397,0.004927776288241148,1,1.8231988363481832e-08,1
random_inpainting,breastplate_armor,3,1,0.111,0.3555999999999999,nan,0.01087617315351963,0.12034784257411957,1.0011510848999023,1.0013914108276367,0.1692376285791397,0.004927776288241148,0,0.0,1
random_inpainting,breastplate_armor,3,2,0.222,0.3111999999999999,nan,0.013747267425060272,0.12034784257411957,1.0011510848999023,1.0013914108276367,0.1692376285791397,0.004927776288241148,0,0.0,1
random_inpainting,breastplate_armor,3,3,0.333,0.2668,nan,0.01540498249232769,0.12034784257411957,1.0011510848999023,1.0013914108276367,0.1692376285791397,0.004927776288241148,0,0.0,1
random_inpainting,breastplate_armor,3,4,0.444,0.22239999999999996,nan,0.016522610560059547,0.12034784257411957,1.0011510848999023,1.0013914108276367,0.1692376285791397,0.004927776288241148,0,0.0,1
random_inpainting,breastplate_armor,3,5,0.555,0.17799999999999994,nan,0.01827741414308548,0.12034784257411957,1.0011510848999023,1.0013914108276367,0.1692376285791397,0.004927776288241148,0,0.0,1
random_inpainting,breastplate_armor,3,6,0.666,0.13359999999999997,nan,0.021496202796697617,0.12034784257411957,1.0011510848999023,1.0013914108276367,0.1692376285791397,0.004927776288241148,0,0.0,1
random_inpainting,breastplate_armor,3,7,0.777,0.08919999999999997,nan,0.02786899358034134,0.12034784257411957,1.0011510848999023,1.0013914108276367,0.1692376285791397,0.004927776288241148,0,0.0,1
random_inpainting,breastplate_armor,3,8,0.888,0.044799999999999986,nan,0.044657252728939056,0.12034784257411957,1.0011510848999023,1.0013914108276367,0.1692376285791397,0.004927776288241148,0,0.0,1
random_inpainting,breastplate_armor,3,9,0.999,0.0004000000000000003,nan,0.14477470517158508,0.12034784257411957,1.0011510848999023,1.0013914108276367,0.1692376285791397,0.004927776288241148,0,0.0,1
random_inpainting,crane_structure,0,0,0.0,1.0,0.2000590571988071,0.009970428422093391,0.021063780412077904,2.8347039222717285,1.0085068941116333,0.02229071967303753,0.018250897526741028,16,7.517190169892274e-06,1
random_inpainting,crane_structure,0,1,0.111,0.9722500000000001,0.2000590571988071,0.010642001405358315,0.02093629352748394,2.834705352783203,0.9829673767089844,0.022192977368831635,0.018055204302072525,12,7.76681463321438e-06,1
random_inpainting,crane_structure,0,2,0.222,0.9445,0.2000590571988071,0.01062399335205555,0.021030699834227562,2.8346567153930664,1.010526418685913,0.022375544533133507,0.017947500571608543,12,7.583494152640924e-06,1
random_inpainting,crane_structure,0,3,0.333,0.9167500000000001,0.2000590571988071,0.009873627685010433,0.020766425877809525,2.834747314453125,0.9851222634315491,0.021937623620033264,0.01808132976293564,12,8.348297342308797e-06,1
random_inpainting,crane_structure,0,4,0.444,0.889,0.2000590571988071,0.009073696099221706,0.021177738904953003,2.8346331119537354,1.0106555223464966,0.02246246114373207,0.01823238469660282,12,7.927048500278033e-06,1
random_inpainting,crane_structure,0,5,0.555,0.86125,0.2000590571988071,0.008365506306290627,0.021011989563703537,2.8346681594848633,0.9899382591247559,0.022234074771404266,0.01821022853255272,12,7.826819455658551e-06,1
random_inpainting,crane_structure,0,6,0.666,0.8335,0.2000590571988071,0.007804953958839178,0.021153662353754044,2.834660530090332,1.0218288898468018,0.02250920794904232,0.018045930191874504,12,7.730162906227633e-06,1
random_inpainting,crane_structure,0,7,0.777,0.80575,0.2000590571988071,0.0074211894534528255,0.02097618393599987,2.834704875946045,0.9890813231468201,0.022271012887358665,0.018007643520832062,12,7.826549335732125e-06,1
random_inpainting,crane_structure,0,8,0.888,0.778,0.2000590571988071,0.00719289667904377,0.02092842385172844,2.834756851196289,1.0073448419570923,0.02218000963330269,0.018059032037854195,12,7.60268812882714e-06,1
random_inpainting,crane_structure,0,9,0.999,0.75025,0.2000590571988071,0.007022725883871317,0.021167200058698654,2.834648370742798,0.992436408996582,0.022431697696447372,0.01826820708811283,12,7.833037670934573e-06,1
random_inpainting,crane_structure,1,0,0.0,0.8571428571428572,0.21108518838244975,0.013227979652583599,0.0597054660320282,2.1472299098968506,0.9949657320976257,0.060722872614860535,0.05726451054215431,20,9.990096259571146e-06,1
random_inpainting,crane_structure,1,1,0.111,0.8175000000000001,0.21108518838244975,0.012689127586781979,0.05960197374224663,2.1465747356414795,1.0010473728179932,0.0606551393866539,0.05707525461912155,18,9.718627552501857e-06,1
random_inpainting,crane_structure,1,2,0.222,0.7778571428571429,0.21108518838244975,0.012317526154220104,0.0591624453663826,2.146881580352783,1.0007309913635254,0.0601077564060688,0.05689448118209839,18,9.870687790680677e-06,1
random_inpainting,crane_structure,1,3,0.333,0.7382142857142858,0.21108518838244975,0.012009454891085625,0.05927775800228119,2.146843194961548,1.0040969848632812,0.060145068913698196,0.05719692260026932,18,9.88451938610524e-06,1
random_inpainting,crane_structure,1,4,0.444,0.6985714285714286,0.21108518838244975,0.011795909143984318,0.05954280495643616,2.146932601928711,0.9977661371231079,0.06049344688653946,0.057262055575847626,18,9.94477068161359e-06,1
random_inpainting,crane_structure,1,5,0.555,0.6589285714285714,0.21108518838244975,0.011530348099768162,0.05981583893299103,2.147036552429199,0.9973711371421814,0.06069335713982582,0.057710517197847366,18,9.598541510058567e-06,1
random_inpainting,crane_structure,1,6,0.666,0.6192857142857142,0.21108518838244975,0.011259624734520912,0.05997680872678757,2.1468024253845215,0.9948076605796814,0.060998912900686264,0.05752459540963173,18,9.801095984585118e-06,1
random_inpainting,crane_structure,1,7,0.777,0.5796428571428571,0.21108518838244975,0.010943361558020115,0.05993066355586052,2.1468491554260254,1.008320689201355,0.06106555834412575,0.05720783770084381,18,9.90695752989268e-06,1
random_inpainting,crane_structure,1,8,0.888,0.54,0.21108518838244975,0.010707459412515163,0.05996540188789368,2.147150754928589,0.9973276853561401,0.06096579506993294,0.057565268129110336,18,9.627392500988208e-06,1
random_inpainting,crane_structure,1,9,0.999,0.5003571428571428,0.21108518838244975,0.010580291040241718,0.06024923175573349,2.146717071533203,0.9951519966125488,0.061185095459222794,0.058003902435302734,17,9.728913028084207e-06,1
random_inpainting,crane_structure,2,0,0.0,0.6666666666666667,0.2203612135091675,0.011577649042010307,0.15452995896339417,1.2254860401153564,1.0030760765075684,0.19029811024665833,0.07028470933437347,40,9.981919902202208e-06,1
random_inpainting,crane_structure,2,1,0.111,0.6204166666666668,0.2203612135091675,0.011458246037364006,0.1524016261100769,1.2257367372512817,1.0029871463775635,0.18734699487686157,0.0700942650437355,39,9.860719728749245e-06,1
random_inpainting,crane_structure,2,2,0.222,0.5741666666666667,0.2203612135091675,0.011648545041680336,0.1549626588821411,1.2242156267166138,0.9995256066322327,0.19080935418605804,0.0705324113368988,39,9.875677278614603e-06,1
random_inpainting,crane_structure,2,3,0.333,0.5279166666666668,0.2203612135091675,0.011883500963449478,0.15757881104946136,1.2231204509735107,0.9999186992645264,0.19468730688095093,0.0701766312122345,40,9.969920938601717e-06,1
random_inpainting,crane_structure,2,4,0.444,0.48166666666666674,0.2203612135091675,0.01197701133787632,0.16600331664085388,1.2187472581863403,1.003506064414978,0.2056964784860611,0.07251344621181488,39,9.711102393339388e-06,1
random_inpainting,crane_structure,2,5,0.555,0.4354166666666667,0.2203612135091675,0.012359649874269962,0.1709209680557251,1.2179722785949707,0.9933828115463257,0.2118527889251709,0.07451367378234863,38,9.90629087027628e-06,1
random_inpainting,crane_structure,2,6,0.666,0.38916666666666666,nan,0.012831875123083591,0.1709209680557251,1.2179722785949707,0.9933828115463257,0.2118527889251709,0.07451367378234863,0,0.0,1
random_inpainting,crane_structure,2,7,0.777,0.34291666666666665,nan,0.013585136272013187,0.1709209680557251,1.2179722785949707,0.9933828115463257,0.2118527889251709,0.07451367378234863,0,0.0,1
random_inpainting,crane_structure,2,8,0.888,0.2966666666666667,nan,0.014856654219329357,0.1709209680557251,1.2179722785949707,0.9933828115463257,0.2118527889251709,0.07451367378234863,0,0.0,1
random_inpainting,crane_structure,2,9,0.999,0.2504166666666667,nan,0.016559859737753868,0.1709209680557251,1.2179722785949707,0.9933828115463257,0.2118527889251709,0.07451367378234863,0,0.0,1
random_inpainting,crane_structure,3,0,0.0,0.3999999999999999,0.22819071692139276,0.009431982412934303,0.1258772313594818,1.0011996030807495,1.0013912916183472,0.17791853845119476,0.004924369510263205,1,2.7029237514852866e-08,1
random_inpainting,crane_structure,3,1,0.111,0.3555999999999999,nan,0.01087617315351963,0.1258772313594818,1.0011996030807495,1.0013912916183472,0.17791853845119476,0.004924369510263205,0,0.0,1
random_inpainting,crane_structure,3,2,0.222,0.3111999999999999,nan,0.013747267425060272,0.1258772313594818,1.0011996030807495,1.0013912916183472,0.17791853845119476,0.004924369510263205,0,0.0,1
random_inpainting,crane_structure,3,3,0.333,0.2668,nan,0.01540498249232769,0.1258772313594818,1.0011996030807495,1.0013912916183472,0.17791853845119476,0.004924369510263205,0,0.0,1
random_inpainting,crane_structure,3,4,0.444,0.22239999999999996,nan,0.016522610560059547,0.1258772313594818,1.0011996030807495,1.0013912916183472,0.17791853845119476,0.004924369510263205,0,0.0,1
random_inpainting,crane_structure,3,5,0.555,0.17799999999999994,nan,0.01827741414308548,0.1258772313594818,1.0011996030807495,1.0013912916183472,0.17791853845119476,0.004924369510263205,0,0.0,1
random_inpainting,crane_structure,3,6,0.666,0.13359999999999997,nan,0.021496202796697617,0.1258772313594818,1.0011996030807495,1.0013912916183472,0.17791853845119476,0.004924369510263205,0,0.0,1
random_inpainting,crane_structure,3,7,0.777,0.08919999999999997,nan,0.02786899358034134,0.1258772313594818,1.0011996030807495,1.0013912916183472,0.17791853845119476,0.004924369510263205,0,0.0,1
random_inpainting,crane_structure,3,8,0.888,0.044799999999999986,nan,0.044657252728939056,0.1258772313594818,1.0011996030807495,1.0013912916183472,0.17791853845119476,0.004924369510263205,0,0.0,1
random_inpainting,crane_structure,3,9,0.999,0.0004000000000000003,nan,0.14477470517158508,0.1258772313594818,1.0011996030807495,1.0013912916183472,0.17791853845119476,0.004924369510263205,0,0.0,1
random_inpainting,ibex_horns,0,0,0.0,1.0,0.2000590571988071,0.009970428422093391,0.028666235506534576,2.4777848720550537,1.0085068941116333,0.02889247052371502,0.0281616672873497,16,9.809537914406974e-06,1
random_inpainting,ibex_horns,0,1,0.111,0.9722500000000001,0.2000590571988071,0.010642001405358315,0.028342708945274353,2.477776288986206,0.9829673767089844,0.028516579419374466,0.027954932302236557,13,9.949038940249011e-06,1
random_inpainting,ibex_horns,0,2,0.222,0.9445,0.2000590571988071,0.01062399335205555,0.028636500239372253,2.4776787757873535,1.010526418685913,0.028862586244940758,0.02813226543366909,13,9.863560080702882e-06,1
random_inpainting,ibex_horns,0,3,0.333,0.9167500000000001,0.2000590571988071,0.009873627685010433,0.028825026005506516,2.477724552154541,0.9851222634315491,0.02921907603740692,0.027946176007390022,13,9.943727491190657e-06,1
random_inpainting,ibex_horns,0,4,0.444,0.889,0.2000590571988071,0.009073696099221706,0.028548648580908775,2.4776456356048584,1.0106555223464966,0.02905580773949623,0.027417540550231934,13,9.975081411539577e-06,1
random_inpainting,ibex_horns,0,5,0.555,0.86125,0.2000590571988071,0.008365506306290627,0.02873743139207363,2.477788209915161,0.9899382591247559,0.02905416488647461,0.02803102694451809,13,9.899797987600323e-06,1
random_inpainting,ibex_horns,0,6,0.666,0.8335,0.2000590571988071,0.007804953958839178,0.028729628771543503,2.4777281284332275,1.0218288898468018,0.02897140383720398,0.02819039300084114,13,9.993936146202032e-06,1
random_inpainting,ibex_horns,0,7,0.777,0.80575,0.2000590571988071,0.0074211894534528255,0.028619825839996338,2.477673292160034,0.9890813231468201,0.028849439695477486,0.028107719495892525,13,9.927750397764612e-06,1
random_inpainting,ibex_horns,0,8,0.888,0.778,0.2000590571988071,0.00719289667904377,0.028766203671693802,2.477617025375366,1.0073448419570923,0.029072776436805725,0.02808244526386261,13,9.98953873931896e-06,1
random_inpainting,ibex_horns,0,9,0.999,0.75025,0.2000590571988071,0.007022725883871317,0.028627676889300346,2.4775774478912354,0.992436408996582,0.028828894719481468,0.028178904205560684,13,9.9306680567679e-06,1
random_inpainting,ibex_horns,1,0,0.0,0.8571428571428572,0.21108518838244975,0.013227979652583599,0.03599729761481285,1.8472994565963745,0.9949657320976257,0.03624174743890762,0.035431649535894394,20,9.160002264252398e-06,1
random_inpainting,ibex_horns,1,1,0.111,0.8175000000000001,0.21108518838244975,0.012689127586781979,0.036104053258895874,1.8471717834472656,1.0010473728179932,0.03635121509432793,0.035532139241695404,17,9.396315363119356e-06,1
random_inpainting,ibex_horns,1,2,0.222,0.7778571428571429,0.21108518838244975,0.012317526154220104,0.036128342151641846,1.8472925424575806,1.0007309913635254,0.03684968501329422,0.03445922210812569,17,9.409440281160641e-06,1
random_inpainting,ibex_horns,1,3,0.333,0.7382142857142858,0.21108518838244975,0.012009454891085625,0.03633316978812218,1.8471282720565796,1.0040969848632812,0.036846503615379333,0.0351453572511673,17,9.556084478390403e-06,1
random_inpainting,ibex_horns,1,4,0.444,0.6985714285714286,0.21108518838244975,0.011795909143984318,0.03582749888300896,1.846833348274231,0.9977661371231079,0.03620520979166031,0.03495350852608681,17,9.30780061025871e-06,1
random_inpainting,ibex_horns,1,5,0.555,0.6589285714285714,0.21108518838244975,0.011530348099768162,0.03628165274858475,1.8468719720840454,0.9973710775375366,0.03672289848327637,0.0352606400847435,17,9.581492122379132e-06,1
random_inpainting,ibex_horns,1,6,0.666,0.6192857142857142,0.21108518838244975,0.011259624734520912,0.03600728511810303,1.84711754322052,0.9948076605796814,0.036491986364126205,0.0348857119679451,17,9.380627489008475e-06,1
random_inpainting,ibex_horns,1,7,0.777,0.5796428571428571,0.21108518838244975,0.010943361558020115,0.03627324476838112,1.8472968339920044,1.008320689201355,0.03692185878753662,0.03477241098880768,17,9.052107998286374e-06,1
random_inpainting,ibex_horns,1,8,0.888,0.54,0.21108518838244975,0.010707459412515163,0.035935163497924805,1.8472599983215332,0.9973276853561401,0.03650126978754997,0.03462523594498634,17,9.019525350595359e-06,1
random_inpainting,ibex_horns,1,9,0.999,0.5003571428571428,0.21108518838244975,0.010580291040241718,0.03609799966216087,1.8469507694244385,0.9951519966125488,0.03655967488884926,0.03502972051501274,17,8.929436262405943e-06,1
random_inpainting,ibex_horns,2,0,0.0,0.6666666666666667,0.2203612135091675,0.011577649042010307,0.12336265295743942,1.170425534248352,1.0030760765075684,0.15307612717151642,0.05294749140739441,41,9.84922098723473e-06,1
random_inpainting,ibex_horns,2,1,0.111,0.6204166666666668,0.2203612135091675,0.011458246037364006,0.122801274061203,1.171545386314392,1.0029871463775635,0.1520446091890335,0.053500209003686905,39,9.828151632973459e-06,1
random_inpainting,ibex_horns,2,2,0.222,0.5741666666666667,0.2203612135091675,0.011648545041680336,0.12390171736478806,1.1702338457107544,0.9995256066322327,0.1533416211605072,0.05413481965661049,39,9.968781341740396e-06,1
random_inpainting,ibex_horns,2,3,0.333,0.5279166666666668,0.2203612135091675,0.011883500963449478,0.12298565357923508,1.169214129447937,0.9999186992645264,0.1522640883922577,0.05360141396522522,39,9.985740689444356e-06,1
random_inpainting,ibex_horns,2,4,0.444,0.48166666666666674,0.2203612135091675,0.01197701133787632,0.12465064227581024,1.16741943359375,1.003506064414978,0.15459664165973663,0.053684357553720474,38,9.98470113700023e-06,1
random_inpainting,ibex_horns,2,5,0.555,0.4354166666666667,0.2203612135091675,0.012359649874269962,0.12598510086536407,1.1680262088775635,0.9933828115463257,0.15587157011032104,0.05515997111797333,36,9.591767593519762e-06,1
random_inpainting,ibex_horns,2,6,0.666,0.38916666666666666,nan,0.012831875123083591,0.12598510086536407,1.1680262088775635,0.9933828115463257,0.15587157011032104,0.05515997111797333,0,0.0,1
random_inpainting,ibex_horns,2,7,0.777,0.34291666666666665,nan,0.013585136272013187,0.12598510086536407,1.1680262088775635,0.9933828115463257,0.15587157011032104,0.05515997111797333,0,0.0,1
random_inpainting,ibex_horns,2,8,0.888,0.2966666666666667,nan,0.014856654219329357,0.12598510086536407,1.1680262088775635,0.9933828115463257,0.15587157011032104,0.05515997111797333,0,0.0,1
random_inpainting,ibex_horns,2,9,0.999,0.2504166666666667,nan,0.016559859737753868,0.12598510086536407,1.1680262088775635,0.9933828115463257,0.15587157011032104,0.05515997111797333,0,0.0,1
random_inpainting,ibex_horns,3,0,0.0,0.3999999999999999,0.22819071692139276,0.009431982412934303,0.1318325400352478,0.9984369874000549,1.0013914108276367,0.18684281408786774,0.004893078003078699,1,2.7983936945474852e-08,1
random_inpainting,ibex_horns,3,1,0.111,0.3555999999999999,nan,0.01087617315351963,0.1318325400352478,0.9984369874000549,1.0013914108276367,0.18684281408786774,0.004893078003078699,0,0.0,1
random_inpainting,ibex_horns,3,2,0.222,0.3111999999999999,nan,0.013747267425060272,0.1318325400352478,0.9984369874000549,1.0013914108276367,0.18684281408786774,0.004893078003078699,0,0.0,1
random_inpainting,ibex_horns,3,3,0.333,0.2668,nan,0.01540498249232769,0.1318325400352478,0.9984369874000549,1.0013914108276367,0.18684281408786774,0.004893078003078699,0,0.0,1
random_inpainting,ibex_horns,3,4,0.444,0.22239999999999996,nan,0.016522610560059547,0.1318325400352478,0.9984369874000549,1.0013914108276367,0.18684281408786774,0.004893078003078699,0,0.0,1
random_inpainting,ibex_horns,3,5,0.555,0.17799999999999994,nan,0.01827741414308548,0.1318325400352478,0.9984369874000549,1.0013914108276367,0.18684281408786774,0.004893078003078699,0,0.0,1
random_inpainting,ibex_horns,3,6,0.666,0.13359999999999997,nan,0.021496202796697617,0.1318325400352478,0.9984369874000549,1.0013914108276367,0.18684281408786774,0.004893078003078699,0,0.0,1
random_inpainting,ibex_horns,3,7,0.777,0.08919999999999997,nan,0.02786899358034134,0.1318325400352478,0.9984369874000549,1.0013914108276367,0.18684281408786774,0.004893078003078699,0,0.0,1
random_inpainting,ibex_horns,3,8,0.888,0.044799999999999986,nan,0.044657252728939056,0.1318325400352478,0.9984369874000549,1.0013914108276367,0.18684281408786774,0.004893078003078699,0,0.0,1
random_inpainting,ibex_horns,3,9,0.999,0.0004000000000000003,nan,0.14477470517158508,0.1318325400352478,0.9984369874000549,1.0013914108276367,0.18684281408786774,0.004893078003078699,0,0.0,1
random_inpainting,junco,0,0,0.0,1.0,0.2000590571988071,0.009970428422093391,0.009636741131544113,1.5017409324645996,1.0085068941116333,0.009623738005757332,0.00966711062937975,17,9.7940073828795e-06,1
random_inpainting,junco,0,1,0.111,0.9722500000000001,0.2000590571988071,0.010642001405358315,0.009656454436480999,1.501665472984314,0.9829673767089844,0.009672250598669052,0.009619561024010181,14,7.411058959405636e-06,1
random_inpainting,junco,0,2,0.222,0.9445,0.2000590571988071,0.01062399335205555,0.009652058593928814,1.5013971328735352,1.010526418685913,0.009609908796846867,0.00975049752742052,14,7.631336302438285e-06,1
random_inpainting,junco,0,3,0.333,0.9167500000000001,0.2000590571988071,0.009873627685010433,0.009776156395673752,1.50150465965271,0.9851222634315491,0.009717818349599838,0.009912402369081974,14,9.685355507826898e-06,1
random_inpainting,junco,0,4,0.444,0.889,0.2000590571988071,0.009073696099221706,0.009522948414087296,1.5015909671783447,1.0106555223464966,0.0094812186434865,0.009620405733585358,14,7.677763278479688e-06,1
random_inpainting,junco,0,5,0.555,0.86125,0.2000590571988071,0.008365506306290627,0.009592751041054726,1.5015393495559692,0.9899382591247559,0.009526364505290985,0.009747793897986412,14,7.055505193420686e-06,1
random_inpainting,junco,0,6,0.666,0.8335,0.2000590571988071,0.007804953958839178,0.009481152519583702,1.5015296936035156,1.0218288898468018,0.009449218399822712,0.00955573283135891,14,9.933949513651896e-06,1
random_inpainting,junco,0,7,0.777,0.80575,0.2000590571988071,0.0074211894534528255,0.0097061637789011,1.5014533996582031,0.9890813231468201,0.009719202294945717,0.009675710462033749,14,7.173324775067158e-06,1
random_inpainting,junco,0,8,0.888,0.778,0.2000590571988071,0.00719289667904377,0.009615693241357803,1.5015884637832642,1.0073448419570923,0.009527932852506638,0.009820660576224327,14,7.706073120061774e-06,1
random_inpainting,junco,0,9,0.999,0.75025,0.2000590571988071,0.007022725883871317,0.009526453912258148,1.5015162229537964,0.9924364686012268,0.009569603018462658,0.009425678290426731,14,7.396366072498495e-06,1
random_inpainting,junco,1,0,0.0,0.8571428571428572,0.21108518838244975,0.013227979652583599,0.012424778193235397,1.2351945638656616,0.9949657320976257,0.01248170156031847,0.01229136809706688,20,9.663502169132698e-06,1
random_inpainting,junco,1,1,0.111,0.8175000000000001,0.21108518838244975,0.012689127586781979,0.012381521984934807,1.235278844833374,1.0010474920272827,0.012396757490932941,0.012345817871391773,19,9.97018923953874e-06,1
random_inpainting,junco,1,2,0.222,0.7778571428571429,0.21108518838244975,0.012317526154220104,0.012547284364700317,1.23492431640625,1.0007309913635254,0.01251884363591671,0.012613942846655846,19,9.922318895405624e-06,1
random_inpainting,junco,1,3,0.333,0.7382142857142858,0.21108518838244975,0.012009454891085625,0.012453310191631317,1.2348926067352295,1.0040969848632812,0.012601600028574467,0.012105768546462059,19,9.802381100598723e-06,1
random_inpainting,junco,1,4,0.444,0.6985714285714286,0.21108518838244975,0.011795909143984318,0.012406568042933941,1.2350213527679443,0.9977661371231079,0.012258260510861874,0.012754152528941631,19,9.719667104945984e-06,1
random_inpainting,junco,1,5,0.555,0.6589285714285714,0.21108518838244975,0.011530348099768162,0.012293028645217419,1.2346839904785156,0.9973711371421814,0.012113707140088081,0.0127132972702384,19,9.38032189878868e-06,1
random_inpainting,junco,1,6,0.666,0.6192857142857142,0.21108518838244975,0.011259624734520912,0.012350532226264477,1.2356376647949219,0.9948076605796814,0.012342263013124466,0.012369910255074501,19,9.529861017654184e-06,1
random_inpainting,junco,1,7,0.777,0.5796428571428571,0.21108518838244975,0.010943361558020115,0.012200934812426567,1.2352322340011597,1.008320689201355,0.012086953967809677,0.012468070723116398,19,9.944095836544875e-06,1
random_inpainting,junco,1,8,0.888,0.54,0.21108518838244975,0.010707459412515163,0.01215832494199276,1.2343577146530151,0.9973276853561401,0.012175427749752998,0.012118237093091011,19,9.859512829279993e-06,1
random_inpainting,junco,1,9,0.999,0.5003571428571428,0.21108518838244975,0.010580291040241718,0.012235715985298157,1.234623908996582,0.9951519966125488,0.01227192860096693,0.012150845490396023,19,9.223909728461877e-06,1
random_inpainting,junco,2,0,0.0,0.6666666666666667,0.2203612135091675,0.011577649042010307,0.06439321488142014,1.0279624462127686,1.0030760765075684,0.08120901882648468,0.025119807571172714,46,9.89071122603491e-06,1
random_inpainting,junco,2,1,0.111,0.6204166666666668,0.2203612135091675,0.011458246037364006,0.06311207264661789,1.026882529258728,1.0029871463775635,0.07941977679729462,0.02502535656094551,45,9.932145076163579e-06,1
random_inpainting,junco,2,2,0.222,0.5741666666666667,0.2203612135091675,0.011648545041680336,0.06278190016746521,1.0284985303878784,0.9995256066322327,0.07912202179431915,0.024619456380605698,45,9.924308869813103e-06,1
random_inpainting,junco,2,3,0.333,0.5279166666666668,0.2203612135091675,0.011883500963449478,0.06183527037501335,1.028054118156433,0.9999186992645264,0.07774157077074051,0.024686012417078018,45,9.868620509223547e-06,1
random_inpainting,junco,2,4,0.444,0.48166666666666674,0.2203612135091675,0.01197701133787632,0.059702835977077484,1.0276342630386353,1.003506064414978,0.07489369064569473,0.02422451414167881,43,9.971255167329218e-06,1
random_inpainting,junco,2,5,0.555,0.4354166666666667,0.2203612135091675,0.012359649874269962,0.05824015662074089,1.0276726484298706,0.9933828115463257,0.07293233275413513,0.023926522582769394,42,9.99546409730101e-06,1
random_inpainting,junco,2,6,0.666,0.38916666666666666,nan,0.012831875123083591,0.05824015662074089,1.0276726484298706,0.9933828115463257,0.07293233275413513,0.023926522582769394,0,0.0,1
random_inpainting,junco,2,7,0.777,0.34291666666666665,nan,0.013585136272013187,0.05824015662074089,1.0276726484298706,0.9933828115463257,0.07293233275413513,0.023926522582769394,0,0.0,1
random_inpainting,junco,2,8,0.888,0.2966666666666667,nan,0.014856654219329357,0.05824015662074089,1.0276726484298706,0.9933828115463257,0.07293233275413513,0.023926522582769394,0,0.0,1
random_inpainting,junco,2,9,0.999,0.2504166666666667,nan,0.016559859737753868,0.05824015662074089,1.0276726484298706,0.9933828115463257,0.07293233275413513,0.023926522582769394,0,0.0,1
random_inpainting,junco,3,0,0.0,0.3999999999999999,0.22819071692139276,0.009431982412934303,0.11671679466962814,0.9977388978004456,1.0013912916183472,0.1646927446126938,0.004904580302536488,1,3.553885719043137e-08,1
random_inpainting,junco,3,1,0.111,0.3555999999999999,nan,0.01087617315351963,0.11671679466962814,0.9977388978004456,1.0013912916183472,0.1646927446126938,0.004904580302536488,0,0.0,1
random_inpainting,junco,3,2,0.222,0.3111999999999999,nan,0.013747267425060272,0.11671679466962814,0.9977388978004456,1.0013912916183472,0.1646927446126938,0.004904580302536488,0,0.0,1
random_inpainting,junco,3,3,0.333,0.2668,nan,0.01540498249232769,0.11671679466962814,0.9977388978004456,1.0013912916183472,0.1646927446126938,0.004904580302536488,0,0.0,1
random_inpainting,junco,3,4,0.444,0.22239999999999996,nan,0.016522610560059547,0.11671679466962814,0.9977388978004456,1.0013912916183472,0.1646927446126938,0.004904580302536488,0,0.0,1
random_inpainting,junco,3,5,0.555,0.17799999999999994,nan,0.01827741414308548,0.11671679466962814,0.9977388978004456,1.0013912916183472,0.1646927446126938,0.004904580302536488,0,0.0,1
random_inpainting,junco,3,6,0.666,0.13359999999999997,nan,0.021496202796697617,0.11671679466962814,0.9977388978004456,1.0013912916183472,0.1646927446126938,0.004904580302536488,0,0.0,1
random_inpainting,junco,3,7,0.777,0.08919999999999997,nan,0.02786899358034134,0.11671679466962814,0.9977388978004456,1.0013912916183472,0.1646927446126938,0.004904580302536488,0,0.0,1
random_inpainting,junco,3,8,0.888,0.044799999999999986,nan,0.044657252728939056,0.11671679466962814,0.9977388978004456,1.0013912916183472,0.1646927446126938,0.004904580302536488,0,0.0,1
random_inpainting,junco,3,9,0.999,0.0004000000000000003,nan,0.14477470517158508,0.11671679466962814,0.9977388978004456,1.0013912916183472,0.1646927446126938,0.004904580302536488,0,0.0,1
random_inpainting,lakeside_beach,0,0,0.0,1.0,0.2000590571988071,0.009970428422093391,0.0029002546798437834,1.3308005332946777,1.0085068941116333,0.0026071034371852875,0.003591321874409914,15,9.748604497872293e-06,1
random_inpainting,lakeside_beach,0,1,0.111,0.9722500000000001,0.2000590571988071,0.010642001405358315,0.0029883652459830046,1.3310805559158325,0.9829673767089844,0.0027135363779962063,0.0036362402606755495,13,9.772172234079335e-06,1
random_inpainting,lakeside_beach,0,2,0.222,0.9445,0.2000590571988071,0.01062399335205555,0.0029980370309203863,1.3310128450393677,1.010526418685913,0.002709639025852084,0.0036779004149138927,14,9.513917575532105e-06,1
random_inpainting,lakeside_beach,0,3,0.333,0.9167500000000001,0.2000590571988071,0.009873627685010433,0.003027204191312194,1.3310960531234741,0.9851222634315491,0.002720625139772892,0.0037499270401895046,13,9.74135946307797e-06,1
random_inpainting,lakeside_beach,0,4,0.444,0.889,0.2000590571988071,0.009073696099221706,0.0029240469448268414,1.3308899402618408,1.0106555223464966,0.0025814049877226353,0.003731783712282777,14,9.60521720116958e-06,1
random_inpainting,lakeside_beach,0,5,0.555,0.86125,0.2000590571988071,0.008365506306290627,0.0030054235830903053,1.3310739994049072,0.9899382591247559,0.0027035404928028584,0.003717076266184449,13,9.548815796733834e-06,1
random_inpainting,lakeside_beach,0,6,0.666,0.8335,0.2000590571988071,0.007804953958839178,0.002965296385809779,1.3310619592666626,1.0218288898468018,0.002631423994898796,0.003752360586076975,13,9.989347745431587e-06,1
random_inpainting,lakeside_beach,0,7,0.777,0.80575,0.2000590571988071,0.0074211894534528255,0.002833686303347349,1.3310949802398682,0.9890813231468201,0.0025306236930191517,0.003548118518665433,14,9.501106433162931e-06,1
random_inpainting,lakeside_beach,0,8,0.888,0.778,0.2000590571988071,0.00719289667904377,0.003023522673174739,1.3309695720672607,1.0073448419570923,0.0026861787773668766,0.003818769473582506,14,9.840179700404406e-06,1
random_inpainting,lakeside_beach,0,9,0.999,0.75025,0.2000590571988071,0.007022725883871317,0.0029138298705220222,1.3308734893798828,0.992436408996582,0.002595494268462062,0.0036642667837440968,13,9.560857506585307e-06,1
random_inpainting,lakeside_beach,1,0,0.0,0.8571428571428572,0.21108518838244975,0.013227979652583599,0.007985282689332962,1.175832986831665,0.9949657320976257,0.008247556164860725,0.007356781046837568,19,9.815577868721448e-06,1
random_inpainting,lakeside_beach,1,1,0.111,0.8175000000000001,0.21108518838244975,0.012689127586781979,0.00808658730238676,1.175812005996704,1.0010473728179932,0.008264153264462948,0.007661074865609407,19,9.770157703314908e-06,1
random_inpainting,lakeside_beach,1,2,0.222,0.7778571428571429,0.21108518838244975,0.012317526154220104,0.0077844057232141495,1.1755205392837524,1.0007309913635254,0.008033527061343193,0.0071874214336276054,19,9.949409104592633e-06,1
random_inpainting,lakeside_beach,1,3,0.333,0.7382142857142858,0.21108518838244975,0.012009454891085625,0.007853902876377106,1.1760199069976807,1.0040969848632812,0.008112117648124695,0.00723513076081872,19,9.753985068527982e-06,1
random_inpainting,lakeside_beach,1,4,0.444,0.6985714285714286,0.21108518838244975,0.011795909143984318,0.00789729692041874,1.1759026050567627,0.9977661371231079,0.008075891062617302,0.007469318341463804,19,9.672901796875522e-06,1
random_inpainting,lakeside_beach,1,5,0.555,0.6589285714285714,0.21108518838244975,0.011530348099768162,0.007978631183505058,1.1757136583328247,0.9973711371421814,0.008180554956197739,0.00749474810436368,19,9.9978187790839e-06,1
random_inpainting,lakeside_beach,1,6,0.666,0.6192857142857142,0.21108518838244975,0.011259624734520912,0.0079910047352314,1.1765810251235962,0.9948076605796814,0.008235050365328789,0.007406183984130621,19,9.934790796251036e-06,1
random_inpainting,lakeside_beach,1,7,0.777,0.5796428571428571,0.21108518838244975,0.010943361558020115,0.007990685291588306,1.1760607957839966,1.008320689201355,0.008236858062446117,0.007400768809020519,19,9.935094567481428e-06,1
random_inpainting,lakeside_beach,1,8,0.888,0.54,0.21108518838244975,0.010707459412515163,0.007944760844111443,1.176037073135376,0.9973276853561401,0.008158471435308456,0.007432633079588413,19,9.992882041842677e-06,1
random_inpainting,lakeside_beach,1,9,0.999,0.5003571428571428,0.21108518838244975,0.010580291040241718,0.007918800227344036,1.175480842590332,0.9951519966125488,0.008133091032505035,0.00740528479218483,19,9.82522851700196e-06,1
random_inpainting,lakeside_beach,2,0,0.0,0.6666666666666667,0.2203612135091675,0.011577649042010307,0.06215788051486015,1.0258395671844482,1.0030760765075684,0.07875362038612366,0.023035451769828796,44,9.852125003817491e-06,1
random_inpainting,lakeside_beach,2,1,0.111,0.6204166666666668,0.2203612135091675,0.011458246037364006,0.06325939297676086,1.0254627466201782,1.0029871463775635,0.08015233278274536,0.023436343297362328,44,9.79670585365966e-06,1
random_inpainting,lakeside_beach,2,2,0.222,0.5741666666666667,0.2203612135091675,0.011648545041680336,0.0627412348985672,1.0252994298934937,0.9995256066322327,0.07962122559547424,0.022948728874325752,44,9.863560080702882e-06,1
random_inpainting,lakeside_beach,2,3,0.333,0.5279166666666668,0.2203612135091675,0.011883500963449478,0.060220055282115936,1.0255717039108276,0.9999186992645264,0.07612394541501999,0.02272857166826725,43,9.869269888440613e-06,1
random_inpainting,lakeside_beach,2,4,0.444,0.48166666666666674,0.2203612135091675,0.01197701133787632,0.05901496857404709,1.0246827602386475,1.003506064414978,0.07463499158620834,0.022192664444446564,43,9.951102583727334e-06,1
random_inpainting,lakeside_beach,2,5,0.555,0.4354166666666667,0.2203612135091675,0.012359649874269962,0.05663345009088516,1.025951623916626,0.9933828115463257,0.07120451331138611,0.02228393778204918,41,9.978323760151397e-06,1
random_inpainting,lakeside_beach,2,6,0.666,0.38916666666666666,nan,0.012831875123083591,0.05663345009088516,1.025951623916626,0.9933828115463257,0.07120451331138611,0.02228393778204918,0,0.0,1
random_inpainting,lakeside_beach,2,7,0.777,0.34291666666666665,nan,0.013585136272013187,0.05663345009088516,1.025951623916626,0.9933828115463257,0.07120451331138611,0.02228393778204918,0,0.0,1
random_inpainting,lakeside_beach,2,8,0.888,0.2966666666666667,nan,0.014856654219329357,0.05663345009088516,1.025951623916626,0.9933828115463257,0.07120451331138611,0.02228393778204918,0,0.0,1
random_inpainting,lakeside_beach,2,9,0.999,0.2504166666666667,nan,0.016559859737753868,0.05663345009088516,1.025951623916626,0.9933828115463257,0.07120451331138611,0.02228393778204918,0,0.0,1
random_inpainting,lakeside_beach,3,0,0.0,0.3999999999999999,0.22819071692139276,0.009431982412934303,0.11436723917722702,0.9981133937835693,1.0013912916183472,0.16100291907787323,0.004925090819597244,1,3.245515145522404e-08,1
random_inpainting,lakeside_beach,3,1,0.111,0.3555999999999999,nan,0.01087617315351963,0.11436723917722702,0.9981133937835693,1.0013912916183472,0.16100291907787323,0.004925090819597244,0,0.0,1
random_inpainting,lakeside_beach,3,2,0.222,0.3111999999999999,nan,0.013747267425060272,0.11436723917722702,0.9981133937835693,1.0013912916183472,0.16100291907787323,0.004925090819597244,0,0.0,1
random_inpainting,lakeside_beach,3,3,0.333,0.2668,nan,0.01540498249232769,0.11436723917722702,0.9981133937835693,1.0013912916183472,0.16100291907787323,0.004925090819597244,0,0.0,1
random_inpainting,lakeside_beach,3,4,0.444,0.22239999999999996,nan,0.016522610560059547,0.11436723917722702,0.9981133937835693,1.0013912916183472,0.16100291907787323,0.004925090819597244,0,0.0,1
random_inpainting,lakeside_beach,3,5,0.555,0.17799999999999994,nan,0.01827741414308548,0.11436723917722702,0.9981133937835693,1.0013912916183472,0.16100291907787323,0.004925090819597244,0,0.0,1
random_inpainting,lakeside_beach,3,6,0.666,0.13359999999999997,nan,0.021496202796697617,0.11436723917722702,0.9981133937835693,1.0013912916183472,0.16100291907787323,0.004925090819597244,0,0.0,1
random_inpainting,lakeside_beach,3,7,0.777,0.08919999999999997,nan,0.02786899358034134,0.11436723917722702,0.9981133937835693,1.0013912916183472,0.16100291907787323,0.004925090819597244,0,0.0,1
random_inpainting,lakeside_beach,3,8,0.888,0.044799999999999986,nan,0.044657252728939056,0.11436723917722702,0.9981133937835693,1.0013912916183472,0.16100291907787323,0.004925090819597244,0,0.0,1
random_inpainting,lakeside_beach,3,9,0.999,0.0004000000000000003,nan,0.14477470517158508,0.11436723917722702,0.9981133937835693,1.0013912916183472,0.16100291907787323,0.004925090819597244,0,0.0,1
random_inpainting,sea_anemone,0,0,0.0,1.0,0.2000590571988071,0.009970428422093391,0.006815069820731878,1.5420198440551758,1.0085068941116333,0.006863047368824482,0.006700905039906502,14,9.948922524927184e-06,1
random_inpainting,sea_anemone,0,1,0.111,0.9722500000000001,0.2000590571988071,0.010642001405358315,0.006790398620069027,1.5421100854873657,0.9829673767089844,0.006913700141012669,0.006496998481452465,12,9.845080057857558e-06,1
random_inpainting,sea_anemone,0,2,0.222,0.9445,0.2000590571988071,0.01062399335205555,0.0067707388661801815,1.5419849157333374,1.010526418685913,0.006871818099170923,0.006530215963721275,12,9.841965947998688e-06,1
random_inpainting,sea_anemone,0,3,0.333,0.9167500000000001,0.2000590571988071,0.009873627685010433,0.006725333631038666,1.542016625404358,0.9851222634315491,0.006855189334601164,0.0064163366332650185,12,9.944747034751344e-06,1
random_inpainting,sea_anemone,0,4,0.444,0.889,0.2000590571988071,0.009073696099221706,0.006747489329427481,1.5422334671020508,1.0106555223464966,0.0068221185356378555,0.006569907534867525,12,9.992294508265331e-06,1
random_inpainting,sea_anemone,0,5,0.555,0.86125,0.2000590571988071,0.008365506306290627,0.006800934672355652,1.5421202182769775,0.9899382591247559,0.006902900990098715,0.006558299530297518,12,9.897468771669082e-06,1
random_inpainting,sea_anemone,0,6,0.666,0.8335,0.2000590571988071,0.007804953958839178,0.006803154945373535,1.542163372039795,1.0218288898468018,0.006852697115391493,0.006685268133878708,12,9.92880632111337e-06,1
random_inpainting,sea_anemone,0,7,0.777,0.80575,0.2000590571988071,0.0074211894534528255,0.006652149837464094,1.5421109199523926,0.9890813231468201,0.006759344600141048,0.0063970740884542465,12,9.95278332993621e-06,1
random_inpainting,sea_anemone,0,8,0.888,0.778,0.2000590571988071,0.00719289667904377,0.006740804761648178,1.5420386791229248,1.0073448419570923,0.006809295620769262,0.006577829364687204,12,9.880604011414107e-06,1
random_inpainting,sea_anemone,0,9,0.999,0.75025,0.2000590571988071,0.007022725883871317,0.00673109944909811,1.5419307947158813,0.992436408996582,0.006778421811759472,0.006618493236601353,12,9.933851288224105e-06,1
random_inpainting,sea_anemone,1,0,0.0,0.8571428571428572,0.21108518838244975,0.013227979652583599,0.012944727204740047,1.3518872261047363,0.9949657320976257,0.013154633343219757,0.012439343146979809,17,9.78587195277214e-06,1
random_inpainting,sea_anemone,1,1,0.111,0.8175000000000001,0.21108518838244975,0.012689127586781979,0.013099610805511475,1.351966142654419,1.0010473728179932,0.013247917406260967,0.012742542661726475,16,9.096082067117095e-06,1
random_inpainting,sea_anemone,1,2,0.222,0.7778571428571429,0.21108518838244975,0.012317526154220104,0.01322787906974554,1.351892113685608,1.0007309913635254,0.013395147398114204,0.012825152836740017,16,8.520793016941752e-06,1
random_inpainting,sea_anemone,1,3,0.333,0.7382142857142858,0.21108518838244975,0.012009454891085625,0.012864561751484871,1.351963758468628,1.0040969848632812,0.01301217544823885,0.01250915415585041,16,8.6294176071533e-06,1
random_inpainting,sea_anemone,1,4,0.444,0.6985714285714286,0.21108518838244975,0.011795909143984318,0.012729646638035774,1.3521568775177002,0.9977661371231079,0.012989268638193607,0.012104565277695656,16,8.635070116724819e-06,1
random_inpainting,sea_anemone,1,5,0.555,0.6589285714285714,0.21108518838244975,0.011530348099768162,0.013136198744177818,1.3525505065917969,0.9973711371421814,0.013367616571485996,0.012579020112752914,16,9.292366485169623e-06,1
random_inpainting,sea_anemone,1,6,0.666,0.6192857142857142,0.21108518838244975,0.011259624734520912,0.012875234708189964,1.3523792028427124,0.9948076605796814,0.013109017163515091,0.012312370352447033,16,9.244539796782192e-06,1
random_inpainting,sea_anemone,1,7,0.777,0.5796428571428571,0.21108518838244975,0.010943361558020115,0.013233069330453873,1.3529030084609985,1.008320689201355,0.013622588478028774,0.012295243330299854,16,8.802897355053574e-06,1
random_inpainting,sea_anemone,1,8,0.888,0.54,0.21108518838244975,0.010707459412515163,0.013247957453131676,1.3524143695831299,0.9973276853561401,0.01346380915492773,0.012728257104754448,16,8.84172914084047e-06,1
random_inpainting,sea_anemone,1,9,0.999,0.5003571428571428,0.21108518838244975,0.010580291040241718,0.012930675409734249,1.352360725402832,0.9951519966125488,0.013135246932506561,0.012438134290277958,16,8.530929335393012e-06,1
random_inpainting,sea_anemone,2,0,0.0,0.6666666666666667,0.2203612135091675,0.011577649042010307,0.0820249393582344,1.0775940418243408,1.0030760765075684,0.10286075621843338,0.03263362497091293,38,9.746821888256818e-06,1
random_inpainting,sea_anemone,2,1,0.111,0.6204166666666668,0.2203612135091675,0.011458246037364006,0.08156279474496841,1.077600121498108,1.0029871463775635,0.10242590308189392,0.03210679069161415,37,9.934793524735142e-06,1
random_inpainting,sea_anemone,2,2,0.222,0.5741666666666667,0.2203612135091675,0.011648545041680336,0.07903394848108292,1.0775752067565918,0.9995256066322327,0.0987495556473732,0.03229811042547226,37,9.429988494957797e-06,1
random_inpainting,sea_anemone,2,3,0.333,0.5279166666666668,0.2203612135091675,0.011883500963449478,0.07786333560943604,1.0770156383514404,0.9999186992645264,0.09688205271959305,0.03277945891022682,37,9.930690794135444e-06,1
random_inpainting,sea_anemone,2,4,0.444,0.48166666666666674,0.2203612135091675,0.01197701133787632,0.07715258002281189,1.076296329498291,1.003506064414978,0.09623105823993683,0.03192705288529396,36,9.975628017855342e-06,1
random_inpainting,sea_anemone,2,5,0.555,0.4354166666666667,0.2203612135091675,0.012359649874269962,0.07613297551870346,1.0775890350341797,0.9933828115463257,0.09468477964401245,0.03215591236948967,35,9.926712664309889e-06,1
random_inpainting,sea_anemone,2,6,0.666,0.38916666666666666,nan,0.012831875123083591,0.07613297551870346,1.0775890350341797,0.9933828115463257,0.09468477964401245,0.03215591236948967,0,0.0,1
random_inpainting,sea_anemone,2,7,0.777,0.34291666666666665,nan,0.013585136272013187,0.07613297551870346,1.0775890350341797,0.9933828115463257,0.09468477964401245,0.03215591236948967,0,0.0,1
random_inpainting,sea_anemone,2,8,0.888,0.2966666666666667,nan,0.014856654219329357,0.07613297551870346,1.0775890350341797,0.9933828115463257,0.09468477964401245,0.03215591236948967,0,0.0,1
random_inpainting,sea_anemone,2,9,0.999,0.2504166666666667,nan,0.016559859737753868,0.07613297551870346,1.0775890350341797,0.9933828115463257,0.09468477964401245,0.03215591236948967,0,0.0,1
random_inpainting,sea_anemone,3,0,0.0,0.3999999999999999,0.22819071692139276,0.009431982412934303,0.12003891170024872,0.9989938735961914,1.0013912916183472,0.16871671378612518,0.0048841009847819805,1,1.4205723708471396e-08,1
random_inpainting,sea_anemone,3,1,0.111,0.3555999999999999,nan,0.01087617315351963,0.12003891170024872,0.9989938735961914,1.0013912916183472,0.16871671378612518,0.0048841009847819805,0,0.0,1
random_inpainting,sea_anemone,3,2,0.222,0.3111999999999999,nan,0.013747267425060272,0.12003891170024872,0.9989938735961914,1.0013912916183472,0.16871671378612518,0.0048841009847819805,0,0.0,1
random_inpainting,sea_anemone,3,3,0.333,0.2668,nan,0.01540498249232769,0.12003891170024872,0.9989938735961914,1.0013912916183472,0.16871671378612518,0.0048841009847819805,0,0.0,1
random_inpainting,sea_anemone,3,4,0.444,0.22239999999999996,nan,0.016522610560059547,0.12003891170024872,0.9989938735961914,1.0013912916183472,0.16871671378612518,0.0048841009847819805,0,0.0,1
random_inpainting,sea_anemone,3,5,0.555,0.17799999999999994,nan,0.01827741414308548,0.12003891170024872,0.9989938735961914,1.0013912916183472,0.16871671378612518,0.0048841009847819805,0,0.0,1
random_inpainting,sea_anemone,3,6,0.666,0.13359999999999997,nan,0.021496202796697617,0.12003891170024872,0.9989938735961914,1.0013912916183472,0.16871671378612518,0.0048841009847819805,0,0.0,1
random_inpainting,sea_anemone,3,7,0.777,0.08919999999999997,nan,0.02786899358034134,0.12003891170024872,0.9989938735961914,1.0013912916183472,0.16871671378612518,0.0048841009847819805,0,0.0,1
random_inpainting,sea_anemone,3,8,0.888,0.044799999999999986,nan,0.044657252728939056,0.12003891170024872,0.9989938735961914,1.0013912916183472,0.16871671378612518,0.0048841009847819805,0,0.0,1
random_inpainting,sea_anemone,3,9,0.999,0.0004000000000000003,nan,0.14477470517158508,0.12003891170024872,0.9989938735961914,1.0013912916183472,0.16871671378612518,0.0048841009847819805,0,0.0,1
random_inpainting,shetland_sheepdog,0,0,0.0,1.0,0.2000590571988071,0.009970428422093391,0.007834694348275661,1.4174246788024902,1.0085068941116333,0.007741435430943966,0.008038933388888836,15,8.778941264608875e-06,1
random_inpainting,shetland_sheepdog,0,1,0.111,0.9722500000000001,0.2000590571988071,0.010642001405358315,0.0078088282607495785,1.4175962209701538,0.9829673767089844,0.0077332668006420135,0.007974308915436268,12,8.895131941244472e-06,1
random_inpainting,shetland_sheepdog,0,2,0.222,0.9445,0.2000590571988071,0.01062399335205555,0.007899376563727856,1.4177685976028442,1.010526418685913,0.007814020849764347,0.008086306974291801,12,8.847086974128615e-06,1
random_inpainting,shetland_sheepdog,0,3,0.333,0.9167500000000001,0.2000590571988071,0.009873627685010433,0.00791084673255682,1.4175102710723877,0.9851222634315491,0.007804264780133963,0.008144265040755272,12,8.35005812405143e-06,1
random_inpainting,shetland_sheepdog,0,4,0.444,0.889,0.2000590571988071,0.009073696099221706,0.007746919523924589,1.4174712896347046,1.0106555223464966,0.007604890037328005,0.008057966828346252,12,8.597409760113806e-06,1
random_inpainting,shetland_sheepdog,0,5,0.555,0.86125,0.2000590571988071,0.008365506306290627,0.007740515749901533,1.417439341545105,0.9899382591247559,0.007697915192693472,0.007833810523152351,12,9.130577382165939e-06,1
random_inpainting,shetland_sheepdog,0,6,0.666,0.8335,0.2000590571988071,0.007804953958839178,0.0077046556398272514,1.4173011779785156,1.0218288898468018,0.007596226874738932,0.007942115887999535,12,8.881344911060296e-06,1
random_inpainting,shetland_sheepdog,0,7,0.777,0.80575,0.2000590571988071,0.0074211894534528255,0.007725670002400875,1.4174439907073975,0.9890813231468201,0.007665293291211128,0.007857897318899632,12,8.745580089453142e-06,1
random_inpainting,shetland_sheepdog,0,8,0.888,0.778,0.2000590571988071,0.00719289667904377,0.00792999193072319,1.4175506830215454,1.0073448419570923,0.00784771516919136,0.00811018142849207,12,8.884321687219199e-06,1
random_inpainting,shetland_sheepdog,0,9,0.999,0.75025,0.2000590571988071,0.007022725883871317,0.007789754308760166,1.4171987771987915,0.992436408996582,0.0076491814106702805,0.008097613230347633,12,8.603853530075867e-06,1
random_inpainting,shetland_sheepdog,1,0,0.0,0.8571428571428572,0.21108518838244975,0.013227979652583599,0.00989026203751564,1.1943140029907227,0.9949657320976257,0.009974947199225426,0.009707300923764706,19,9.926675375027116e-06,1
random_inpainting,shetland_sheepdog,1,1,0.111,0.8175000000000001,0.21108518838244975,0.012689127586781979,0.010011901147663593,1.1944825649261475,1.0010474920272827,0.009993614628911018,0.010051407851278782,18,9.509242772764992e-06,1
random_inpainting,shetland_sheepdog,1,2,0.222,0.7778571428571429,0.21108518838244975,0.012317526154220104,0.00975986197590828,1.1939301490783691,1.0007309913635254,0.009730212390422821,0.009823919273912907,18,9.883691745926626e-06,1
random_inpainting,shetland_sheepdog,1,3,0.333,0.7382142857142858,0.21108518838244975,0.012009454891085625,0.009984581731259823,1.1942200660705566,1.0040969848632812,0.010031202808022499,0.00988385546952486,18,9.528354894428048e-06,1
random_inpainting,shetland_sheepdog,1,4,0.444,0.6985714285714286,0.21108518838244975,0.011795909143984318,0.009793324396014214,1.1941845417022705,0.9977661371231079,0.009801208972930908,0.009776287712156773,18,9.735334060678724e-06,1
random_inpainting,shetland_sheepdog,1,5,0.555,0.6589285714285714,0.21108518838244975,0.011530348099768162,0.010005946271121502,1.1941789388656616,0.9973711371421814,0.010082880035042763,0.009839730337262154,18,9.019203389470931e-06,1
random_inpainting,shetland_sheepdog,1,6,0.666,0.6192857142857142,0.21108518838244975,0.011259624734520912,0.009971735998988152,1.1943107843399048,0.9948076605796814,0.01001601479947567,0.0098760686814785,18,9.627617146179546e-06,1
random_inpainting,shetland_sheepdog,1,7,0.777,0.5796428571428571,0.21108518838244975,0.010943361558020115,0.010078232735395432,1.1946089267730713,1.008320689201355,0.010134601965546608,0.009956447407603264,18,9.502363354840782e-06,1
random_inpainting,shetland_sheepdog,1,8,0.888,0.54,0.21108518838244975,0.010707459412515163,0.0098106749355793,1.193877100944519,0.9973276853561401,0.009852249175310135,0.009720854461193085,18,9.891141417028848e-06,1
random_inpainting,shetland_sheepdog,1,9,0.999,0.5003571428571428,0.21108518838244975,0.010580291040241718,0.009869340807199478,1.1933444738388062,0.9951519966125488,0.009945794939994812,0.009704160504043102,18,9.911765118886251e-06,1
random_inpainting,shetland_sheepdog,2,0,0.0,0.6666666666666667,0.2203612135091675,0.011577649042010307,0.05908741056919098,1.017850637435913,1.0030760765075684,0.07530886679887772,0.022534387186169624,39,9.946883437805809e-06,1
random_inpainting,shetland_sheepdog,2,1,0.111,0.6204166666666668,0.2203612135091675,0.011458246037364006,0.057698361575603485,1.019808053970337,1.0029871463775635,0.07322028279304504,0.02272164262831211,39,9.800480256672017e-06,1
random_inpainting,shetland_sheepdog,2,2,0.222,0.5741666666666667,0.2203612135091675,0.011648545041680336,0.057958703488111496,1.0182327032089233,0.9995256066322327,0.07356838136911392,0.022784210741519928,39,9.993874300562311e-06,1
random_inpainting,shetland_sheepdog,2,3,0.333,0.5279166666666668,0.2203612135091675,0.011883500963449478,0.05582384765148163,1.0175145864486694,0.9999186992645264,0.07065072655677795,0.02241332270205021,39,9.760892680787947e-06,1
random_inpainting,shetland_sheepdog,2,4,0.444,0.48166666666666674,0.2203612135091675,0.01197701133787632,0.05517882853746414,1.0172401666641235,1.003506064414978,0.06989286839962006,0.022022556513547897,38,9.784876965568401e-06,1
random_inpainting,shetland_sheepdog,2,5,0.555,0.4354166666666667,0.2203612135091675,0.012359649874269962,0.05245758220553398,1.019534707069397,0.9933828115463257,0.06623897701501846,0.02140292339026928,37,9.546258297632448e-06,1
random_inpainting,shetland_sheepdog,2,6,0.666,0.38916666666666666,nan,0.012831875123083591,0.05245758220553398,1.019534707069397,0.9933828115463257,0.06623897701501846,0.02140292339026928,0,0.0,1
random_inpainting,shetland_sheepdog,2,7,0.777,0.34291666666666665,nan,0.013585136272013187,0.05245758220553398,1.019534707069397,0.9933828115463257,0.06623897701501846,0.02140292339026928,0,0.0,1
random_inpainting,shetland_sheepdog,2,8,0.888,0.2966666666666667,nan,0.014856654219329357,0.05245758220553398,1.019534707069397,0.9933828115463257,0.06623897701501846,0.02140292339026928,0,0.0,1
random_inpainting,shetland_sheepdog,2,9,0.999,0.2504166666666667,nan,0.016559859737753868,0.05245758220553398,1.019534707069397,0.9933828115463257,0.06623897701501846,0.02140292339026928,0,0.0,1
random_inpainting,shetland_sheepdog,3,0,0.0,0.3999999999999999,0.22819071692139276,0.009431982412934303,0.11702882498502731,0.9989434480667114,1.0013912916183472,0.165848508477211,0.004894355311989784,1,1.8324975314953917e-08,1
random_inpainting,shetland_sheepdog,3,1,0.111,0.3555999999999999,nan,0.01087617315351963,0.11702882498502731,0.9989434480667114,1.0013912916183472,0.165848508477211,0.004894355311989784,0,0.0,1
random_inpainting,shetland_sheepdog,3,2,0.222,0.3111999999999999,nan,0.013747267425060272,0.11702882498502731,0.9989434480667114,1.0013912916183472,0.165848508477211,0.004894355311989784,0,0.0,1
random_inpainting,shetland_sheepdog,3,3,0.333,0.2668,nan,0.01540498249232769,0.11702882498502731,0.9989434480667114,1.0013912916183472,0.165848508477211,0.004894355311989784,0,0.0,1
random_inpainting,shetland_sheepdog,3,4,0.444,0.22239999999999996,nan,0.016522610560059547,0.11702882498502731,0.9989434480667114,1.0013912916183472,0.165848508477211,0.004894355311989784,0,0.0,1
random_inpainting,shetland_sheepdog,3,5,0.555,0.17799999999999994,nan,0.01827741414308548,0.11702882498502731,0.9989434480667114,1.0013912916183472,0.165848508477211,0.004894355311989784,0,0.0,1
random_inpainting,shetland_sheepdog,3,6,0.666,0.13359999999999997,nan,0.021496202796697617,0.11702882498502731,0.9989434480667114,1.0013912916183472,0.165848508477211,0.004894355311989784,0,0.0,1
random_inpainting,shetland_sheepdog,3,7,0.777,0.08919999999999997,nan,0.02786899358034134,0.11702882498502731,0.9989434480667114,1.0013912916183472,0.165848508477211,0.004894355311989784,0,0.0,1
random_inpainting,shetland_sheepdog,3,8,0.888,0.044799999999999986,nan,0.044657252728939056,0.11702882498502731,0.9989434480667114,1.0013912916183472,0.165848508477211,0.004894355311989784,0,0.0,1
random_inpainting,shetland_sheepdog,3,9,0.999,0.0004000000000000003,nan,0.14477470517158508,0.11702882498502731,0.9989434480667114,1.0013912916183472,0.165848508477211,0.004894355311989784,0,0.0,1
gaussian_blur,breastplate_armor,0,0,0.0,1.0,0.2000590571988071,0.009970428422093391,0.005527266766875982,1.0886995792388916,0.9947441816329956,,,39,9.87056137091713e-06,1
gaussian_blur,breastplate_armor,0,1,0.111,0.9722500000000001,0.2000590571988071,0.010642001405358315,0.005668036174029112,1.0886187553405762,0.9973888397216797,,,35,9.875615432974882e-06,1
gaussian_blur,breastplate_armor,0,2,0.222,0.9445,0.2000590571988071,0.01062399335205555,0.005430690012872219,1.0885599851608276,0.9829674363136292,,,35,9.77257514023222e-06,1
gaussian_blur,breastplate_armor,0,3,0.333,0.9167500000000001,0.2000590571988071,0.009873627685010433,0.00536699965596199,1.0884777307510376,0.9869840145111084,,,35,9.965873687178828e-06,1
gaussian_blur,breastplate_armor,0,4,0.444,0.889,0.2000590571988071,0.009073696099221706,0.005626246333122253,1.0885365009307861,0.9984487891197205,,,35,9.937780305335764e-06,1
gaussian_blur,breastplate_armor,0,5,0.555,0.86125,0.2000590571988071,0.008365506306290627,0.005634869448840618,1.0887006521224976,0.9851222038269043,,,35,9.818017133511603e-06,1
gaussian_blur,breastplate_armor,0,6,0.666,0.8335,0.2000590571988071,0.007804953958839178,0.0056298463605344296,1.0885789394378662,1.0122591257095337,,,35,9.491230230196379e-06,1
gaussian_blur,breastplate_armor,0,7,0.777,0.80575,0.2000590571988071,0.0074211894534528255,0.005552285350859165,1.0890111923217773,1.0158469676971436,,,35,9.978187335946131e-06,1
gaussian_blur,breastplate_armor,0,8,0.888,0.778,0.2000590571988071,0.00719289667904377,0.005440286360681057,1.088551640510559,0.9899382591247559,,,35,9.885005965770688e-06,1
gaussian_blur,breastplate_armor,0,9,0.999,0.75025,0.2000590571988071,0.007022725883871317,0.005495975725352764,1.088533639907837,0.9699145555496216,,,35,9.996521839639172e-06,1
gaussian_blur,breastplate_armor,1,0,0.0,0.8571428571428572,0.21108518838244975,0.013227979652583599,0.07414475083351135,0.9944108724594116,1.001232385635376,,,118,9.983587915485259e-06,1
gaussian_blur,breastplate_armor,1,1,0.111,0.8175000000000001,0.21108518838244975,0.012689127586781979,0.0730663612484932,0.9950674772262573,1.0051027536392212,,,118,9.952563232218381e-06,1
gaussian_blur,breastplate_armor,1,2,0.222,0.7778571428571429,0.21108518838244975,0.012317526154220104,0.07098501920700073,0.9957645535469055,1.0067402124404907,,,118,9.928147846949287e-06,1
gaussian_blur,breastplate_armor,1,3,0.333,0.7382142857142858,0.21108518838244975,0.012009454891085625,0.07283781468868256,0.9952033758163452,1.0015387535095215,,,118,9.94218498817645e-06,1
gaussian_blur,breastplate_armor,1,4,0.444,0.6985714285714286,0.21108518838244975,0.011795909143984318,0.07200495898723602,0.994256854057312,0.9979171752929688,,,117,9.993345884140581e-06,1
gaussian_blur,breastplate_armor,1,5,0.555,0.6589285714285714,0.21108518838244975,0.011530348099768162,0.06807747483253479,0.9949865937232971,1.005010962486267,,,116,9.944948033080436e-06,1
gaussian_blur,breastplate_armor,1,6,0.666,0.6192857142857142,0.21108518838244975,0.011259624734520912,0.0705689936876297,0.9940385818481445,0.9920858144760132,,,115,9.996889275498688e-06,1
gaussian_blur,breastplate_armor,1,7,0.777,0.5796428571428571,0.21108518838244975,0.010943361558020115,0.06707549095153809,0.9948490858078003,1.0061179399490356,,,113,9.839997801464051e-06,1
gaussian_blur,breastplate_armor,1,8,0.888,0.54,0.21108518838244975,0.010707459412515163,0.06668177247047424,0.9951562285423279,1.0071406364440918,,,112,9.993650564865675e-06,1
gaussian_blur,breastplate_armor,1,9,0.999,0.5003571428571428,0.21108518838244975,0.010580291040241718,0.06462238729000092,0.994160532951355,0.9874954223632812,,,108,9.960597708413843e-06,1
gaussian_blur,breastplate_armor,2,0,0.0,0.6666666666666667,0.2203612135091675,0.011577649042010307,0.18840482831001282,0.992977499961853,0.9937723875045776,,,70,9.45859392231796e-06,1
gaussian_blur,breastplate_armor,2,1,0.111,0.6204166666666668,0.2203612135091675,0.011458246037364006,0.18752513825893402,0.9935765266418457,1.0020711421966553,,,70,9.224236237059813e-06,1
gaussian_blur,breastplate_armor,2,2,0.222,0.5741666666666667,0.2203612135091675,0.011648545041680336,0.18348608911037445,0.9931766390800476,1.0010837316513062,,,70,9.982302799471654e-06,1
gaussian_blur,breastplate_armor,2,3,0.333,0.5279166666666668,0.2203612135091675,0.011883500963449478,0.180942565202713,0.9936453700065613,0.9983058571815491,,,68,9.989194040826987e-06,1
gaussian_blur,breastplate_armor,2,4,0.444,0.48166666666666674,0.2203612135091675,0.01197701133787632,0.17097207903862,0.9930594563484192,0.9982717037200928,,,67,9.512283213553019e-06,1
gaussian_blur,breastplate_armor,2,5,0.555,0.4354166666666667,0.2203612135091675,0.012359649874269962,0.15954647958278656,0.9936048984527588,1.0028070211410522,,,65,9.770746146386955e-06,1
gaussian_blur,breastplate_armor,2,6,0.666,0.38916666666666666,nan,0.012831875123083591,0.15954647958278656,0.9936048984527588,1.0028070211410522,,,0,0.0,1
gaussian_blur,breastplate_armor,2,7,0.777,0.34291666666666665,nan,0.013585136272013187,0.15954647958278656,0.9936048984527588,1.0028070211410522,,,0,0.0,1
gaussian_blur,breastplate_armor,2,8,0.888,0.2966666666666667,nan,0.014856654219329357,0.15954647958278656,0.9936048984527588,1.0028070211410522,,,0,0.0,1
gaussian_blur,breastplate_armor,2,9,0.999,0.2504166666666667,nan,0.016559859737753868,0.15954647958278656,0.9936048984527588,1.0028070211410522,,,0,0.0,1
gaussian_blur,breastplate_armor,3,0,0.0,0.3999999999999999,0.22819071692139276,0.009431982412934303,0.16576290130615234,0.9928395748138428,1.0014568567276,,,33,8.860515663400292e-06,1
gaussian_blur,breastplate_armor,3,1,0.111,0.3555999999999999,nan,0.01087617315351963,0.16576290130615234,0.9928395748138428,1.0014568567276,,,0,0.0,1
gaussian_blur,breastplate_armor,3,2,0.222,0.3111999999999999,nan,0.013747267425060272,0.16576290130615234,0.9928395748138428,1.0014568567276,,,0,0.0,1
gaussian_blur,breastplate_armor,3,3,0.333,0.2668,nan,0.01540498249232769,0.16576290130615234,0.9928395748138428,1.0014568567276,,,0,0.0,1
gaussian_blur,breastplate_armor,3,4,0.444,0.22239999999999996,nan,0.016522610560059547,0.16576290130615234,0.9928395748138428,1.0014568567276,,,0,0.0,1
gaussian_blur,breastplate_armor,3,5,0.555,0.17799999999999994,nan,0.01827741414308548,0.16576290130615234,0.9928395748138428,1.0014568567276,,,0,0.0,1
gaussian_blur,breastplate_armor,3,6,0.666,0.13359999999999997,nan,0.021496202796697617,0.16576290130615234,0.9928395748138428,1.0014568567276,,,0,0.0,1
gaussian_blur,breastplate_armor,3,7,0.777,0.08919999999999997,nan,0.02786899358034134,0.16576290130615234,0.9928395748138428,1.0014568567276,,,0,0.0,1
gaussian_blur,breastplate_armor,3,8,0.888,0.044799999999999986,nan,0.044657252728939056,0.16576290130615234,0.9928395748138428,1.0014568567276,,,0,0.0,1
gaussian_blur,breastplate_armor,3,9,0.999,0.0004000000000000003,nan,0.14477470517158508,0.16576290130615234,0.9928395748138428,1.0014568567276,,,0,0.0,1
gaussian_blur,crane_structure,0,0,0.0,1.0,0.2000590571988071,0.009970428422093391,0.019290756434202194,1.263769507408142,0.9947441816329956,,,45,9.668987331679091e-06,1
gaussian_blur,crane_structure,0,1,0.111,0.9722500000000001,0.2000590571988071,0.010642001405358315,0.019025705754756927,1.2637228965759277,0.9973888397216797,,,36,9.98355244519189e-06,1
gaussian_blur,crane_structure,0,2,0.222,0.9445,0.2000590571988071,0.01062399335205555,0.019165748730301857,1.2636483907699585,0.9829674363136292,,,36,9.801901796890888e-06,1
gaussian_blur,crane_structure,0,3,0.333,0.9167500000000001,0.2000590571988071,0.009873627685010433,0.019035054370760918,1.2635767459869385,0.9869840145111084,,,37,9.860900718194898e-06,1
gaussian_blur,crane_structure,0,4,0.444,0.889,0.2000590571988071,0.009073696099221706,0.019286170601844788,1.2636383771896362,0.9984487891197205,,,36,9.784952453628648e-06,1
gaussian_blur,crane_structure,0,5,0.555,0.86125,0.2000590571988071,0.008365506306290627,0.019052919000387192,1.2637907266616821,0.9851222038269043,,,36,9.823898835747968e-06,1
gaussian_blur,crane_structure,0,6,0.666,0.8335,0.2000590571988071,0.007804953958839178,0.019063368439674377,1.2636806964874268,1.0122591257095337,,,36,9.635864444135223e-06,1
gaussian_blur,crane_structure,0,7,0.777,0.80575,0.2000590571988071,0.0074211894534528255,0.019310563802719116,1.2640440464019775,1.0158469676971436,,,36,9.780425898497924e-06,1
gaussian_blur,crane_structure,0,8,0.888,0.778,0.2000590571988071,0.00719289667904377,0.01933125965297222,1.2636409997940063,0.9899382591247559,,,37,9.992154446081258e-06,1
gaussian_blur,crane_structure,0,9,0.999,0.75025,0.2000590571988071,0.007022725883871317,0.01900492236018181,1.263638973236084,0.9699146151542664,,,36,9.756243343872484e-06,1
gaussian_blur,crane_structure,1,0,0.0,0.8571428571428572,0.21108518838244975,0.013227979652583599,0.08597266674041748,0.9964713454246521,1.001232385635376,,,124,9.914892871165648e-06,1
gaussian_blur,crane_structure,1,1,0.111,0.8175000000000001,0.21108518838244975,0.012689127586781979,0.08373968303203583,0.9974576830863953,1.0051027536392212,,,121,9.944183148036245e-06,1
gaussian_blur,crane_structure,1,2,0.222,0.7778571428571429,0.21108518838244975,0.012317526154220104,0.08235287666320801,0.9981449246406555,1.0067402124404907,,,121,9.968682206817903e-06,1
gaussian_blur,crane_structure,1,3,0.333,0.7382142857142858,0.21108518838244975,0.012009454891085625,0.08434432744979858,0.9975579977035522,1.0015387535095215,,,121,9.989665159082506e-06,1
gaussian_blur,crane_structure,1,4,0.444,0.6985714285714286,0.21108518838244975,0.011795909143984318,0.08415786921977997,0.9963940382003784,0.9979171752929688,,,120,9.91516026260797e-06,1
gaussian_blur,crane_structure,1,5,0.555,0.6589285714285714,0.21108518838244975,0.011530348099768162,0.08077973127365112,0.9970981478691101,1.005010962486267,,,120,9.951387255568989e-06,1
gaussian_blur,crane_structure,1,6,0.666,0.6192857142857142,0.21108518838244975,0.011259624734520912,0.08218665421009064,0.9963485598564148,0.9920858144760132,,,119,9.827949725149665e-06,1
gaussian_blur,crane_structure,1,7,0.777,0.5796428571428571,0.21108518838244975,0.010943361558020115,0.0795154869556427,0.9968647360801697,1.0061179399490356,,,117,9.910670996760018e-06,1
gaussian_blur,crane_structure,1,8,0.888,0.54,0.21108518838244975,0.010707459412515163,0.07922464609146118,0.9973669052124023,1.0071406364440918,,,114,9.895059520204086e-06,1
gaussian_blur,crane_structure,1,9,0.999,0.5003571428571428,0.21108518838244975,0.010580291040241718,0.0798867717385292,0.9959676265716553,0.9874954223632812,,,112,9.974362910725176e-06,1
gaussian_blur,crane_structure,2,0,0.0,0.6666666666666667,0.2203612135091675,0.011577649042010307,0.20180881023406982,0.9952394366264343,0.9937723875045776,,,72,9.90801436273614e-06,1
gaussian_blur,crane_structure,2,1,0.111,0.6204166666666668,0.2203612135091675,0.011458246037364006,0.19997292757034302,0.9955231547355652,1.0020711421966553,,,72,9.347206287202425e-06,1
gaussian_blur,crane_structure,2,2,0.222,0.5741666666666667,0.2203612135091675,0.011648545041680336,0.19641828536987305,0.9945385456085205,1.0010837316513062,,,72,9.955859241017606e-06,1
gaussian_blur,crane_structure,2,3,0.333,0.5279166666666668,0.2203612135091675,0.011883500963449478,0.19269537925720215,0.9948559999465942,0.9983058571815491,,,70,9.971004146791529e-06,1
gaussian_blur,crane_structure,2,4,0.444,0.48166666666666674,0.2203612135091675,0.01197701133787632,0.18165932595729828,0.9939068555831909,0.9982717037200928,,,69,9.960051102098078e-06,1
gaussian_blur,crane_structure,2,5,0.555,0.4354166666666667,0.2203612135091675,0.012359649874269962,0.1704079806804657,0.9942359328269958,1.0028070211410522,,,66,9.725506970426068e-06,1
gaussian_blur,crane_structure,2,6,0.666,0.38916666666666666,nan,0.012831875123083591,0.1704079806804657,0.9942359328269958,1.0028070211410522,,,0,0.0,1
gaussian_blur,crane_structure,2,7,0.777,0.34291666666666665,nan,0.013585136272013187,0.1704079806804657,0.9942359328269958,1.0028070211410522,,,0,0.0,1
gaussian_blur,crane_structure,2,8,0.888,0.2966666666666667,nan,0.014856654219329357,0.1704079806804657,0.9942359328269958,1.0028070211410522,,,0,0.0,1
gaussian_blur,crane_structure,2,9,0.999,0.2504166666666667,nan,0.016559859737753868,0.1704079806804657,0.9942359328269958,1.0028070211410522,,,0,0.0,1
gaussian_blur,crane_structure,3,0,0.0,0.3999999999999999,0.22819071692139276,0.009431982412934303,0.18135516345500946,0.9937421083450317,1.0014568567276,,,34,8.46662533149356e-06,1
gaussian_blur,crane_structure,3,1,0.111,0.3555999999999999,nan,0.01087617315351963,0.18135516345500946,0.9937421083450317,1.0014568567276,,,0,0.0,1
gaussian_blur,crane_structure,3,2,0.222,0.3111999999999999,nan,0.013747267425060272,0.18135516345500946,0.9937421083450317,1.0014568567276,,,0,0.0,1
gaussian_blur,crane_structure,3,3,0.333,0.2668,nan,0.01540498249232769,0.18135516345500946,0.9937421083450317,1.0014568567276,,,0,0.0,1
gaussian_blur,crane_structure,3,4,0.444,0.22239999999999996,nan,0.016522610560059547,0.18135516345500946,0.9937421083450317,1.0014568567276,,,0,0.0,1
gaussian_blur,crane_structure,3,5,0.555,0.17799999999999994,nan,0.01827741414308548,0.18135516345500946,0.9937421083450317,1.0014568567276,,,0,0.0,1
gaussian_blur,crane_structure,3,6,0.666,0.13359999999999997,nan,0.021496202796697617,0.18135516345500946,0.9937421083450317,1.0014568567276,,,0,0.0,1
gaussian_blur,crane_structure,3,7,0.777,0.08919999999999997,nan,0.02786899358034134,0.18135516345500946,0.9937421083450317,1.0014568567276,,,0,0.0,1
gaussian_blur,crane_structure,3,8,0.888,0.044799999999999986,nan,0.044657252728939056,0.18135516345500946,0.9937421083450317,1.0014568567276,,,0,0.0,1
gaussian_blur,crane_structure,3,9,0.999,0.0004000000000000003,nan,0.14477470517158508,0.18135516345500946,0.9937421083450317,1.0014568567276,,,0,0.0,1
gaussian_blur,ibex_horns,0,0,0.0,1.0,0.2000590571988071,0.009970428422093391,0.029410338029265404,1.2902812957763672,0.9947441816329956,,,47,9.888633030641358e-06,1
gaussian_blur,ibex_horns,0,1,0.111,0.9722500000000001,0.2000590571988071,0.010642001405358315,0.029460150748491287,1.2902196645736694,0.9973888397216797,,,38,9.664437129686121e-06,1
gaussian_blur,ibex_horns,0,2,0.222,0.9445,0.2000590571988071,0.01062399335205555,0.02887660823762417,1.2901757955551147,0.9829674363136292,,,38,9.978641173802316e-06,1
gaussian_blur,ibex_horns,0,3,0.333,0.9167500000000001,0.2000590571988071,0.009873627685010433,0.029603686183691025,1.2900670766830444,0.9869840145111084,,,38,9.654329005570617e-06,1
gaussian_blur,ibex_horns,0,4,0.444,0.889,0.2000590571988071,0.009073696099221706,0.029774731025099754,1.290130853652954,0.9984487891197205,,,38,9.983695235860068e-06,1
gaussian_blur,ibex_horns,0,5,0.555,0.86125,0.2000590571988071,0.008365506306290627,0.029653485864400864,1.2902806997299194,0.9851222038269043,,,38,9.547208719595801e-06,1
gaussian_blur,ibex_horns,0,6,0.666,0.8335,0.2000590571988071,0.007804953958839178,0.029576143249869347,1.290172815322876,1.0122592449188232,,,38,9.93110461422475e-06,1
gaussian_blur,ibex_horns,0,7,0.777,0.80575,0.2000590571988071,0.0074211894534528255,0.029601681977510452,1.2905360460281372,1.0158469676971436,,,38,9.896820301946718e-06,1
gaussian_blur,ibex_horns,0,8,0.888,0.778,0.2000590571988071,0.00719289667904377,0.029659396037459373,1.2901476621627808,0.9899382591247559,,,38,9.928332474373747e-06,1
gaussian_blur,ibex_horns,0,9,0.999,0.75025,0.2000590571988071,0.007022725883871317,0.029316142201423645,1.2901383638381958,0.9699145555496216,,,38,9.581558515492361e-06,1
gaussian_blur,ibex_horns,1,0,0.0,0.8571428571428572,0.21108518838244975,0.013227979652583599,0.0820174440741539,0.9954476356506348,1.001232385635376,,,130,9.971562576538417e-06,1
gaussian_blur,ibex_horns,1,1,0.111,0.8175000000000001,0.21108518838244975,0.012689127586781979,0.08039828389883041,0.9962741136550903,1.0051027536392212,,,127,9.978180059988517e-06,1
gaussian_blur,ibex_horns,1,2,0.222,0.7778571428571429,0.21108518838244975,0.012317526154220104,0.07806844264268875,0.9968270063400269,1.0067402124404907,,,127,9.937487448041793e-06,1
gaussian_blur,ibex_horns,1,3,0.333,0.7382142857142858,0.21108518838244975,0.012009454891085625,0.07982723414897919,0.9964001774787903,1.0015387535095215,,,127,9.94890979200136e-06,1
gaussian_blur,ibex_horns,1,4,0.444,0.6985714285714286,0.21108518838244975,0.011795909143984318,0.08050084114074707,0.9952110648155212,0.9979171752929688,,,125,9.945274541678373e-06,1
gaussian_blur,ibex_horns,1,5,0.555,0.6589285714285714,0.21108518838244975,0.011530348099768162,0.07588744163513184,0.9959668517112732,1.005010962486267,,,124,9.799266990739852e-06,1
gaussian_blur,ibex_horns,1,6,0.666,0.6192857142857142,0.21108518838244975,0.011259624734520912,0.07792093604803085,0.9951429963111877,0.9920858144760132,,,123,9.699389011075255e-06,1
gaussian_blur,ibex_horns,1,7,0.777,0.5796428571428571,0.21108518838244975,0.010943361558020115,0.07511039078235626,0.9958328008651733,1.0061179399490356,,,122,9.93768117041327e-06,1
gaussian_blur,ibex_horns,1,8,0.888,0.54,0.21108518838244975,0.010707459412515163,0.07474060356616974,0.9960625767707825,1.0071406364440918,,,120,9.965804565581493e-06,1
gaussian_blur,ibex_horns,1,9,0.999,0.5003571428571428,0.21108518838244975,0.010580291040241718,0.07261601090431213,0.9951707124710083,0.9874954223632812,,,117,9.987800694943871e-06,1
gaussian_blur,ibex_horns,2,0,0.0,0.6666666666666667,0.2203612135091675,0.011577649042010307,0.19346222281455994,0.9943459630012512,0.9937723875045776,,,75,9.937877621268854e-06,1
gaussian_blur,ibex_horns,2,1,0.111,0.6204166666666668,0.2203612135091675,0.011458246037364006,0.19300584495067596,0.9946905374526978,1.0020711421966553,,,75,9.980513823393267e-06,1
gaussian_blur,ibex_horns,2,2,0.222,0.5741666666666667,0.2203612135091675,0.011648545041680336,0.18867754936218262,0.9941946864128113,1.0010837316513062,,,74,9.96479775494663e-06,1
gaussian_blur,ibex_horns,2,3,0.333,0.5279166666666668,0.2203612135091675,0.011883500963449478,0.18644961714744568,0.9946507215499878,0.9983058571815491,,,73,9.989017598854844e-06,1
gaussian_blur,ibex_horns,2,4,0.444,0.48166666666666674,0.2203612135091675,0.01197701133787632,0.17796361446380615,0.9939965009689331,0.9982717037200928,,,72,9.99369422061136e-06,1
gaussian_blur,ibex_horns,2,5,0.555,0.4354166666666667,0.2203612135091675,0.012359649874269962,0.16577419638633728,0.9944267868995667,1.0028070211410522,,,69,9.969759958039504e-06,1
gaussian_blur,ibex_horns,2,6,0.666,0.38916666666666666,nan,0.012831875123083591,0.16577419638633728,0.9944267868995667,1.0028070211410522,,,0,0.0,1
gaussian_blur,ibex_horns,2,7,0.777,0.34291666666666665,nan,0.013585136272013187,0.16577419638633728,0.9944267868995667,1.0028070211410522,,,0,0.0,1
gaussian_blur,ibex_horns,2,8,0.888,0.2966666666666667,nan,0.014856654219329357,0.16577419638633728,0.9944267868995667,1.0028070211410522,,,0,0.0,1
gaussian_blur,ibex_horns,2,9,0.999,0.2504166666666667,nan,0.016559859737753868,0.16577419638633728,0.9944267868995667,1.0028070211410522,,,0,0.0,1
gaussian_blur,ibex_horns,3,0,0.0,0.3999999999999999,0.22819071692139276,0.009431982412934303,0.17677715420722961,0.9942000508308411,1.0014568567276,,,35,9.068282452062704e-06,1
gaussian_blur,ibex_horns,3,1,0.111,0.3555999999999999,nan,0.01087617315351963,0.17677715420722961,0.9942000508308411,1.0014568567276,,,0,0.0,1
gaussian_blur,ibex_horns,3,2,0.222,0.3111999999999999,nan,0.013747267425060272,0.17677715420722961,0.9942000508308411,1.0014568567276,,,0,0.0,1
gaussian_blur,ibex_horns,3,3,0.333,0.2668,nan,0.01540498249232769,0.17677715420722961,0.9942000508308411,1.0014568567276,,,0,0.0,1
gaussian_blur,ibex_horns,3,4,0.444,0.22239999999999996,nan,0.016522610560059547,0.17677715420722961,0.9942000508308411,1.0014568567276,,,0,0.0,1
gaussian_blur,ibex_horns,3,5,0.555,0.17799999999999994,nan,0.01827741414308548,0.17677715420722961,0.9942000508308411,1.0014568567276,,,0,0.0,1
gaussian_blur,ibex_horns,3,6,0.666,0.13359999999999997,nan,0.021496202796697617,0.17677715420722961,0.9942000508308411,1.0014568567276,,,0,0.0,1
gaussian_blur,ibex_horns,3,7,0.777,0.08919999999999997,nan,0.02786899358034134,0.17677715420722961,0.9942000508308411,1.0014568567276,,,0,0.0,1
gaussian_blur,ibex_horns,3,8,0.888,0.044799999999999986,nan,0.044657252728939056,0.17677715420722961,0.9942000508308411,1.0014568567276,,,0,0.0,1
gaussian_blur,ibex_horns,3,9,0.999,0.0004000000000000003,nan,0.14477470517158508,0.17677715420722961,0.9942000508308411,1.0014568567276,,,0,0.0,1
gaussian_blur,junco,0,0,0.0,1.0,0.2000590571988071,0.009970428422093391,0.01164521835744381,1.081294059753418,0.9947441816329956,,,49,9.872769624053035e-06,1
gaussian_blur,junco,0,1,0.111,0.9722500000000001,0.2000590571988071,0.010642001405358315,0.011629259213805199,1.081217646598816,0.9973888397216797,,,42,9.911389497574419e-06,1
gaussian_blur,junco,0,2,0.222,0.9445,0.2000590571988071,0.01062399335205555,0.01181058119982481,1.0811288356781006,0.9829674363136292,,,42,9.97794541035546e-06,1
gaussian_blur,junco,0,3,0.333,0.9167500000000001,0.2000590571988071,0.009873627685010433,0.011593932285904884,1.0810539722442627,0.9869840145111084,,,43,9.906868399411906e-06,1
gaussian_blur,junco,0,4,0.444,0.889,0.2000590571988071,0.009073696099221706,0.01184484176337719,1.081122875213623,0.9984487891197205,,,42,9.870059329841752e-06,1
gaussian_blur,junco,0,5,0.555,0.86125,0.2000590571988071,0.008365506306290627,0.011851632967591286,1.081282377243042,0.9851222038269043,,,43,9.623231562727597e-06,1
gaussian_blur,junco,0,6,0.666,0.8335,0.2000590571988071,0.007804953958839178,0.011661986820399761,1.081167459487915,1.0122591257095337,,,42,9.968273843696807e-06,1
gaussian_blur,junco,0,7,0.777,0.80575,0.2000590571988071,0.0074211894534528255,0.01183408685028553,1.0815927982330322,1.0158469676971436,,,42,9.815836165216751e-06,1
gaussian_blur,junco,0,8,0.888,0.778,0.2000590571988071,0.00719289667904377,0.011826151981949806,1.0811271667480469,0.9899382591247559,,,43,9.925372069119476e-06,1
gaussian_blur,junco,0,9,0.999,0.75025,0.2000590571988071,0.007022725883871317,0.011290624737739563,1.081139326095581,0.9699145555496216,,,43,9.83132304099854e-06,1
gaussian_blur,junco,1,0,0.0,0.8571428571428572,0.21108518838244975,0.013227979652583599,0.07404309511184692,0.9942370057106018,1.001232385635376,,,140,9.962896911019925e-06,1
gaussian_blur,junco,1,1,0.111,0.8175000000000001,0.21108518838244975,0.012689127586781979,0.07305294275283813,0.9948869347572327,1.0051027536392212,,,140,9.92365039564902e-06,1
gaussian_blur,junco,1,2,0.222,0.7778571428571429,0.21108518838244975,0.012317526154220104,0.07100951671600342,0.9955978393554688,1.0067402124404907,,,140,9.894151844491716e-06,1
gaussian_blur,junco,1,3,0.333,0.7382142857142858,0.21108518838244975,0.012009454891085625,0.0729619562625885,0.9950348734855652,1.0015387535095215,,,140,9.962122021534014e-06,1
gaussian_blur,junco,1,4,0.444,0.6985714285714286,0.21108518838244975,0.011795909143984318,0.07210412621498108,0.994005560874939,0.9979171752929688,,,138,9.6108706202358e-06,1
gaussian_blur,junco,1,5,0.555,0.6589285714285714,0.21108518838244975,0.011530348099768162,0.06847681105136871,0.994708776473999,1.005010962486267,,,137,9.727164069772698e-06,1
gaussian_blur,junco,1,6,0.666,0.6192857142857142,0.21108518838244975,0.011259624734520912,0.07004756480455399,0.9939137697219849,0.9920858144760132,,,136,9.607210813555866e-06,1
gaussian_blur,junco,1,7,0.777,0.5796428571428571,0.21108518838244975,0.010943361558020115,0.06709786504507065,0.9946603775024414,1.0061179399490356,,,134,9.808863069338258e-06,1
gaussian_blur,junco,1,8,0.888,0.54,0.21108518838244975,0.010707459412515163,0.06665462255477905,0.9949319362640381,1.0071406364440918,,,132,9.99569965642877e-06,1
gaussian_blur,junco,1,9,0.999,0.5003571428571428,0.21108518838244975,0.010580291040241718,0.0649343729019165,0.9939473867416382,0.9874954223632812,,,129,9.997944289352745e-06,1
gaussian_blur,junco,2,0,0.0,0.6666666666666667,0.2203612135091675,0.011577649042010307,0.1861335039138794,0.9929360151290894,0.9937723875045776,,,82,9.474860235059168e-06,1
gaussian_blur,junco,2,1,0.111,0.6204166666666668,0.2203612135091675,0.011458246037364006,0.18485701084136963,0.993580162525177,1.0020711421966553,,,82,9.982607480196748e-06,1
gaussian_blur,junco,2,2,0.222,0.5741666666666667,0.2203612135091675,0.011648545041680336,0.18103772401809692,0.9930787682533264,1.0010837316513062,,,82,9.850098649621941e-06,1
gaussian_blur,junco,2,3,0.333,0.5279166666666668,0.2203612135091675,0.011883500963449478,0.1781371831893921,0.9934804439544678,0.9983058571815491,,,80,9.573907846061047e-06,1
gaussian_blur,junco,2,4,0.444,0.48166666666666674,0.2203612135091675,0.01197701133787632,0.1686752289533615,0.9928727149963379,0.9982717037200928,,,78,9.804819455894176e-06,1
gaussian_blur,junco,2,5,0.555,0.4354166666666667,0.2203612135091675,0.012359649874269962,0.15797477960586548,0.9934113621711731,1.0028070211410522,,,75,9.411094652023166e-06,1
gaussian_blur,junco,2,6,0.666,0.38916666666666666,nan,0.012831875123083591,0.15797477960586548,0.9934113621711731,1.0028070211410522,,,0,0.0,1
gaussian_blur,junco,2,7,0.777,0.34291666666666665,nan,0.013585136272013187,0.15797477960586548,0.9934113621711731,1.0028070211410522,,,0,0.0,1
gaussian_blur,junco,2,8,0.888,0.2966666666666667,nan,0.014856654219329357,0.15797477960586548,0.9934113621711731,1.0028070211410522,,,0,0.0,1
gaussian_blur,junco,2,9,0.999,0.2504166666666667,nan,0.016559859737753868,0.15797477960586548,0.9934113621711731,1.0028070211410522,,,0,0.0,1
gaussian_blur,junco,3,0,0.0,0.3999999999999999,0.22819071692139276,0.009431982412934303,0.15878154337406158,0.9926389455795288,1.0014568567276,,,38,8.98120015335735e-06,1
gaussian_blur,junco,3,1,0.111,0.3555999999999999,nan,0.01087617315351963,0.15878154337406158,0.9926389455795288,1.0014568567276,,,0,0.0,1
gaussian_blur,junco,3,2,0.222,0.3111999999999999,nan,0.013747267425060272,0.15878154337406158,0.9926389455795288,1.0014568567276,,,0,0.0,1
gaussian_blur,junco,3,3,0.333,0.2668,nan,0.01540498249232769,0.15878154337406158,0.9926389455795288,1.0014568567276,,,0,0.0,1
gaussian_blur,junco,3,4,0.444,0.22239999999999996,nan,0.016522610560059547,0.15878154337406158,0.9926389455795288,1.0014568567276,,,0,0.0,1
gaussian_blur,junco,3,5,0.555,0.17799999999999994,nan,0.01827741414308548,0.15878154337406158,0.9926389455795288,1.0014568567276,,,0,0.0,1
gaussian_blur,junco,3,6,0.666,0.13359999999999997,nan,0.021496202796697617,0.15878154337406158,0.9926389455795288,1.0014568567276,,,0,0.0,1
gaussian_blur,junco,3,7,0.777,0.08919999999999997,nan,0.02786899358034134,0.15878154337406158,0.9926389455795288,1.0014568567276,,,0,0.0,1
gaussian_blur,junco,3,8,0.888,0.044799999999999986,nan,0.044657252728939056,0.15878154337406158,0.9926389455795288,1.0014568567276,,,0,0.0,1
gaussian_blur,junco,3,9,0.999,0.0004000000000000003,nan,0.14477470517158508,0.15878154337406158,0.9926389455795288,1.0014568567276,,,0,0.0,1
gaussian_blur,lakeside_beach,0,0,0.0,1.0,0.2000590571988071,0.009970428422093391,0.0028854995034635067,1.0490655899047852,0.9947441816329956,,,42,9.764857168192975e-06,1
gaussian_blur,lakeside_beach,0,1,0.111,0.9722500000000001,0.2000590571988071,0.010642001405358315,0.00301150931045413,1.0489884614944458,0.9973888397216797,,,40,9.662291631684639e-06,1
gaussian_blur,lakeside_beach,0,2,0.222,0.9445,0.2000590571988071,0.01062399335205555,0.0028716917149722576,1.0489081144332886,0.9829674363136292,,,40,9.835644959821366e-06,1
gaussian_blur,lakeside_beach,0,3,0.333,0.9167500000000001,0.2000590571988071,0.009873627685010433,0.0028330404311418533,1.048819899559021,0.9869840145111084,,,41,9.667964150139596e-06,1
gaussian_blur,lakeside_beach,0,4,0.444,0.889,0.2000590571988071,0.009073696099221706,0.00299778301268816,1.048895001411438,0.9984487891197205,,,40,9.826800123846624e-06,1
gaussian_blur,lakeside_beach,0,5,0.555,0.86125,0.2000590571988071,0.008365506306290627,0.002983275568112731,1.0490645170211792,0.9851222038269043,,,41,9.668696293374524e-06,1
gaussian_blur,lakeside_beach,0,6,0.666,0.8335,0.2000590571988071,0.007804953958839178,0.002916503231972456,1.0489388704299927,1.0122591257095337,,,40,9.717978173284791e-06,1
gaussian_blur,lakeside_beach,0,7,0.777,0.80575,0.2000590571988071,0.0074211894534528255,0.0029329233802855015,1.0493847131729126,1.0158469676971436,,,41,9.686251360108145e-06,1
gaussian_blur,lakeside_beach,0,8,0.888,0.778,0.2000590571988071,0.00719289667904377,0.0029399986378848553,1.0489013195037842,0.9899382591247559,,,41,9.991857041313779e-06,1
gaussian_blur,lakeside_beach,0,9,0.999,0.75025,0.2000590571988071,0.007022725883871317,0.0029720745515078306,1.0488847494125366,0.9699146151542664,,,41,9.989636055252049e-06,1
gaussian_blur,lakeside_beach,1,0,0.0,0.8571428571428572,0.21108518838244975,0.013227979652583599,0.07282741367816925,0.9940762519836426,1.001232385635376,,,134,9.892446541925892e-06,1
gaussian_blur,lakeside_beach,1,1,0.111,0.8175000000000001,0.21108518838244975,0.012689127586781979,0.07150007784366608,0.9948389530181885,1.0051027536392212,,,134,9.90962053037947e-06,1
gaussian_blur,lakeside_beach,1,2,0.222,0.7778571428571429,0.21108518838244975,0.012317526154220104,0.06959380954504013,0.9954800605773926,1.0067402124404907,,,134,9.75518469203962e-06,1
gaussian_blur,lakeside_beach,1,3,0.333,0.7382142857142858,0.21108518838244975,0.012009454891085625,0.07112713158130646,0.9949501156806946,1.0015387535095215,,,134,9.928110557666514e-06,1
gaussian_blur,lakeside_beach,1,4,0.444,0.6985714285714286,0.21108518838244975,0.011795909143984318,0.07061997056007385,0.9939446449279785,0.9979171752929688,,,133,9.873385351966135e-06,1
gaussian_blur,lakeside_beach,1,5,0.555,0.6589285714285714,0.21108518838244975,0.011530348099768162,0.06672109663486481,0.9946819543838501,1.005010962486267,,,132,9.96905509964563e-06,1
gaussian_blur,lakeside_beach,1,6,0.666,0.6192857142857142,0.21108518838244975,0.011259624734520912,0.06880321353673935,0.9938413500785828,0.9920858144760132,,,131,9.804746696318034e-06,1
gaussian_blur,lakeside_beach,1,7,0.777,0.5796428571428571,0.21108518838244975,0.010943361558020115,0.06576588749885559,0.994476318359375,1.0061179399490356,,,130,9.980270988307893e-06,1
gaussian_blur,lakeside_beach,1,8,0.888,0.54,0.21108518838244975,0.010707459412515163,0.06518903374671936,0.9948457479476929,1.0071406364440918,,,127,9.901174053084105e-06,1
gaussian_blur,lakeside_beach,1,9,0.999,0.5003571428571428,0.21108518838244975,0.010580291040241718,0.06295815110206604,0.9939486980438232,0.9874954223632812,,,123,9.9756061899825e-06,1
gaussian_blur,lakeside_beach,2,0,0.0,0.6666666666666667,0.2203612135091675,0.011577649042010307,0.1849958598613739,0.9926830530166626,0.9937723875045776,,,79,9.530696843285114e-06,1
gaussian_blur,lakeside_beach,2,1,0.111,0.6204166666666668,0.2203612135091675,0.011458246037364006,0.18385367095470428,0.9934508204460144,1.0020711421966553,,,79,9.54930601437809e-06,1
gaussian_blur,lakeside_beach,2,2,0.222,0.5741666666666667,0.2203612135091675,0.011648545041680336,0.18056021630764008,0.9929648041725159,1.0010837316513062,,,79,9.822763786360156e-06,1
gaussian_blur,lakeside_beach,2,3,0.333,0.5279166666666668,0.2203612135091675,0.011883500963449478,0.17719392478466034,0.9933072328567505,0.9983058571815491,,,78,9.982106348616071e-06,1
gaussian_blur,lakeside_beach,2,4,0.444,0.48166666666666674,0.2203612135091675,0.01197701133787632,0.16780424118041992,0.9927152395248413,0.9982717037200928,,,76,9.974456588679459e-06,1
gaussian_blur,lakeside_beach,2,5,0.555,0.4354166666666667,0.2203612135091675,0.012359649874269962,0.15585839748382568,0.9934065341949463,1.0028070211410522,,,73,9.957281690731179e-06,1
gaussian_blur,lakeside_beach,2,6,0.666,0.38916666666666666,nan,0.012831875123083591,0.15585839748382568,0.9934065341949463,1.0028070211410522,,,0,0.0,1
gaussian_blur,lakeside_beach,2,7,0.777,0.34291666666666665,nan,0.013585136272013187,0.15585839748382568,0.9934065341949463,1.0028070211410522,,,0,0.0,1
gaussian_blur,lakeside_beach,2,8,0.888,0.2966666666666667,nan,0.014856654219329357,0.15585839748382568,0.9934065341949463,1.0028070211410522,,,0,0.0,1
gaussian_blur,lakeside_beach,2,9,0.999,0.2504166666666667,nan,0.016559859737753868,0.15585839748382568,0.9934065341949463,1.0028070211410522,,,0,0.0,1
gaussian_blur,lakeside_beach,3,0,0.0,0.3999999999999999,0.22819071692139276,0.009431982412934303,0.1590326726436615,0.9922923445701599,1.0014568567276,,,37,8.670327588333748e-06,1
gaussian_blur,lakeside_beach,3,1,0.111,0.3555999999999999,nan,0.01087617315351963,0.1590326726436615,0.9922923445701599,1.0014568567276,,,0,0.0,1
gaussian_blur,lakeside_beach,3,2,0.222,0.3111999999999999,nan,0.013747267425060272,0.1590326726436615,0.9922923445701599,1.0014568567276,,,0,0.0,1
gaussian_blur,lakeside_beach,3,3,0.333,0.2668,nan,0.01540498249232769,0.1590326726436615,0.9922923445701599,1.0014568567276,,,0,0.0,1
gaussian_blur,lakeside_beach,3,4,0.444,0.22239999999999996,nan,0.016522610560059547,0.1590326726436615,0.9922923445701599,1.0014568567276,,,0,0.0,1
gaussian_blur,lakeside_beach,3,5,0.555,0.17799999999999994,nan,0.01827741414308548,0.1590326726436615,0.9922923445701599,1.0014568567276,,,0,0.0,1
gaussian_blur,lakeside_beach,3,6,0.666,0.13359999999999997,nan,0.021496202796697617,0.1590326726436615,0.9922923445701599,1.0014568567276,,,0,0.0,1
gaussian_blur,lakeside_beach,3,7,0.777,0.08919999999999997,nan,0.02786899358034134,0.1590326726436615,0.9922923445701599,1.0014568567276,,,0,0.0,1
gaussian_blur,lakeside_beach,3,8,0.888,0.044799999999999986,nan,0.044657252728939056,0.1590326726436615,0.9922923445701599,1.0014568567276,,,0,0.0,1
gaussian_blur,lakeside_beach,3,9,0.999,0.0004000000000000003,nan,0.14477470517158508,0.1590326726436615,0.9922923445701599,1.0014568567276,,,0,0.0,1
gaussian_blur,sea_anemone,0,0,0.0,1.0,0.2000590571988071,0.009970428422093391,0.006939099635928869,1.0549004077911377,0.9947441816329956,,,39,9.857010809355415e-06,1
gaussian_blur,sea_anemone,0,1,0.111,0.9722500000000001,0.2000590571988071,0.010642001405358315,0.00690080039203167,1.054818034172058,0.9973888397216797,,,34,9.898761163640302e-06,1
gaussian_blur,sea_anemone,0,2,0.222,0.9445,0.2000590571988071,0.01062399335205555,0.006848262157291174,1.054746150970459,0.9829674363136292,,,34,9.947518265107647e-06,1
gaussian_blur,sea_anemone,0,3,0.333,0.9167500000000001,0.2000590571988071,0.009873627685010433,0.006598432548344135,1.0546740293502808,0.9869840145111084,,,34,9.881450750981458e-06,1
gaussian_blur,sea_anemone,0,4,0.444,0.889,0.2000590571988071,0.009073696099221706,0.00710035627707839,1.05471670627594,0.9984487891197205,,,34,9.786746886675246e-06,1
gaussian_blur,sea_anemone,0,5,0.555,0.86125,0.2000590571988071,0.008365506306290627,0.006880111992359161,1.0549055337905884,0.9851222038269043,,,34,9.981385119317565e-06,1
gaussian_blur,sea_anemone,0,6,0.666,0.8335,0.2000590571988071,0.007804953958839178,0.006904306821525097,1.054774522781372,1.0122591257095337,,,34,9.683565622253809e-06,1
gaussian_blur,sea_anemone,0,7,0.777,0.80575,0.2000590571988071,0.0074211894534528255,0.007026250474154949,1.0552207231521606,1.0158469676971436,,,34,9.83400059340056e-06,1
gaussian_blur,sea_anemone,0,8,0.888,0.778,0.2000590571988071,0.00719289667904377,0.006912616081535816,1.0547399520874023,0.9899382591247559,,,35,9.980140021070838e-06,1
gaussian_blur,sea_anemone,0,9,0.999,0.75025,0.2000590571988071,0.007022725883871317,0.006814868655055761,1.0547306537628174,0.9699145555496216,,,34,9.902517376758624e-06,1
gaussian_blur,sea_anemone,1,0,0.0,0.8571428571428572,0.21108518838244975,0.013227979652583599,0.07338295131921768,0.9942182898521423,1.001232385635376,,,115,9.976779438147787e-06,1
gaussian_blur,sea_anemone,1,1,0.111,0.8175000000000001,0.21108518838244975,0.012689127586781979,0.07173939049243927,0.994994044303894,1.0051027536392212,,,115,9.991438673750963e-06,1
gaussian_blur,sea_anemone,1,2,0.222,0.7778571428571429,0.21108518838244975,0.012317526154220104,0.07019805908203125,0.9956589341163635,1.0067402124404907,,,115,9.98110590444412e-06,1
gaussian_blur,sea_anemone,1,3,0.333,0.7382142857142858,0.21108518838244975,0.012009454891085625,0.07204096764326096,0.9950399398803711,1.0015387535095215,,,114,9.974263775802683e-06,1
gaussian_blur,sea_anemone,1,4,0.444,0.6985714285714286,0.21108518838244975,0.011795909143984318,0.07108773291110992,0.9940577745437622,0.9979171752929688,,,114,9.97035294858506e-06,1
gaussian_blur,sea_anemone,1,5,0.555,0.6589285714285714,0.21108518838244975,0.011530348099768162,0.06765440106391907,0.9947330355644226,1.005010962486267,,,113,9.623953701520804e-06,1
gaussian_blur,sea_anemone,1,6,0.666,0.6192857142857142,0.21108518838244975,0.011259624734520912,0.0690351128578186,0.9939756989479065,0.9920858144760132,,,112,9.97478036879329e-06,1
gaussian_blur,sea_anemone,1,7,0.777,0.5796428571428571,0.21108518838244975,0.010943361558020115,0.06624199450016022,0.9946079850196838,1.0061179399490356,,,112,9.98761515802471e-06,1
gaussian_blur,sea_anemone,1,8,0.888,0.54,0.21108518838244975,0.010707459412515163,0.06607390195131302,0.9948725700378418,1.0071406364440918,,,109,9.987146768253297e-06,1
gaussian_blur,sea_anemone,1,9,0.999,0.5003571428571428,0.21108518838244975,0.010580291040241718,0.06326622515916824,0.9940493702888489,0.9874954223632812,,,106,9.93384855974e-06,1
gaussian_blur,sea_anemone,2,0,0.0,0.6666666666666667,0.2203612135091675,0.011577649042010307,0.18641388416290283,0.9928574562072754,0.9937723875045776,,,69,9.857076292973943e-06,1
gaussian_blur,sea_anemone,2,1,0.111,0.6204166666666668,0.2203612135091675,0.011458246037364006,0.1851569265127182,0.9935687780380249,1.0020711421966553,,,68,9.827611393120605e-06,1
gaussian_blur,sea_anemone,2,2,0.222,0.5741666666666667,0.2203612135091675,0.011648545041680336,0.1816338747739792,0.9930171370506287,1.0010837316513062,,,68,9.597083590051625e-06,1
gaussian_blur,sea_anemone,2,3,0.333,0.5279166666666668,0.2203612135091675,0.011883500963449478,0.178704172372818,0.9935402870178223,0.9983058571815491,,,67,9.740411769598722e-06,1
gaussian_blur,sea_anemone,2,4,0.444,0.48166666666666674,0.2203612135091675,0.01197701133787632,0.1692817509174347,0.9928550720214844,0.9982717037200928,,,66,9.95292157313088e-06,1
gaussian_blur,sea_anemone,2,5,0.555,0.4354166666666667,0.2203612135091675,0.012359649874269962,0.16063283383846283,0.9934678673744202,1.0028070211410522,,,63,9.409987796971109e-06,1
gaussian_blur,sea_anemone,2,6,0.666,0.38916666666666666,nan,0.012831875123083591,0.16063283383846283,0.9934678673744202,1.0028070211410522,,,0,0.0,1
gaussian_blur,sea_anemone,2,7,0.777,0.34291666666666665,nan,0.013585136272013187,0.16063283383846283,0.9934678673744202,1.0028070211410522,,,0,0.0,1
gaussian_blur,sea_anemone,2,8,0.888,0.2966666666666667,nan,0.014856654219329357,0.16063283383846283,0.9934678673744202,1.0028070211410522,,,0,0.0,1
gaussian_blur,sea_anemone,2,9,0.999,0.2504166666666667,nan,0.016559859737753868,0.16063283383846283,0.9934678673744202,1.0028070211410522,,,0,0.0,1
gaussian_blur,sea_anemone,3,0,0.0,0.3999999999999999,0.22819071692139276,0.009431982412934303,0.1606685221195221,0.992733895778656,1.0014568567276,,,32,9.754633538250346e-06,1
gaussian_blur,sea_anemone,3,1,0.111,0.3555999999999999,nan,0.01087617315351963,0.1606685221195221,0.992733895778656,1.0014568567276,,,0,0.0,1
gaussian_blur,sea_anemone,3,2,0.222,0.3111999999999999,nan,0.013747267425060272,0.1606685221195221,0.992733895778656,1.0014568567276,,,0,0.0,1
gaussian_blur,sea_anemone,3,3,0.333,0.2668,nan,0.01540498249232769,0.1606685221195221,0.992733895778656,1.0014568567276,,,0,0.0,1
gaussian_blur,sea_anemone,3,4,0.444,0.22239999999999996,nan,0.016522610560059547,0.1606685221195221,0.992733895778656,1.0014568567276,,,0,0.0,1
gaussian_blur,sea_anemone,3,5,0.555,0.17799999999999994,nan,0.01827741414308548,0.1606685221195221,0.992733895778656,1.0014568567276,,,0,0.0,1
gaussian_blur,sea_anemone,3,6,0.666,0.13359999999999997,nan,0.021496202796697617,0.1606685221195221,0.992733895778656,1.0014568567276,,,0,0.0,1
gaussian_blur,sea_anemone,3,7,0.777,0.08919999999999997,nan,0.02786899358034134,0.1606685221195221,0.992733895778656,1.0014568567276,,,0,0.0,1
gaussian_blur,sea_anemone,3,8,0.888,0.044799999999999986,nan,0.044657252728939056,0.1606685221195221,0.992733895778656,1.0014568567276,,,0,0.0,1
gaussian_blur,sea_anemone,3,9,0.999,0.0004000000000000003,nan,0.14477470517158508,0.1606685221195221,0.992733895778656,1.0014568567276,,,0,0.0,1
gaussian_blur,shetland_sheepdog,0,0,0.0,1.0,0.2000590571988071,0.009970428422093391,0.008859631605446339,1.0681614875793457,0.9947441816329956,,,43,9.962265721696895e-06,1
gaussian_blur,shetland_sheepdog,0,1,0.111,0.9722500000000001,0.2000590571988071,0.010642001405358315,0.00887258630245924,1.0680811405181885,0.9973888397216797,,,37,9.878813216346316e-06,1
gaussian_blur,shetland_sheepdog,0,2,0.222,0.9445,0.2000590571988071,0.01062399335205555,0.008805287070572376,1.0680053234100342,0.9829674363136292,,,37,9.911880624713376e-06,1
gaussian_blur,shetland_sheepdog,0,3,0.333,0.9167500000000001,0.2000590571988071,0.009873627685010433,0.00875827856361866,1.0679218769073486,0.9869840145111084,,,37,9.874594070424791e-06,1
gaussian_blur,shetland_sheepdog,0,4,0.444,0.889,0.2000590571988071,0.009073696099221706,0.008772389963269234,1.0680032968521118,0.9984487891197205,,,37,9.89336331258528e-06,1
gaussian_blur,shetland_sheepdog,0,5,0.555,0.86125,0.2000590571988071,0.008365506306290627,0.008933166041970253,1.068160891532898,0.9851222038269043,,,37,9.956869689631276e-06,1
gaussian_blur,shetland_sheepdog,0,6,0.666,0.8335,0.2000590571988071,0.007804953958839178,0.008819567039608955,1.0680394172668457,1.0122591257095337,,,37,9.428652447240893e-06,1
gaussian_blur,shetland_sheepdog,0,7,0.777,0.80575,0.2000590571988071,0.0074211894534528255,0.008965710178017616,1.0684723854064941,1.0158469676971436,,,37,9.755326573213097e-06,1
gaussian_blur,shetland_sheepdog,0,8,0.888,0.778,0.2000590571988071,0.00719289667904377,0.008863382041454315,1.0680046081542969,0.9899382591247559,,,37,9.911714187182952e-06,1
gaussian_blur,shetland_sheepdog,0,9,0.999,0.75025,0.2000590571988071,0.007022725883871317,0.008822346106171608,1.067988395690918,0.9699146151542664,,,37,9.97342067421414e-06,1
gaussian_blur,shetland_sheepdog,1,0,0.0,0.8571428571428572,0.21108518838244975,0.013227979652583599,0.0738368034362793,0.994109034538269,1.001232385635376,,,124,9.840260645432863e-06,1
gaussian_blur,shetland_sheepdog,1,1,0.111,0.8175000000000001,0.21108518838244975,0.012689127586781979,0.07252144813537598,0.9949114918708801,1.0051027536392212,,,123,9.859835699899122e-06,1
gaussian_blur,shetland_sheepdog,1,2,0.222,0.7778571428571429,0.21108518838244975,0.012317526154220104,0.07062751054763794,0.9955402612686157,1.0067402124404907,,,123,9.677990419731941e-06,1
gaussian_blur,shetland_sheepdog,1,3,0.333,0.7382142857142858,0.21108518838244975,0.012009454891085625,0.07236449420452118,0.9949887990951538,1.0015387535095215,,,123,9.444876013731118e-06,1
gaussian_blur,shetland_sheepdog,1,4,0.444,0.6985714285714286,0.21108518838244975,0.011795909143984318,0.07191185653209686,0.9939442276954651,0.9979171752929688,,,123,9.95403024717234e-06,1
gaussian_blur,shetland_sheepdog,1,5,0.555,0.6589285714285714,0.21108518838244975,0.011530348099768162,0.06809838116168976,0.9946747422218323,1.005010962486267,,,122,9.921554919856135e-06,1
gaussian_blur,shetland_sheepdog,1,6,0.666,0.6192857142857142,0.21108518838244975,0.011259624734520912,0.06981533765792847,0.9938482046127319,0.9920858144760132,,,120,9.821374078455847e-06,1
gaussian_blur,shetland_sheepdog,1,7,0.777,0.5796428571428571,0.21108518838244975,0.010943361558020115,0.06683669984340668,0.9945586323738098,1.0061179399490356,,,119,9.937890354194678e-06,1
gaussian_blur,shetland_sheepdog,1,8,0.888,0.54,0.21108518838244975,0.010707459412515163,0.06626679748296738,0.9949010610580444,1.0071406364440918,,,117,9.932901775755454e-06,1
gaussian_blur,shetland_sheepdog,1,9,0.999,0.5003571428571428,0.21108518838244975,0.010580291040241718,0.06381288170814514,0.9939364194869995,0.9874954223632812,,,113,9.78289153863443e-06,1
gaussian_blur,shetland_sheepdog,2,0,0.0,0.6666666666666667,0.2203612135091675,0.011577649042010307,0.18579940497875214,0.9929972887039185,0.9937723875045776,,,73,9.646556463849265e-06,1
gaussian_blur,shetland_sheepdog,2,1,0.111,0.6204166666666668,0.2203612135091675,0.011458246037364006,0.18439356982707977,0.9936085939407349,1.0020711421966553,,,73,9.975288776331581e-06,1
gaussian_blur,shetland_sheepdog,2,2,0.222,0.5741666666666667,0.2203612135091675,0.011648545041680336,0.1805015206336975,0.9930751323699951,1.0010837316513062,,,73,9.985427823266946e-06,1
gaussian_blur,shetland_sheepdog,2,3,0.333,0.5279166666666668,0.2203612135091675,0.011883500963449478,0.1775217056274414,0.9935765266418457,0.9983058571815491,,,72,9.94493984762812e-06,1
gaussian_blur,shetland_sheepdog,2,4,0.444,0.48166666666666674,0.2203612135091675,0.01197701133787632,0.16837309300899506,0.9930068850517273,0.9982717037200928,,,70,9.457918167754542e-06,1
gaussian_blur,shetland_sheepdog,2,5,0.555,0.4354166666666667,0.2203612135091675,0.012359649874269962,0.15611454844474792,0.9936774969100952,1.0028070211410522,,,67,9.65301205724245e-06,1
gaussian_blur,shetland_sheepdog,2,6,0.666,0.38916666666666666,nan,0.012831875123083591,0.15611454844474792,0.9936774969100952,1.0028070211410522,,,0,0.0,1
gaussian_blur,shetland_sheepdog,2,7,0.777,0.34291666666666665,nan,0.013585136272013187,0.15611454844474792,0.9936774969100952,1.0028070211410522,,,0,0.0,1
gaussian_blur,shetland_sheepdog,2,8,0.888,0.2966666666666667,nan,0.014856654219329357,0.15611454844474792,0.9936774969100952,1.0028070211410522,,,0,0.0,1
gaussian_blur,shetland_sheepdog,2,9,0.999,0.2504166666666667,nan,0.016559859737753868,0.15611454844474792,0.9936774969100952,1.0028070211410522,,,0,0.0,1
gaussian_blur,shetland_sheepdog,3,0,0.0,0.3999999999999999,0.22819071692139276,0.009431982412934303,0.157304048538208,0.9932092428207397,1.0014568567276,,,34,9.32652983465232e-06,1
gaussian_blur,shetland_sheepdog,3,1,0.111,0.3555999999999999,nan,0.01087617315351963,0.157304048538208,0.9932092428207397,1.0014568567276,,,0,0.0,1
gaussian_blur,shetland_sheepdog,3,2,0.222,0.3111999999999999,nan,0.013747267425060272,0.157304048538208,0.9932092428207397,1.0014568567276,,,0,0.0,1
gaussian_blur,shetland_sheepdog,3,3,0.333,0.2668,nan,0.01540498249232769,0.157304048538208,0.9932092428207397,1.0014568567276,,,0,0.0,1
gaussian_blur,shetland_sheepdog,3,4,0.444,0.22239999999999996,nan,0.016522610560059547,0.157304048538208,0.9932092428207397,1.0014568567276,,,0,0.0,1
gaussian_blur,shetland_sheepdog,3,5,0.555,0.17799999999999994,nan,0.01827741414308548,0.157304048538208,0.9932092428207397,1.0014568567276,,,0,0.0,1
gaussian_blur,shetland_sheepdog,3,6,0.666,0.13359999999999997,nan,0.021496202796697617,0.157304048538208,0.9932092428207397,1.0014568567276,,,0,0.0,1
gaussian_blur,shetland_sheepdog,3,7,0.777,0.08919999999999997,nan,0.02786899358034134,0.157304048538208,0.9932092428207397,1.0014568567276,,,0,0.0,1
gaussian_blur,shetland_sheepdog,3,8,0.888,0.044799999999999986,nan,0.044657252728939056,0.157304048538208,0.9932092428207397,1.0014568567276,,,0,0.0,1
gaussian_blur,shetland_sheepdog,3,9,0.999,0.0004000000000000003,nan,0.14477470517158508,0.157304048538208,0.9932092428207397,1.0014568567276,,,0,0.0,1
motion_blur,breastplate_armor,0,0,0.0,1.0,0.2000590571988071,0.009970428422093391,0.03145931288599968,1.1244661808013916,0.9947441816329956,,,142,9.986197255784646e-06,1
motion_blur,breastplate_armor,0,1,0.111,0.9722500000000001,0.2000590571988071,0.010642001405358315,0.030112160369753838,1.1240841150283813,0.9973888397216797,,,132,9.929602128977422e-06,1
motion_blur,breastplate_armor,0,2,0.222,0.9445,0.2000590571988071,0.01062399335205555,0.03094504401087761,1.124306082725525,0.9829674363136292,,,133,9.966269317374099e-06,1
motion_blur,breastplate_armor,0,3,0.333,0.9167500000000001,0.2000590571988071,0.009873627685010433,0.03257136791944504,1.1242374181747437,0.9869840145111084,,,133,9.858056728262454e-06,1
motion_blur,breastplate_armor,0,4,0.444,0.889,0.2000590571988071,0.009073696099221706,0.031827881932258606,1.124303936958313,0.9984487891197205,,,129,9.929884072334971e-06,1
motion_blur,breastplate_armor,0,5,0.555,0.86125,0.2000590571988071,0.008365506306290627,0.031174201518297195,1.12429678440094,0.9851222038269043,,,133,9.974814020097256e-06,1
motion_blur,breastplate_armor,0,6,0.666,0.8335,0.2000590571988071,0.007804953958839178,0.033191025257110596,1.1244173049926758,1.0122591257095337,,,133,9.931179192790296e-06,1
motion_blur,breastplate_armor,0,7,0.777,0.80575,0.2000590571988071,0.0074211894534528255,0.031614068895578384,1.1246166229248047,1.0158469676971436,,,132,9.875944670056924e-06,1
motion_blur,breastplate_armor,0,8,0.888,0.778,0.2000590571988071,0.00719289667904377,0.032124318182468414,1.1243983507156372,0.9899382591247559,,,133,9.946048521669582e-06,1
motion_blur,breastplate_armor,0,9,0.999,0.75025,0.2000590571988071,0.007022725883871317,0.031408846378326416,1.124306321144104,0.9699146151542664,,,128,9.910494554787874e-06,1
motion_blur,breastplate_armor,1,0,0.0,0.8571428571428572,0.21108518838244975,0.013227979652583599,0.09275449812412262,1.0235506296157837,1.001232385635376,,,115,9.945012607204262e-06,1
motion_blur,breastplate_armor,1,1,0.111,0.8175000000000001,0.21108518838244975,0.012689127586781979,0.09534265100955963,1.02402663230896,1.0051027536392212,,,112,9.8938871815335e-06,1
motion_blur,breastplate_armor,1,2,0.222,0.7778571428571429,0.21108518838244975,0.012317526154220104,0.09326983988285065,1.023924469947815,1.0067402124404907,,,114,9.998683708545286e-06,1
motion_blur,breastplate_armor,1,3,0.333,0.7382142857142858,0.21108518838244975,0.012009454891085625,0.09358654916286469,1.0241433382034302,1.0015387535095215,,,112,9.914682777889539e-06,1
motion_blur,breastplate_armor,1,4,0.444,0.6985714285714286,0.21108518838244975,0.011795909143984318,0.09400465339422226,1.0234239101409912,0.9979171752929688,,,112,9.98030009213835e-06,1
motion_blur,breastplate_armor,1,5,0.555,0.6589285714285714,0.21108518838244975,0.011530348099768162,0.09044196456670761,1.0233163833618164,1.005010962486267,,,112,9.93820412986679e-06,1
motion_blur,breastplate_armor,1,6,0.666,0.6192857142857142,0.21108518838244975,0.011259624734520912,0.09005723893642426,1.0231353044509888,0.9920858144760132,,,110,9.873262570181396e-06,1
motion_blur,breastplate_armor,1,7,0.777,0.5796428571428571,0.21108518838244975,0.010943361558020115,0.08769388496875763,1.0234973430633545,1.0061179399490356,,,109,9.982547453546431e-06,1
motion_blur,breastplate_armor,1,8,0.888,0.54,0.21108518838244975,0.010707459412515163,0.0871148332953453,1.023606777191162,1.0071406364440918,,,107,9.963959200831596e-06,1
motion_blur,breastplate_armor,1,9,0.999,0.5003571428571428,0.21108518838244975,0.010580291040241718,0.08213890343904495,1.0233255624771118,0.9874954223632812,,,105,9.945602869265713e-06,1
motion_blur,breastplate_armor,2,0,0.0,0.6666666666666667,0.2203612135091675,0.011577649042010307,0.17542576789855957,0.9958459734916687,0.9937723875045776,,,73,9.980692084354814e-06,1
motion_blur,breastplate_armor,2,1,0.111,0.6204166666666668,0.2203612135091675,0.011458246037364006,0.17603564262390137,0.996962308883667,1.0020712614059448,,,74,9.951159881893545e-06,1
motion_blur,breastplate_armor,2,2,0.222,0.5741666666666667,0.2203612135091675,0.011648545041680336,0.1715586632490158,0.9961369037628174,1.0010837316513062,,,73,9.911798770190217e-06,1
motion_blur,breastplate_armor,2,3,0.333,0.5279166666666668,0.2203612135091675,0.011883500963449478,0.1685105264186859,0.9969903230667114,0.9983058571815491,,,73,9.90011449175654e-06,1
motion_blur,breastplate_armor,2,4,0.444,0.48166666666666674,0.2203612135091675,0.01197701133787632,0.16117535531520844,0.996359646320343,0.9982717037200928,,,70,9.795056939765345e-06,1
motion_blur,breastplate_armor,2,5,0.555,0.4354166666666667,0.2203612135091675,0.012359649874269962,0.15200521051883698,0.9967745542526245,1.0028070211410522,,,68,9.999579560826533e-06,1
motion_blur,breastplate_armor,2,6,0.666,0.38916666666666666,nan,0.012831875123083591,0.15200521051883698,0.9967745542526245,1.0028070211410522,,,0,0.0,1
motion_blur,breastplate_armor,2,7,0.777,0.34291666666666665,nan,0.013585136272013187,0.15200521051883698,0.9967745542526245,1.0028070211410522,,,0,0.0,1
motion_blur,breastplate_armor,2,8,0.888,0.2966666666666667,nan,0.014856654219329357,0.15200521051883698,0.9967745542526245,1.0028070211410522,,,0,0.0,1
motion_blur,breastplate_armor,2,9,0.999,0.2504166666666667,nan,0.016559859737753868,0.15200521051883698,0.9967745542526245,1.0028070211410522,,,0,0.0,1
motion_blur,breastplate_armor,3,0,0.0,0.3999999999999999,0.22819071692139276,0.009431982412934303,0.16028869152069092,0.9777851104736328,1.0014568567276,,,39,9.79586457106052e-06,1
motion_blur,breastplate_armor,3,1,0.111,0.3555999999999999,nan,0.01087617315351963,0.16028869152069092,0.9777851104736328,1.0014568567276,,,0,0.0,1
motion_blur,breastplate_armor,3,2,0.222,0.3111999999999999,nan,0.013747267425060272,0.16028869152069092,0.9777851104736328,1.0014568567276,,,0,0.0,1
motion_blur,breastplate_armor,3,3,0.333,0.2668,nan,0.01540498249232769,0.16028869152069092,0.9777851104736328,1.0014568567276,,,0,0.0,1
motion_blur,breastplate_armor,3,4,0.444,0.22239999999999996,nan,0.016522610560059547,0.16028869152069092,0.9777851104736328,1.0014568567276,,,0,0.0,1
motion_blur,breastplate_armor,3,5,0.555,0.17799999999999994,nan,0.01827741414308548,0.16028869152069092,0.9777851104736328,1.0014568567276,,,0,0.0,1
motion_blur,breastplate_armor,3,6,0.666,0.13359999999999997,nan,0.021496202796697617,0.16028869152069092,0.9777851104736328,1.0014568567276,,,0,0.0,1
motion_blur,breastplate_armor,3,7,0.777,0.08919999999999997,nan,0.02786899358034134,0.16028869152069092,0.9777851104736328,1.0014568567276,,,0,0.0,1
motion_blur,breastplate_armor,3,8,0.888,0.044799999999999986,nan,0.044657252728939056,0.16028869152069092,0.9777851104736328,1.0014568567276,,,0,0.0,1
motion_blur,breastplate_armor,3,9,0.999,0.0004000000000000003,nan,0.14477470517158508,0.16028869152069092,0.9777851104736328,1.0014568567276,,,0,0.0,1
motion_blur,crane_structure,0,0,0.0,1.0,0.2000590571988071,0.009970428422093391,0.06268026679754257,1.181895136833191,0.9947441816329956,,,160,9.941269127011765e-06,1
motion_blur,crane_structure,0,1,0.111,0.9722500000000001,0.2000590571988071,0.010642001405358315,0.061972953379154205,1.1815012693405151,0.9973888397216797,,,140,9.967929145204835e-06,1
motion_blur,crane_structure,0,2,0.222,0.9445,0.2000590571988071,0.01062399335205555,0.0615793876349926,1.1817439794540405,0.9829674363136292,,,141,9.97093320620479e-06,1
motion_blur,crane_structure,0,3,0.333,0.9167500000000001,0.2000590571988071,0.009873627685010433,0.0647178590297699,1.1815932989120483,0.9869840145111084,,,140,9.99501298792893e-06,1
motion_blur,crane_structure,0,4,0.444,0.889,0.2000590571988071,0.009073696099221706,0.06349397450685501,1.1817281246185303,0.9984487891197205,,,136,9.953098924597725e-06,1
motion_blur,crane_structure,0,5,0.555,0.86125,0.2000590571988071,0.008365506306290627,0.06097998470067978,1.181771159172058,0.9851222038269043,,,140,9.987407793232705e-06,1
motion_blur,crane_structure,0,6,0.666,0.8335,0.2000590571988071,0.007804953958839178,0.06356064975261688,1.1818679571151733,1.0122591257095337,,,140,9.984177268052008e-06,1
motion_blur,crane_structure,0,7,0.777,0.80575,0.2000590571988071,0.0074211894534528255,0.06389585137367249,1.181992530822754,1.0158469676971436,,,138,9.905985280056484e-06,1
motion_blur,crane_structure,0,8,0.888,0.778,0.2000590571988071,0.00719289667904377,0.0629330426454544,1.1818406581878662,0.9899382591247559,,,140,9.972699444915634e-06,1
motion_blur,crane_structure,0,9,0.999,0.75025,0.2000590571988071,0.007022725883871317,0.06278248131275177,1.1817243099212646,0.9699146151542664,,,136,9.909152140608057e-06,1
motion_blur,crane_structure,1,0,0.0,0.8571428571428572,0.21108518838244975,0.013227979652583599,0.10976807773113251,1.0534926652908325,1.001232385635376,,,125,9.95555365079781e-06,1
motion_blur,crane_structure,1,1,0.111,0.8175000000000001,0.21108518838244975,0.012689127586781979,0.11299820989370346,1.0538944005966187,1.0051026344299316,,,119,9.947726539394353e-06,1
motion_blur,crane_structure,1,2,0.222,0.7778571428571429,0.21108518838244975,0.012317526154220104,0.11074533313512802,1.0538581609725952,1.0067402124404907,,,119,9.96787548501743e-06,1
motion_blur,crane_structure,1,3,0.333,0.7382142857142858,0.21108518838244975,0.012009454891085625,0.1110178679227829,1.0542219877243042,1.0015387535095215,,,117,9.967845471692272e-06,1
motion_blur,crane_structure,1,4,0.444,0.6985714285714286,0.21108518838244975,0.011795909143984318,0.11186494678258896,1.0531045198440552,0.9979171752929688,,,117,9.979983587982133e-06,1
motion_blur,crane_structure,1,5,0.555,0.6589285714285714,0.21108518838244975,0.011530348099768162,0.10745495557785034,1.0533404350280762,1.005010962486267,,,117,9.997109373216517e-06,1
motion_blur,crane_structure,1,6,0.666,0.6192857142857142,0.21108518838244975,0.011259624734520912,0.10772351920604706,1.0529567003250122,0.9920858144760132,,,116,9.838954611041117e-06,1
motion_blur,crane_structure,1,7,0.777,0.5796428571428571,0.21108518838244975,0.010943361558020115,0.10554629564285278,1.0535249710083008,1.0061179399490356,,,114,9.94575566437561e-06,1
motion_blur,crane_structure,1,8,0.888,0.54,0.21108518838244975,0.010707459412515163,0.10615269839763641,1.0532530546188354,1.0071406364440918,,,112,9.921962373482529e-06,1
motion_blur,crane_structure,1,9,0.999,0.5003571428571428,0.21108518838244975,0.010580291040241718,0.10366272181272507,1.052866816520691,0.9874954223632812,,,109,9.963600859919097e-06,1
motion_blur,crane_structure,2,0,0.0,0.6666666666666667,0.2203612135091675,0.011577649042010307,0.1874210685491562,1.0038272142410278,0.9937723875045776,,,77,9.973247870220803e-06,1
motion_blur,crane_structure,2,1,0.111,0.6204166666666668,0.2203612135091675,0.011458246037364006,0.18715596199035645,1.0035420656204224,1.0020711421966553,,,77,9.9452372523956e-06,1
motion_blur,crane_structure,2,2,0.222,0.5741666666666667,0.2203612135091675,0.011648545041680336,0.18180780112743378,1.0025798082351685,1.0010837316513062,,,76,9.964446689991746e-06,1
motion_blur,crane_structure,2,3,0.333,0.5279166666666668,0.2203612135091675,0.011883500963449478,0.17811274528503418,1.0024337768554688,0.9983058571815491,,,76,9.996260814659763e-06,1
motion_blur,crane_structure,2,4,0.444,0.48166666666666674,0.2203612135091675,0.01197701133787632,0.1702026128768921,1.0011663436889648,0.9982717037200928,,,74,9.978056368709076e-06,1
motion_blur,crane_structure,2,5,0.555,0.4354166666666667,0.2203612135091675,0.012359649874269962,0.16371749341487885,1.000620722770691,1.0028070211410522,,,71,9.982448318623938e-06,1
motion_blur,crane_structure,2,6,0.666,0.38916666666666666,nan,0.012831875123083591,0.16371749341487885,1.000620722770691,1.0028070211410522,,,0,0.0,1
motion_blur,crane_structure,2,7,0.777,0.34291666666666665,nan,0.013585136272013187,0.16371749341487885,1.000620722770691,1.0028070211410522,,,0,0.0,1
motion_blur,crane_structure,2,8,0.888,0.2966666666666667,nan,0.014856654219329357,0.16371749341487885,1.000620722770691,1.0028070211410522,,,0,0.0,1
motion_blur,crane_structure,2,9,0.999,0.2504166666666667,nan,0.016559859737753868,0.16371749341487885,1.000620722770691,1.0028070211410522,,,0,0.0,1
motion_blur,crane_structure,3,0,0.0,0.3999999999999999,0.22819071692139276,0.009431982412934303,0.16997581720352173,0.9794222116470337,1.0014568567276,,,40,9.622849574952852e-06,1
motion_blur,crane_structure,3,1,0.111,0.3555999999999999,nan,0.01087617315351963,0.16997581720352173,0.9794222116470337,1.0014568567276,,,0,0.0,1
motion_blur,crane_structure,3,2,0.222,0.3111999999999999,nan,0.013747267425060272,0.16997581720352173,0.9794222116470337,1.0014568567276,,,0,0.0,1
motion_blur,crane_structure,3,3,0.333,0.2668,nan,0.01540498249232769,0.16997581720352173,0.9794222116470337,1.0014568567276,,,0,0.0,1
motion_blur,crane_structure,3,4,0.444,0.22239999999999996,nan,0.016522610560059547,0.16997581720352173,0.9794222116470337,1.0014568567276,,,0,0.0,1
motion_blur,crane_structure,3,5,0.555,0.17799999999999994,nan,0.01827741414308548,0.16997581720352173,0.9794222116470337,1.0014568567276,,,0,0.0,1
motion_blur,crane_structure,3,6,0.666,0.13359999999999997,nan,0.021496202796697617,0.16997581720352173,0.9794222116470337,1.0014568567276,,,0,0.0,1
motion_blur,crane_structure,3,7,0.777,0.08919999999999997,nan,0.02786899358034134,0.16997581720352173,0.9794222116470337,1.0014568567276,,,0,0.0,1
motion_blur,crane_structure,3,8,0.888,0.044799999999999986,nan,0.044657252728939056,0.16997581720352173,0.9794222116470337,1.0014568567276,,,0,0.0,1
motion_blur,crane_structure,3,9,0.999,0.0004000000000000003,nan,0.14477470517158508,0.16997581720352173,0.9794222116470337,1.0014568567276,,,0,0.0,1
motion_blur,ibex_horns,0,0,0.0,1.0,0.2000590571988071,0.009970428422093391,0.0901438519358635,1.2176105976104736,0.9947441816329956,,,171,9.686860721558332e-06,1
motion_blur,ibex_horns,0,1,0.111,0.9722500000000001,0.2000590571988071,0.010642001405358315,0.0861545205116272,1.217398762702942,0.9973888397216797,,,148,9.99671556201065e-06,1
motion_blur,ibex_horns,0,2,0.222,0.9445,0.2000590571988071,0.01062399335205555,0.09023340791463852,1.2174553871154785,0.9829674363136292,,,149,9.914475413097534e-06,1
motion_blur,ibex_horns,0,3,0.333,0.9167500000000001,0.2000590571988071,0.009873627685010433,0.08572918176651001,1.2175748348236084,0.9869840145111084,,,149,9.920214324665722e-06,1
motion_blur,ibex_horns,0,4,0.444,0.889,0.2000590571988071,0.009073696099221706,0.08683562278747559,1.2176117897033691,0.9984487891197205,,,145,9.999641406466253e-06,1
motion_blur,ibex_horns,0,5,0.555,0.86125,0.2000590571988071,0.008365506306290627,0.08705936372280121,1.217602252960205,0.9851222038269043,,,149,9.90855369309429e-06,1
motion_blur,ibex_horns,0,6,0.666,0.8335,0.2000590571988071,0.007804953958839178,0.08801516890525818,1.217672348022461,1.0122591257095337,,,149,9.82794699666556e-06,1
motion_blur,ibex_horns,0,7,0.777,0.80575,0.2000590571988071,0.0074211894534528255,0.08471810817718506,1.2179017066955566,1.0158469676971436,,,148,9.952411346603185e-06,1
motion_blur,ibex_horns,0,8,0.888,0.778,0.2000590571988071,0.00719289667904377,0.08619004487991333,1.217738389968872,0.9899382591247559,,,149,9.909345862979535e-06,1
motion_blur,ibex_horns,0,9,0.999,0.75025,0.2000590571988071,0.007022725883871317,0.08795821666717529,1.2175134420394897,0.9699145555496216,,,146,9.971197869163007e-06,1
motion_blur,ibex_horns,1,0,0.0,0.8571428571428572,0.21108518838244975,0.013227979652583599,0.10663509368896484,1.0395033359527588,1.001232385635376,,,134,9.989570571633521e-06,1
motion_blur,ibex_horns,1,1,0.111,0.8175000000000001,0.21108518838244975,0.012689127586781979,0.10919855535030365,1.0398811101913452,1.0051027536392212,,,125,9.970477549359202e-06,1
motion_blur,ibex_horns,1,2,0.222,0.7778571428571429,0.21108518838244975,0.012317526154220104,0.10595216602087021,1.039678692817688,1.0067402124404907,,,125,9.984293683373835e-06,1
motion_blur,ibex_horns,1,3,0.333,0.7382142857142858,0.21108518838244975,0.012009454891085625,0.10826331377029419,1.0397980213165283,1.0015387535095215,,,125,9.915117516356986e-06,1
motion_blur,ibex_horns,1,4,0.444,0.6985714285714286,0.21108518838244975,0.011795909143984318,0.10995811223983765,1.0392777919769287,0.9979171752929688,,,124,9.973413398256525e-06,1
motion_blur,ibex_horns,1,5,0.555,0.6589285714285714,0.21108518838244975,0.011530348099768162,0.10313060134649277,1.0391854047775269,1.005010962486267,,,124,9.956773283192888e-06,1
motion_blur,ibex_horns,1,6,0.666,0.6192857142857142,0.21108518838244975,0.011259624734520912,0.10552459210157394,1.038800597190857,0.9920858144760132,,,122,9.931935892382171e-06,1
motion_blur,ibex_horns,1,7,0.777,0.5796428571428571,0.21108518838244975,0.010943361558020115,0.10157003253698349,1.0390247106552124,1.0061179399490356,,,121,9.957731890608557e-06,1
motion_blur,ibex_horns,1,8,0.888,0.54,0.21108518838244975,0.010707459412515163,0.09980376064777374,1.0392705202102661,1.0071406364440918,,,119,9.899737960950006e-06,1
motion_blur,ibex_horns,1,9,0.999,0.5003571428571428,0.21108518838244975,0.010580291040241718,0.09669911861419678,1.0389171838760376,0.9874954223632812,,,116,9.92993500403827e-06,1
motion_blur,ibex_horns,2,0,0.0,0.6666666666666667,0.2203612135091675,0.011577649042010307,0.18473558127880096,0.9993060827255249,0.9937723875045776,,,82,9.864536878012586e-06,1
motion_blur,ibex_horns,2,1,0.111,0.6204166666666668,0.2203612135091675,0.011458246037364006,0.18548206984996796,0.9996479749679565,1.0020711421966553,,,82,9.929548468790017e-06,1
motion_blur,ibex_horns,2,2,0.222,0.5741666666666667,0.2203612135091675,0.011648545041680336,0.17855672538280487,0.99872887134552,1.0010837316513062,,,80,9.763191883394029e-06,1
motion_blur,ibex_horns,2,3,0.333,0.5279166666666668,0.2203612135091675,0.011883500963449478,0.17641888558864594,0.9994704127311707,0.9983058571815491,,,81,9.933632100000978e-06,1
motion_blur,ibex_horns,2,4,0.444,0.48166666666666674,0.2203612135091675,0.01197701133787632,0.16969995200634003,0.9991012215614319,0.9982717037200928,,,78,9.987038538383786e-06,1
motion_blur,ibex_horns,2,5,0.555,0.4354166666666667,0.2203612135091675,0.012359649874269962,0.1617158055305481,0.9986701011657715,1.0028070211410522,,,76,9.845604836300481e-06,1
motion_blur,ibex_horns,2,6,0.666,0.38916666666666666,nan,0.012831875123083591,0.1617158055305481,0.9986701011657715,1.0028070211410522,,,0,0.0,1
motion_blur,ibex_horns,2,7,0.777,0.34291666666666665,nan,0.013585136272013187,0.1617158055305481,0.9986701011657715,1.0028070211410522,,,0,0.0,1
motion_blur,ibex_horns,2,8,0.888,0.2966666666666667,nan,0.014856654219329357,0.1617158055305481,0.9986701011657715,1.0028070211410522,,,0,0.0,1
motion_blur,ibex_horns,2,9,0.999,0.2504166666666667,nan,0.016559859737753868,0.1617158055305481,0.9986701011657715,1.0028070211410522,,,0,0.0,1
motion_blur,ibex_horns,3,0,0.0,0.3999999999999999,0.22819071692139276,0.009431982412934303,0.17433921992778778,0.9798337817192078,1.0014568567276,,,42,9.99460189632373e-06,1
motion_blur,ibex_horns,3,1,0.111,0.3555999999999999,nan,0.01087617315351963,0.17433921992778778,0.9798337817192078,1.0014568567276,,,0,0.0,1
motion_blur,ibex_horns,3,2,0.222,0.3111999999999999,nan,0.013747267425060272,0.17433921992778778,0.9798337817192078,1.0014568567276,,,0,0.0,1
motion_blur,ibex_horns,3,3,0.333,0.2668,nan,0.01540498249232769,0.17433921992778778,0.9798337817192078,1.0014568567276,,,0,0.0,1
motion_blur,ibex_horns,3,4,0.444,0.22239999999999996,nan,0.016522610560059547,0.17433921992778778,0.9798337817192078,1.0014568567276,,,0,0.0,1
motion_blur,ibex_horns,3,5,0.555,0.17799999999999994,nan,0.01827741414308548,0.17433921992778778,0.9798337817192078,1.0014568567276,,,0,0.0,1
motion_blur,ibex_horns,3,6,0.666,0.13359999999999997,nan,0.021496202796697617,0.17433921992778778,0.9798337817192078,1.0014568567276,,,0,0.0,1
motion_blur,ibex_horns,3,7,0.777,0.08919999999999997,nan,0.02786899358034134,0.17433921992778778,0.9798337817192078,1.0014568567276,,,0,0.0,1
motion_blur,ibex_horns,3,8,0.888,0.044799999999999986,nan,0.044657252728939056,0.17433921992778778,0.9798337817192078,1.0014568567276,,,0,0.0,1
motion_blur,ibex_horns,3,9,0.999,0.0004000000000000003,nan,0.14477470517158508,0.17433921992778778,0.9798337817192078,1.0014568567276,,,0,0.0,1
motion_blur,junco,0,0,0.0,1.0,0.2000590571988071,0.009970428422093391,0.04523830860853195,1.1101051568984985,0.9947441816329956,,,175,9.947983926394954e-06,1
motion_blur,junco,0,1,0.111,0.9722500000000001,0.2000590571988071,0.010642001405358315,0.04302489757537842,1.109750509262085,0.9973888397216797,,,165,9.90527041722089e-06,1
motion_blur,junco,0,2,0.222,0.9445,0.2000590571988071,0.01062399335205555,0.04431520029902458,1.1099547147750854,0.9829674363136292,,,166,9.992802915803622e-06,1
motion_blur,junco,0,3,0.333,0.9167500000000001,0.2000590571988071,0.009873627685010433,0.04343478009104729,1.1099919080734253,0.9869840145111084,,,167,9.907344065140933e-06,1
motion_blur,junco,0,4,0.444,0.889,0.2000590571988071,0.009073696099221706,0.04478492587804794,1.1099560260772705,0.9984487891197205,,,163,9.74885460891528e-06,1
motion_blur,junco,0,5,0.555,0.86125,0.2000590571988071,0.008365506306290627,0.042274992913007736,1.1100192070007324,0.9851222038269043,,,166,9.975618922908325e-06,1
motion_blur,junco,0,6,0.666,0.8335,0.2000590571988071,0.007804953958839178,0.04635270684957504,1.1100677251815796,1.0122591257095337,,,165,9.890096407616511e-06,1
motion_blur,junco,0,7,0.777,0.80575,0.2000590571988071,0.0074211894534528255,0.043164364993572235,1.1103335618972778,1.0158469676971436,,,165,9.990571925300173e-06,1
motion_blur,junco,0,8,0.888,0.778,0.2000590571988071,0.00719289667904377,0.044766515493392944,1.1100817918777466,0.9899382591247559,,,165,9.863010745903011e-06,1
motion_blur,junco,0,9,0.999,0.75025,0.2000590571988071,0.007022725883871317,0.04294431209564209,1.1100120544433594,0.9699145555496216,,,163,9.998186214943416e-06,1
motion_blur,junco,1,0,0.0,0.8571428571428572,0.21108518838244975,0.013227979652583599,0.0918179601430893,1.0138660669326782,1.001232385635376,,,141,9.735769708640873e-06,1
motion_blur,junco,1,1,0.111,0.8175000000000001,0.21108518838244975,0.012689127586781979,0.09417130798101425,1.0144126415252686,1.0051027536392212,,,137,9.951735592039768e-06,1
motion_blur,junco,1,2,0.222,0.7778571428571429,0.21108518838244975,0.012317526154220104,0.09225042164325714,1.014359474182129,1.0067402124404907,,,138,9.9510343716247e-06,1
motion_blur,junco,1,3,0.333,0.7382142857142858,0.21108518838244975,0.012009454891085625,0.09382253885269165,1.0144819021224976,1.0015387535095215,,,137,9.997562301578e-06,1
motion_blur,junco,1,4,0.444,0.6985714285714286,0.21108518838244975,0.011795909143984318,0.09366671741008759,1.0137940645217896,0.9979171752929688,,,135,9.990611943067051e-06,1
motion_blur,junco,1,5,0.555,0.6589285714285714,0.21108518838244975,0.011530348099768162,0.08968976140022278,1.0135833024978638,1.005010962486267,,,135,9.976367437047884e-06,1
motion_blur,junco,1,6,0.666,0.6192857142857142,0.21108518838244975,0.011259624734520912,0.09026865661144257,1.0132755041122437,0.9920858144760132,,,134,9.882715858111624e-06,1
motion_blur,junco,1,7,0.777,0.5796428571428571,0.21108518838244975,0.010943361558020115,0.08732720464468002,1.013730525970459,1.0061179399490356,,,132,9.970962310035247e-06,1
motion_blur,junco,1,8,0.888,0.54,0.21108518838244975,0.010707459412515163,0.086563840508461,1.0139602422714233,1.0071406364440918,,,130,9.9964845503564e-06,1
motion_blur,junco,1,9,0.999,0.5003571428571428,0.21108518838244975,0.010580291040241718,0.08171948790550232,1.0136544704437256,0.9874954223632812,,,127,9.933442015608307e-06,1
motion_blur,junco,2,0,0.0,0.6666666666666667,0.2203612135091675,0.011577649042010307,0.1736486852169037,0.9929602742195129,0.9937723875045776,,,90,9.990752914745826e-06,1
motion_blur,junco,2,1,0.111,0.6204166666666668,0.2203612135091675,0.011458246037364006,0.1745986044406891,0.9938585162162781,1.0020711421966553,,,90,9.994778338295873e-06,1
motion_blur,junco,2,2,0.222,0.5741666666666667,0.2203612135091675,0.011648545041680336,0.16951265931129456,0.9932668805122375,1.0010837316513062,,,88,9.750476237968542e-06,1
motion_blur,junco,2,3,0.333,0.5279166666666668,0.2203612135091675,0.011883500963449478,0.1660252809524536,0.9937624931335449,0.9983058571815491,,,89,9.912640962284058e-06,1
motion_blur,junco,2,4,0.444,0.48166666666666674,0.2203612135091675,0.01197701133787632,0.15939626097679138,0.9933728575706482,0.9982717037200928,,,86,9.889016837405507e-06,1
motion_blur,junco,2,5,0.555,0.4354166666666667,0.2203612135091675,0.012359649874269962,0.15173791348934174,0.9934071898460388,1.0028070211410522,,,83,9.916437193169259e-06,1
motion_blur,junco,2,6,0.666,0.38916666666666666,nan,0.012831875123083591,0.15173791348934174,0.9934071898460388,1.0028070211410522,,,0,0.0,1
motion_blur,junco,2,7,0.777,0.34291666666666665,nan,0.013585136272013187,0.15173791348934174,0.9934071898460388,1.0028070211410522,,,0,0.0,1
motion_blur,junco,2,8,0.888,0.2966666666666667,nan,0.014856654219329357,0.15173791348934174,0.9934071898460388,1.0028070211410522,,,0,0.0,1
motion_blur,junco,2,9,0.999,0.2504166666666667,nan,0.016559859737753868,0.15173791348934174,0.9934071898460388,1.0028070211410522,,,0,0.0,1
motion_blur,junco,3,0,0.0,0.3999999999999999,0.22819071692139276,0.009431982412934303,0.1552179753780365,0.976177453994751,1.0014568567276,,,45,9.61918613029411e-06,1
motion_blur,junco,3,1,0.111,0.3555999999999999,nan,0.01087617315351963,0.1552179753780365,0.976177453994751,1.0014568567276,,,0,0.0,1
motion_blur,junco,3,2,0.222,0.3111999999999999,nan,0.013747267425060272,0.1552179753780365,0.976177453994751,1.0014568567276,,,0,0.0,1
motion_blur,junco,3,3,0.333,0.2668,nan,0.01540498249232769,0.1552179753780365,0.976177453994751,1.0014568567276,,,0,0.0,1
motion_blur,junco,3,4,0.444,0.22239999999999996,nan,0.016522610560059547,0.1552179753780365,0.976177453994751,1.0014568567276,,,0,0.0,1
motion_blur,junco,3,5,0.555,0.17799999999999994,nan,0.01827741414308548,0.1552179753780365,0.976177453994751,1.0014568567276,,,0,0.0,1
motion_blur,junco,3,6,0.666,0.13359999999999997,nan,0.021496202796697617,0.1552179753780365,0.976177453994751,1.0014568567276,,,0,0.0,1
motion_blur,junco,3,7,0.777,0.08919999999999997,nan,0.02786899358034134,0.1552179753780365,0.976177453994751,1.0014568567276,,,0,0.0,1
motion_blur,junco,3,8,0.888,0.044799999999999986,nan,0.044657252728939056,0.1552179753780365,0.976177453994751,1.0014568567276,,,0,0.0,1
motion_blur,junco,3,9,0.999,0.0004000000000000003,nan,0.14477470517158508,0.1552179753780365,0.976177453994751,1.0014568567276,,,0,0.0,1
motion_blur,lakeside_beach,0,0,0.0,1.0,0.2000590571988071,0.009970428422093391,0.02326514944434166,1.0178803205490112,0.9947441816329956,,,163,9.917178431351203e-06,1
motion_blur,lakeside_beach,0,1,0.111,0.9722500000000001,0.2000590571988071,0.010642001405358315,0.0215508621186018,1.0174497365951538,0.9973888397216797,,,158,9.907713319989853e-06,1
motion_blur,lakeside_beach,0,2,0.222,0.9445,0.2000590571988071,0.01062399335205555,0.0229194276034832,1.0176676511764526,0.9829674363136292,,,158,9.956584108294919e-06,1
motion_blur,lakeside_beach,0,3,0.333,0.9167500000000001,0.2000590571988071,0.009873627685010433,0.023206081241369247,1.0176531076431274,0.9869840145111084,,,158,9.952202162821777e-06,1
motion_blur,lakeside_beach,0,4,0.444,0.889,0.2000590571988071,0.009073696099221706,0.023414960131049156,1.0176830291748047,0.9984487891197205,,,155,9.983647032640874e-06,1
motion_blur,lakeside_beach,0,5,0.555,0.86125,0.2000590571988071,0.008365506306290627,0.02163976989686489,1.0177338123321533,0.9851222038269043,,,158,9.97220467979787e-06,1
motion_blur,lakeside_beach,0,6,0.666,0.8335,0.2000590571988071,0.007804953958839178,0.023772701621055603,1.0178471803665161,1.0122591257095337,,,158,9.98976975097321e-06,1
motion_blur,lakeside_beach,0,7,0.777,0.80575,0.2000590571988071,0.0074211894534528255,0.02269221656024456,1.0180506706237793,1.0158469676971436,,,155,9.975107786885928e-06,1
motion_blur,lakeside_beach,0,8,0.888,0.778,0.2000590571988071,0.00719289667904377,0.02312493696808815,1.0178440809249878,0.9899382591247559,,,156,9.999453141062986e-06,1
motion_blur,lakeside_beach,0,9,0.999,0.75025,0.2000590571988071,0.007022725883871317,0.021877121180295944,1.0177385807037354,0.9699145555496216,,,154,9.96784456219757e-06,1
motion_blur,lakeside_beach,1,0,0.0,0.8571428571428572,0.21108518838244975,0.013227979652583599,0.08740635961294174,1.004551887512207,1.001232385635376,,,132,9.867730113910511e-06,1
motion_blur,lakeside_beach,1,1,0.111,0.8175000000000001,0.21108518838244975,0.012689127586781979,0.09008608758449554,1.0051227807998657,1.0051027536392212,,,130,9.914689144352451e-06,1
motion_blur,lakeside_beach,1,2,0.222,0.7778571428571429,0.21108518838244975,0.012317526154220104,0.08798784017562866,1.0049229860305786,1.0067402124404907,,,131,9.97470851871185e-06,1
motion_blur,lakeside_beach,1,3,0.333,0.7382142857142858,0.21108518838244975,0.012009454891085625,0.08887539803981781,1.0050387382507324,1.0015387535095215,,,130,9.935106390912551e-06,1
motion_blur,lakeside_beach,1,4,0.444,0.6985714285714286,0.21108518838244975,0.011795909143984318,0.08952020108699799,1.0043402910232544,0.9979171752929688,,,130,9.995772416004911e-06,1
motion_blur,lakeside_beach,1,5,0.555,0.6589285714285714,0.21108518838244975,0.011530348099768162,0.08477248251438141,1.0043437480926514,1.005010962486267,,,128,9.98298310150858e-06,1
motion_blur,lakeside_beach,1,6,0.666,0.6192857142857142,0.21108518838244975,0.011259624734520912,0.08574478328227997,1.0040605068206787,0.9920858144760132,,,128,9.994082574849017e-06,1
motion_blur,lakeside_beach,1,7,0.777,0.5796428571428571,0.21108518838244975,0.010943361558020115,0.08275213837623596,1.0044374465942383,1.0061179399490356,,,126,9.978813977795653e-06,1
motion_blur,lakeside_beach,1,8,0.888,0.54,0.21108518838244975,0.010707459412515163,0.08215287327766418,1.0046935081481934,1.0071406364440918,,,124,9.988888450607192e-06,1
motion_blur,lakeside_beach,1,9,0.999,0.5003571428571428,0.21108518838244975,0.010580291040241718,0.07709570974111557,1.0043234825134277,0.9874954223632812,,,121,9.999209396482911e-06,1
motion_blur,lakeside_beach,2,0,0.0,0.6666666666666667,0.2203612135091675,0.011577649042010307,0.17290765047073364,0.9913400411605835,0.9937723875045776,,,86,9.877151569526177e-06,1
motion_blur,lakeside_beach,2,1,0.111,0.6204166666666668,0.2203612135091675,0.011458246037364006,0.173610657453537,0.9921843409538269,1.0020711421966553,,,86,9.985452379623894e-06,1
motion_blur,lakeside_beach,2,2,0.222,0.5741666666666667,0.2203612135091675,0.011648545041680336,0.16921627521514893,0.9915626049041748,1.0010837316513062,,,84,9.967094229068607e-06,1
motion_blur,lakeside_beach,2,3,0.333,0.5279166666666668,0.2203612135091675,0.011883500963449478,0.16539695858955383,0.9923150539398193,0.9983058571815491,,,85,9.88324791251216e-06,1
motion_blur,lakeside_beach,2,4,0.444,0.48166666666666674,0.2203612135091675,0.01197701133787632,0.1592419594526291,0.9918980598449707,0.9982717037200928,,,82,9.930940905178431e-06,1
motion_blur,lakeside_beach,2,5,0.555,0.4354166666666667,0.2203612135091675,0.012359649874269962,0.15074428915977478,0.991854190826416,1.0028070211410522,,,79,9.97236929833889e-06,1
motion_blur,lakeside_beach,2,6,0.666,0.38916666666666666,nan,0.012831875123083591,0.15074428915977478,0.991854190826416,1.0028070211410522,,,0,0.0,1
motion_blur,lakeside_beach,2,7,0.777,0.34291666666666665,nan,0.013585136272013187,0.15074428915977478,0.991854190826416,1.0028070211410522,,,0,0.0,1
motion_blur,lakeside_beach,2,8,0.888,0.2966666666666667,nan,0.014856654219329357,0.15074428915977478,0.991854190826416,1.0028070211410522,,,0,0.0,1
motion_blur,lakeside_beach,2,9,0.999,0.2504166666666667,nan,0.016559859737753868,0.15074428915977478,0.991854190826416,1.0028070211410522,,,0,0.0,1
motion_blur,lakeside_beach,3,0,0.0,0.3999999999999999,0.22819071692139276,0.009431982412934303,0.1558610200881958,0.9744783639907837,1.0014568567276,,,44,9.932979992299806e-06,1
motion_blur,lakeside_beach,3,1,0.111,0.3555999999999999,nan,0.01087617315351963,0.1558610200881958,0.9744783639907837,1.0014568567276,,,0,0.0,1
motion_blur,lakeside_beach,3,2,0.222,0.3111999999999999,nan,0.013747267425060272,0.1558610200881958,0.9744783639907837,1.0014568567276,,,0,0.0,1
motion_blur,lakeside_beach,3,3,0.333,0.2668,nan,0.01540498249232769,0.1558610200881958,0.9744783639907837,1.0014568567276,,,0,0.0,1
motion_blur,lakeside_beach,3,4,0.444,0.22239999999999996,nan,0.016522610560059547,0.1558610200881958,0.9744783639907837,1.0014568567276,,,0,0.0,1
motion_blur,lakeside_beach,3,5,0.555,0.17799999999999994,nan,0.01827741414308548,0.1558610200881958,0.9744783639907837,1.0014568567276,,,0,0.0,1
motion_blur,lakeside_beach,3,6,0.666,0.13359999999999997,nan,0.021496202796697617,0.1558610200881958,0.9744783639907837,1.0014568567276,,,0,0.0,1
motion_blur,lakeside_beach,3,7,0.777,0.08919999999999997,nan,0.02786899358034134,0.1558610200881958,0.9744783639907837,1.0014568567276,,,0,0.0,1
motion_blur,lakeside_beach,3,8,0.888,0.044799999999999986,nan,0.044657252728939056,0.1558610200881958,0.9744783639907837,1.0014568567276,,,0,0.0,1
motion_blur,lakeside_beach,3,9,0.999,0.0004000000000000003,nan,0.14477470517158508,0.1558610200881958,0.9744783639907837,1.0014568567276,,,0,0.0,1
motion_blur,sea_anemone,0,0,0.0,1.0,0.2000590571988071,0.009970428422093391,0.02834343910217285,1.0612980127334595,0.9947441816329956,,,139,9.989920727093704e-06,1
motion_blur,sea_anemone,0,1,0.111,0.9722500000000001,0.2000590571988071,0.010642001405358315,0.02768714353442192,1.0608597993850708,0.9973888397216797,,,123,9.985744327423163e-06,1
motion_blur,sea_anemone,0,2,0.222,0.9445,0.2000590571988071,0.01062399335205555,0.02832300215959549,1.061076045036316,0.9829674363136292,,,129,9.975341527024284e-06,1
motion_blur,sea_anemone,0,3,0.333,0.9167500000000001,0.2000590571988071,0.009873627685010433,0.029462700709700584,1.0610307455062866,0.9869840145111084,,,128,9.984803000406828e-06,1
motion_blur,sea_anemone,0,4,0.444,0.889,0.2000590571988071,0.009073696099221706,0.027951259166002274,1.061132788658142,0.9984487891197205,,,121,9.91120577964466e-06,1
motion_blur,sea_anemone,0,5,0.555,0.86125,0.2000590571988071,0.008365506306290627,0.02727811597287655,1.061122179031372,0.9851222038269043,,,129,9.973183296096977e-06,1
motion_blur,sea_anemone,0,6,0.666,0.8335,0.2000590571988071,0.007804953958839178,0.029225293546915054,1.0612510442733765,1.0122591257095337,,,128,9.917985153151676e-06,1
motion_blur,sea_anemone,0,7,0.777,0.80575,0.2000590571988071,0.0074211894534528255,0.028841478750109673,1.061443567276001,1.0158469676971436,,,128,9.998450877901632e-06,1
motion_blur,sea_anemone,0,8,0.888,0.778,0.2000590571988071,0.00719289667904377,0.029078133404254913,1.0612070560455322,0.9899382591247559,,,129,9.948500519385561e-06,1
motion_blur,sea_anemone,0,9,0.999,0.75025,0.2000590571988071,0.007022725883871317,0.02686276286840439,1.0611608028411865,0.9699145555496216,,,123,9.904207217914518e-06,1
motion_blur,sea_anemone,1,0,0.0,0.8571428571428572,0.21108518838244975,0.013227979652583599,0.09101312607526779,1.014925479888916,1.001232385635376,,,112,9.999883332056925e-06,1
motion_blur,sea_anemone,1,1,0.111,0.8175000000000001,0.21108518838244975,0.012689127586781979,0.0935315489768982,1.0155309438705444,1.0051026344299316,,,109,9.970884093490895e-06,1
motion_blur,sea_anemone,1,2,0.222,0.7778571428571429,0.21108518838244975,0.012317526154220104,0.0911201685667038,1.0154106616973877,1.0067402124404907,,,110,9.858744306256995e-06,1
motion_blur,sea_anemone,1,3,0.333,0.7382142857142858,0.21108518838244975,0.012009454891085625,0.09153048694133759,1.0156599283218384,1.0015387535095215,,,110,9.878735909296665e-06,1
motion_blur,sea_anemone,1,4,0.444,0.6985714285714286,0.21108518838244975,0.011795909143984318,0.09257623553276062,1.0148859024047852,0.9979171752929688,,,109,9.899472388497088e-06,1
motion_blur,sea_anemone,1,5,0.555,0.6589285714285714,0.21108518838244975,0.011530348099768162,0.08814200013875961,1.0148677825927734,1.005010962486267,,,108,9.964544915419538e-06,1
motion_blur,sea_anemone,1,6,0.666,0.6192857142857142,0.21108518838244975,0.011259624734520912,0.08869888633489609,1.0144767761230469,0.9920858144760132,,,107,9.935217349266168e-06,1
motion_blur,sea_anemone,1,7,0.777,0.5796428571428571,0.21108518838244975,0.010943361558020115,0.08622537553310394,1.0149389505386353,1.0061179399490356,,,107,9.99533040157985e-06,1
motion_blur,sea_anemone,1,8,0.888,0.54,0.21108518838244975,0.010707459412515163,0.08522643893957138,1.0151495933532715,1.0071406364440918,,,105,9.935759408108424e-06,1
motion_blur,sea_anemone,1,9,0.999,0.5003571428571428,0.21108518838244975,0.010580291040241718,0.07995295524597168,1.0149497985839844,0.9874954223632812,,,102,9.926267921400722e-06,1
motion_blur,sea_anemone,2,0,0.0,0.6666666666666667,0.2203612135091675,0.011577649042010307,0.17445909976959229,0.9935829639434814,0.9937723875045776,,,72,9.900267286866438e-06,1
motion_blur,sea_anemone,2,1,0.111,0.6204166666666668,0.2203612135091675,0.011458246037364006,0.17529845237731934,0.9946022629737854,1.0020711421966553,,,72,9.905597835313529e-06,1
motion_blur,sea_anemone,2,2,0.222,0.5741666666666667,0.2203612135091675,0.011648545041680336,0.17045199871063232,0.9939081072807312,1.0010837316513062,,,71,9.874372153717559e-06,1
motion_blur,sea_anemone,2,3,0.333,0.5279166666666668,0.2203612135091675,0.011883500963449478,0.16711318492889404,0.9947699308395386,0.9983058571815491,,,71,9.992007107939571e-06,1
motion_blur,sea_anemone,2,4,0.444,0.48166666666666674,0.2203612135091675,0.01197701133787632,0.16036191582679749,0.994053840637207,0.9982717037200928,,,69,9.97256938717328e-06,1
motion_blur,sea_anemone,2,5,0.555,0.4354166666666667,0.2203612135091675,0.012359649874269962,0.15200193226337433,0.9944319128990173,1.0028070211410522,,,67,9.929996849677991e-06,1
motion_blur,sea_anemone,2,6,0.666,0.38916666666666666,nan,0.012831875123083591,0.15200193226337433,0.9944319128990173,1.0028070211410522,,,0,0.0,1
motion_blur,sea_anemone,2,7,0.777,0.34291666666666665,nan,0.013585136272013187,0.15200193226337433,0.9944319128990173,1.0028070211410522,,,0,0.0,1
motion_blur,sea_anemone,2,8,0.888,0.2966666666666667,nan,0.014856654219329357,0.15200193226337433,0.9944319128990173,1.0028070211410522,,,0,0.0,1
motion_blur,sea_anemone,2,9,0.999,0.2504166666666667,nan,0.016559859737753868,0.15200193226337433,0.9944319128990173,1.0028070211410522,,,0,0.0,1
motion_blur,sea_anemone,3,0,0.0,0.3999999999999999,0.22819071692139276,0.009431982412934303,0.157250314950943,0.9771254062652588,1.0014568567276,,,38,9.983862582885195e-06,1
motion_blur,sea_anemone,3,1,0.111,0.3555999999999999,nan,0.01087617315351963,0.157250314950943,0.9771254062652588,1.0014568567276,,,0,0.0,1
motion_blur,sea_anemone,3,2,0.222,0.3111999999999999,nan,0.013747267425060272,0.157250314950943,0.9771254062652588,1.0014568567276,,,0,0.0,1
motion_blur,sea_anemone,3,3,0.333,0.2668,nan,0.01540498249232769,0.157250314950943,0.9771254062652588,1.0014568567276,,,0,0.0,1
motion_blur,sea_anemone,3,4,0.444,0.22239999999999996,nan,0.016522610560059547,0.157250314950943,0.9771254062652588,1.0014568567276,,,0,0.0,1
motion_blur,sea_anemone,3,5,0.555,0.17799999999999994,nan,0.01827741414308548,0.157250314950943,0.9771254062652588,1.0014568567276,,,0,0.0,1
motion_blur,sea_anemone,3,6,0.666,0.13359999999999997,nan,0.021496202796697617,0.157250314950943,0.9771254062652588,1.0014568567276,,,0,0.0,1
motion_blur,sea_anemone,3,7,0.777,0.08919999999999997,nan,0.02786899358034134,0.157250314950943,0.9771254062652588,1.0014568567276,,,0,0.0,1
motion_blur,sea_anemone,3,8,0.888,0.044799999999999986,nan,0.044657252728939056,0.157250314950943,0.9771254062652588,1.0014568567276,,,0,0.0,1
motion_blur,sea_anemone,3,9,0.999,0.0004000000000000003,nan,0.14477470517158508,0.157250314950943,0.9771254062652588,1.0014568567276,,,0,0.0,1
motion_blur,shetland_sheepdog,0,0,0.0,1.0,0.2000590571988071,0.009970428422093391,0.034171998500823975,1.0646426677703857,0.9947441816329956,,,154,9.939192750607617e-06,1
motion_blur,shetland_sheepdog,0,1,0.111,0.9722500000000001,0.2000590571988071,0.010642001405358315,0.0331236869096756,1.0642132759094238,0.9973888397216797,,,143,9.996798326028511e-06,1
motion_blur,shetland_sheepdog,0,2,0.222,0.9445,0.2000590571988071,0.01062399335205555,0.03495095670223236,1.0643980503082275,0.9829674363136292,,,143,9.927578503265977e-06,1
motion_blur,shetland_sheepdog,0,3,0.333,0.9167500000000001,0.2000590571988071,0.009873627685010433,0.03342476114630699,1.0644285678863525,0.9869840145111084,,,141,9.938687071553431e-06,1
motion_blur,shetland_sheepdog,0,4,0.444,0.889,0.2000590571988071,0.009073696099221706,0.03411022201180458,1.0644668340682983,0.9984487891197205,,,138,9.94123092823429e-06,1
motion_blur,shetland_sheepdog,0,5,0.555,0.86125,0.2000590571988071,0.008365506306290627,0.03343214839696884,1.0644664764404297,0.9851222038269043,,,143,9.953113476512954e-06,1
motion_blur,shetland_sheepdog,0,6,0.666,0.8335,0.2000590571988071,0.007804953958839178,0.03540761396288872,1.0645828247070312,1.0122591257095337,,,142,9.988829333451577e-06,1
motion_blur,shetland_sheepdog,0,7,0.777,0.80575,0.2000590571988071,0.0074211894534528255,0.03474611043930054,1.0647802352905273,1.0158469676971436,,,141,9.977055015042424e-06,1
motion_blur,shetland_sheepdog,0,8,0.888,0.778,0.2000590571988071,0.00719289667904377,0.03323950991034508,1.0646382570266724,0.9899382591247559,,,143,9.945674719347153e-06,1
motion_blur,shetland_sheepdog,0,9,0.999,0.75025,0.2000590571988071,0.007022725883871317,0.03305046260356903,1.0644663572311401,0.9699145555496216,,,137,9.94813035504194e-06,1
motion_blur,shetland_sheepdog,1,0,0.0,0.8571428571428572,0.21108518838244975,0.013227979652583599,0.08999498188495636,1.0077683925628662,1.001232385635376,,,123,9.93688536254922e-06,1
motion_blur,shetland_sheepdog,1,1,0.111,0.8175000000000001,0.21108518838244975,0.012689127586781979,0.09186204522848129,1.0083937644958496,1.0051027536392212,,,120,9.981119546864647e-06,1
motion_blur,shetland_sheepdog,1,2,0.222,0.7778571428571429,0.21108518838244975,0.012317526154220104,0.09038311243057251,1.0081182718276978,1.0067402124404907,,,120,9.909272193908691e-06,1
motion_blur,shetland_sheepdog,1,3,0.333,0.7382142857142858,0.21108518838244975,0.012009454891085625,0.09058098495006561,1.0084707736968994,1.0015387535095215,,,119,9.97771985566942e-06,1
motion_blur,shetland_sheepdog,1,4,0.444,0.6985714285714286,0.21108518838244975,0.011795909143984318,0.0916181430220604,1.0075547695159912,0.9979171752929688,,,118,9.95074697129894e-06,1
motion_blur,shetland_sheepdog,1,5,0.555,0.6589285714285714,0.21108518838244975,0.011530348099768162,0.08683541417121887,1.007590651512146,1.005010962486267,,,118,9.915680493577383e-06,1
motion_blur,shetland_sheepdog,1,6,0.666,0.6192857142857142,0.21108518838244975,0.011259624734520912,0.08746831864118576,1.0073673725128174,0.9920858144760132,,,117,9.889845387078822e-06,1
motion_blur,shetland_sheepdog,1,7,0.777,0.5796428571428571,0.21108518838244975,0.010943361558020115,0.0843793973326683,1.0076919794082642,1.0061179399490356,,,116,9.988057172449771e-06,1
motion_blur,shetland_sheepdog,1,8,0.888,0.54,0.21108518838244975,0.010707459412515163,0.08405844867229462,1.007904291152954,1.0071406364440918,,,114,9.99136500468012e-06,1
motion_blur,shetland_sheepdog,1,9,0.999,0.5003571428571428,0.21108518838244975,0.010580291040241718,0.0788806676864624,1.0075371265411377,0.9874954223632812,,,110,9.995860636990983e-06,1
motion_blur,shetland_sheepdog,2,0,0.0,0.6666666666666667,0.2203612135091675,0.011577649042010307,0.17392855882644653,0.991759181022644,0.9937723875045776,,,78,9.986354598368052e-06,1
motion_blur,shetland_sheepdog,2,1,0.111,0.6204166666666668,0.2203612135091675,0.011458246037364006,0.174363374710083,0.9924483895301819,1.0020711421966553,,,78,9.953181688615587e-06,1
motion_blur,shetland_sheepdog,2,2,0.222,0.5741666666666667,0.2203612135091675,0.011648545041680336,0.16978900134563446,0.9917673468589783,1.0010837316513062,,,77,9.986007171391975e-06,1
motion_blur,shetland_sheepdog,2,3,0.333,0.5279166666666668,0.2203612135091675,0.011883500963449478,0.16627812385559082,0.9927583336830139,0.9983058571815491,,,77,9.875047908280976e-06,1
motion_blur,shetland_sheepdog,2,4,0.444,0.48166666666666674,0.2203612135091675,0.01197701133787632,0.16022780537605286,0.9924861788749695,0.9982717037200928,,,74,9.908457286655903e-06,1
motion_blur,shetland_sheepdog,2,5,0.555,0.4354166666666667,0.2203612135091675,0.012359649874269962,0.14909791946411133,0.9927034974098206,1.0028070211410522,,,72,9.963348929886706e-06,1
motion_blur,shetland_sheepdog,2,6,0.666,0.38916666666666666,nan,0.012831875123083591,0.14909791946411133,0.9927034974098206,1.0028070211410522,,,0,0.0,1
motion_blur,shetland_sheepdog,2,7,0.777,0.34291666666666665,nan,0.013585136272013187,0.14909791946411133,0.9927034974098206,1.0028070211410522,,,0,0.0,1
motion_blur,shetland_sheepdog,2,8,0.888,0.2966666666666667,nan,0.014856654219329357,0.14909791946411133,0.9927034974098206,1.0028070211410522,,,0,0.0,1
motion_blur,shetland_sheepdog,2,9,0.999,0.2504166666666667,nan,0.016559859737753868,0.14909791946411133,0.9927034974098206,1.0028070211410522,,,0,0.0,1
motion_blur,shetland_sheepdog,3,0,0.0,0.3999999999999999,0.22819071692139276,0.009431982412934303,0.15570485591888428,0.9765509963035583,1.0014568567276,,,40,9.680584298621397e-06,1
motion_blur,shetland_sheepdog,3,1,0.111,0.3555999999999999,nan,0.01087617315351963,0.15570485591888428,0.9765509963035583,1.0014568567276,,,0,0.0,1
motion_blur,shetland_sheepdog,3,2,0.222,0.3111999999999999,nan,0.013747267425060272,0.15570485591888428,0.9765509963035583,1.0014568567276,,,0,0.0,1
motion_blur,shetland_sheepdog,3,3,0.333,0.2668,nan,0.01540498249232769,0.15570485591888428,0.9765509963035583,1.0014568567276,,,0,0.0,1
motion_blur,shetland_sheepdog,3,4,0.444,0.22239999999999996,nan,0.016522610560059547,0.15570485591888428,0.9765509963035583,1.0014568567276,,,0,0.0,1
motion_blur,shetland_sheepdog,3,5,0.555,0.17799999999999994,nan,0.01827741414308548,0.15570485591888428,0.9765509963035583,1.0014568567276,,,0,0.0,1
motion_blur,shetland_sheepdog,3,6,0.666,0.13359999999999997,nan,0.021496202796697617,0.15570485591888428,0.9765509963035583,1.0014568567276,,,0,0.0,1
motion_blur,shetland_sheepdog,3,7,0.777,0.08919999999999997,nan,0.02786899358034134,0.15570485591888428,0.9765509963035583,1.0014568567276,,,0,0.0,1
motion_blur,shetland_sheepdog,3,8,0.888,0.044799999999999986,nan,0.044657252728939056,0.15570485591888428,0.9765509963035583,1.0014568567276,,,0,0.0,1
motion_blur,shetland_sheepdog,3,9,0.999,0.0004000000000000003,nan,0.14477470517158508,0.15570485591888428,0.9765509963035583,1.0014568567276,,,0,0.0,1
superresolution,breastplate_armor,0,0,0.0,1.0,0.2000590571988071,0.009970428422093391,0.007696438580751419,1.5490978956222534,0.991515576839447,,,15,8.105596862151287e-06,1
superresolution,breastplate_armor,0,1,0.111,0.9722500000000001,0.2000590571988071,0.010642001405358315,0.007492994423955679,1.5443731546401978,1.0071277618408203,,,14,7.88806937634945e-06,1
superresolution,breastplate_armor,0,2,0.222,0.9445,0.2000590571988071,0.01062399335205555,0.0076710013672709465,1.5446661710739136,0.9997060298919678,,,14,7.996713065949734e-06,1
superresolution,breastplate_armor,0,3,0.333,0.9167500000000001,0.2000590571988071,0.009873627685010433,0.007691334933042526,1.5480235815048218,1.0002552270889282,,,14,7.980978807609063e-06,1
superresolution,breastplate_armor,0,4,0.444,0.889,0.2000590571988071,0.009073696099221706,0.007720695808529854,1.5482138395309448,0.9940018057823181,,,14,7.94840798334917e-06,1
superresolution,breastplate_armor,0,5,0.555,0.86125,0.2000590571988071,0.008365506306290627,0.007482938002794981,1.5468426942825317,1.019405722618103,,,14,7.81563539931085e-06,1
superresolution,breastplate_armor,0,6,0.666,0.8335,0.2000590571988071,0.007804953958839178,0.007746370043605566,1.5452760457992554,0.9842050671577454,,,14,7.771716809656937e-06,1
superresolution,breastplate_armor,0,7,0.777,0.80575,0.2000590571988071,0.0074211894534528255,0.007664426229894161,1.5452028512954712,1.0162402391433716,,,14,7.509406714234501e-06,1
superresolution,breastplate_armor,0,8,0.888,0.778,0.2000590571988071,0.00719289667904377,0.007796192541718483,1.5519914627075195,1.0055128335952759,,,14,7.5090329119120724e-06,1
superresolution,breastplate_armor,0,9,0.999,0.75025,0.2000590571988071,0.007022725883871317,0.00763543788343668,1.5482374429702759,0.991866946220398,,,14,7.343045126617653e-06,1
superresolution,breastplate_armor,1,0,0.0,0.8571428571428572,0.21108518838244975,0.013227979652583599,0.028538590297102928,0.974805474281311,0.9993259906768799,,,23,8.713574970897753e-06,1
superresolution,breastplate_armor,1,1,0.111,0.8175000000000001,0.21108518838244975,0.012689127586781979,0.02978978119790554,0.9772143959999084,1.002347707748413,,,23,8.546612662030384e-06,1
superresolution,breastplate_armor,1,2,0.222,0.7778571428571429,0.21108518838244975,0.012317526154220104,0.02897062711417675,0.9665710926055908,0.9948512315750122,,,23,8.392840754822828e-06,1
superresolution,breastplate_armor,1,3,0.333,0.7382142857142858,0.21108518838244975,0.012009454891085625,0.029603302478790283,0.9660903811454773,1.0042061805725098,,,23,8.284655450552236e-06,1
superresolution,breastplate_armor,1,4,0.444,0.6985714285714286,0.21108518838244975,0.011795909143984318,0.02960224077105522,0.9708090424537659,1.0136305093765259,,,23,8.176895789802074e-06,1
superresolution,breastplate_armor,1,5,0.555,0.6589285714285714,0.21108518838244975,0.011530348099768162,0.029165733605623245,0.964155912399292,0.9947329759597778,,,23,8.143207196553703e-06,1
superresolution,breastplate_armor,1,6,0.666,0.6192857142857142,0.21108518838244975,0.011259624734520912,0.02884647250175476,0.9749724864959717,0.9880710244178772,,,23,7.760609150864184e-06,1
superresolution,breastplate_armor,1,7,0.777,0.5796428571428571,0.21108518838244975,0.010943361558020115,0.029062774032354355,0.9652879238128662,0.996627926826477,,,23,7.362738870142493e-06,1
superresolution,breastplate_armor,1,8,0.888,0.54,0.21108518838244975,0.010707459412515163,0.029252266511321068,0.964985728263855,0.9929125308990479,,,23,9.998185305448715e-06,1
superresolution,breastplate_armor,1,9,0.999,0.5003571428571428,0.21108518838244975,0.010580291040241718,0.02778080850839615,0.9568029642105103,1.0031170845031738,,,22,9.583874089003075e-06,1
superresolution,breastplate_armor,2,0,0.0,0.6666666666666667,0.2203612135091675,0.011577649042010307,0.182484433054924,0.9671338200569153,0.9995604753494263,,,22,9.212809345626738e-06,1
superresolution,breastplate_armor,2,1,0.111,0.6204166666666668,0.2203612135091675,0.011458246037364006,0.1774369329214096,0.9557310938835144,0.9986169338226318,,,21,9.208990377373993e-06,1
superresolution,breastplate_armor,2,2,0.222,0.5741666666666667,0.2203612135091675,0.011648545041680336,0.17764782905578613,0.974738359451294,0.9988556504249573,,,21,8.461422112304717e-06,1
superresolution,breastplate_armor,2,3,0.333,0.5279166666666668,0.2203612135091675,0.011883500963449478,0.17261992394924164,0.9662646651268005,1.0001050233840942,,,21,7.116741016943706e-06,1
superresolution,breastplate_armor,2,4,0.444,0.48166666666666674,0.2203612135091675,0.01197701133787632,0.16469702124595642,0.9440360069274902,1.0000661611557007,,,21,5.477949343912769e-06,1
superresolution,breastplate_armor,2,5,0.555,0.4354166666666667,0.2203612135091675,0.012359649874269962,0.15272174775600433,0.95023113489151,0.9965349435806274,,,20,7.383406227745581e-06,1
superresolution,breastplate_armor,2,6,0.666,0.38916666666666666,nan,0.012831875123083591,0.15272174775600433,0.95023113489151,0.9965349435806274,,,0,0.0,1
superresolution,breastplate_armor,2,7,0.777,0.34291666666666665,nan,0.013585136272013187,0.15272174775600433,0.95023113489151,0.9965349435806274,,,0,0.0,1
superresolution,breastplate_armor,2,8,0.888,0.2966666666666667,nan,0.014856654219329357,0.15272174775600433,0.95023113489151,0.9965349435806274,,,0,0.0,1
superresolution,breastplate_armor,2,9,0.999,0.2504166666666667,nan,0.016559859737753868,0.15272174775600433,0.95023113489151,0.9965349435806274,,,0,0.0,1
superresolution,breastplate_armor,3,0,0.0,0.3999999999999999,0.22819071692139276,0.009431982412934303,0.16431400179862976,0.9192648530006409,1.0032203197479248,,,11,3.7389329463621834e-06,1
superresolution,breastplate_armor,3,1,0.111,0.3555999999999999,nan,0.01087617315351963,0.16431400179862976,0.9192648530006409,1.0032203197479248,,,0,0.0,1
superresolution,breastplate_armor,3,2,0.222,0.3111999999999999,nan,0.013747267425060272,0.16431400179862976,0.9192648530006409,1.0032203197479248,,,0,0.0,1
superresolution,breastplate_armor,3,3,0.333,0.2668,nan,0.01540498249232769,0.16431400179862976,0.9192648530006409,1.0032203197479248,,,0,0.0,1
superresolution,breastplate_armor,3,4,0.444,0.22239999999999996,nan,0.016522610560059547,0.16431400179862976,0.9192648530006409,1.0032203197479248,,,0,0.0,1
superresolution,breastplate_armor,3,5,0.555,0.17799999999999994,nan,0.01827741414308548,0.16431400179862976,0.9192648530006409,1.0032203197479248,,,0,0.0,1
superresolution,breastplate_armor,3,6,0.666,0.13359999999999997,nan,0.021496202796697617,0.16431400179862976,0.9192648530006409,1.0032203197479248,,,0,0.0,1
superresolution,breastplate_armor,3,7,0.777,0.08919999999999997,nan,0.02786899358034134,0.16431400179862976,0.9192648530006409,1.0032203197479248,,,0,0.0,1
superresolution,breastplate_armor,3,8,0.888,0.044799999999999986,nan,0.044657252728939056,0.16431400179862976,0.9192648530006409,1.0032203197479248,,,0,0.0,1
superresolution,breastplate_armor,3,9,0.999,0.0004000000000000003,nan,0.14477470517158508,0.16431400179862976,0.9192648530006409,1.0032203197479248,,,0,0.0,1
superresolution,crane_structure,0,0,0.0,1.0,0.2000590571988071,0.009970428422093391,0.018448710441589355,2.7723963260650635,0.991515576839447,,,17,9.423508345207665e-06,1
superresolution,crane_structure,0,1,0.111,0.9722500000000001,0.2000590571988071,0.010642001405358315,0.018559526652097702,2.769744873046875,1.0071277618408203,,,14,9.545680768496823e-06,1
superresolution,crane_structure,0,2,0.222,0.9445,0.2000590571988071,0.01062399335205555,0.0182889923453331,2.7699568271636963,0.9997060298919678,,,14,9.668009624874685e-06,1
superresolution,crane_structure,0,3,0.333,0.9167500000000001,0.2000590571988071,0.009873627685010433,0.018899058923125267,2.7715489864349365,1.0002552270889282,,,14,9.66016341408249e-06,1
superresolution,crane_structure,0,4,0.444,0.889,0.2000590571988071,0.009073696099221706,0.01883220672607422,2.771757125854492,0.9940018057823181,,,14,9.61207024374744e-06,1
superresolution,crane_structure,0,5,0.555,0.86125,0.2000590571988071,0.008365506306290627,0.018713563680648804,2.77112078666687,1.019405722618103,,,14,9.456225598114543e-06,1
superresolution,crane_structure,0,6,0.666,0.8335,0.2000590571988071,0.007804953958839178,0.018670808523893356,2.770146131515503,0.9842050671577454,,,14,9.387672434968408e-06,1
superresolution,crane_structure,0,7,0.777,0.80575,0.2000590571988071,0.0074211894534528255,0.01877790503203869,2.770071029663086,1.0162402391433716,,,14,9.05306023923913e-06,1
superresolution,crane_structure,0,8,0.888,0.778,0.2000590571988071,0.00719289667904377,0.018588857725262642,2.7738962173461914,1.0055128335952759,,,14,9.078746188606601e-06,1
superresolution,crane_structure,0,9,0.999,0.75025,0.2000590571988071,0.007022725883871317,0.01863936334848404,2.771944522857666,0.991866946220398,,,14,8.898262422007974e-06,1
superresolution,crane_structure,1,0,0.0,0.8571428571428572,0.21108518838244975,0.013227979652583599,0.04644681140780449,0.9908578395843506,0.9993259906768799,,,25,9.793512617761735e-06,1
superresolution,crane_structure,1,1,0.111,0.8175000000000001,0.21108518838244975,0.012689127586781979,0.04675763472914696,0.9948572516441345,1.002347707748413,,,24,9.996517292165663e-06,1
superresolution,crane_structure,1,2,0.222,0.7778571428571429,0.21108518838244975,0.012317526154220104,0.04609842225909233,0.9846972823143005,0.9948512315750122,,,23,9.933911314874422e-06,1
superresolution,crane_structure,1,3,0.333,0.7382142857142858,0.21108518838244975,0.012009454891085625,0.046515218913555145,0.9836790561676025,1.0042061805725098,,,23,9.794557627174072e-06,1
superresolution,crane_structure,1,4,0.444,0.6985714285714286,0.21108518838244975,0.011795909143984318,0.04728684946894646,0.9866160154342651,1.0136305093765259,,,23,9.655173926148564e-06,1
superresolution,crane_structure,1,5,0.555,0.6589285714285714,0.21108518838244975,0.011530348099768162,0.04623568058013916,0.9829227328300476,0.9947330355644226,,,23,9.600132216291968e-06,1
superresolution,crane_structure,1,6,0.666,0.6192857142857142,0.21108518838244975,0.011259624734520912,0.04628872126340866,0.9914789199829102,0.9880710244178772,,,23,9.175296327157412e-06,1
superresolution,crane_structure,1,7,0.777,0.5796428571428571,0.21108518838244975,0.010943361558020115,0.04817315936088562,0.9763889908790588,0.996627926826477,,,23,8.685027751198504e-06,1
superresolution,crane_structure,1,8,0.888,0.54,0.21108518838244975,0.010707459412515163,0.047910451889038086,0.977664053440094,0.9929125905036926,,,23,8.306635209009983e-06,1
superresolution,crane_structure,1,9,0.999,0.5003571428571428,0.21108518838244975,0.010580291040241718,0.04761802405118942,0.9659045934677124,1.0031170845031738,,,23,7.668707439734135e-06,1
superresolution,crane_structure,2,0,0.0,0.6666666666666667,0.2203612135091675,0.011577649042010307,0.19438308477401733,0.984151303768158,0.9995604753494263,,,22,7.1609542828809936e-06,1
superresolution,crane_structure,2,1,0.111,0.6204166666666668,0.2203612135091675,0.011458246037364006,0.1903916597366333,0.9773196578025818,0.9986169338226318,,,22,9.712004612083547e-06,1
superresolution,crane_structure,2,2,0.222,0.5741666666666667,0.2203612135091675,0.011648545041680336,0.18801632523536682,0.9866107702255249,0.9988556504249573,,,21,9.930364285537507e-06,1
superresolution,crane_structure,2,3,0.333,0.5279166666666668,0.2203612135091675,0.011883500963449478,0.18252895772457123,0.9749040007591248,1.0001050233840942,,,21,8.328749572683591e-06,1
superresolution,crane_structure,2,4,0.444,0.48166666666666674,0.2203612135091675,0.01197701133787632,0.17512598633766174,0.9568709135055542,1.0000661611557007,,,21,6.400374331860803e-06,1
superresolution,crane_structure,2,5,0.555,0.4354166666666667,0.2203612135091675,0.012359649874269962,0.16104942560195923,0.9554743766784668,0.9965349435806274,,,20,8.653496479382738e-06,1
superresolution,crane_structure,2,6,0.666,0.38916666666666666,nan,0.012831875123083591,0.16104942560195923,0.9554743766784668,0.9965349435806274,,,0,0.0,1
superresolution,crane_structure,2,7,0.777,0.34291666666666665,nan,0.013585136272013187,0.16104942560195923,0.9554743766784668,0.9965349435806274,,,0,0.0,1
superresolution,crane_structure,2,8,0.888,0.2966666666666667,nan,0.014856654219329357,0.16104942560195923,0.9554743766784668,0.9965349435806274,,,0,0.0,1
superresolution,crane_structure,2,9,0.999,0.2504166666666667,nan,0.016559859737753868,0.16104942560195923,0.9554743766784668,0.9965349435806274,,,0,0.0,1
superresolution,crane_structure,3,0,0.0,0.3999999999999999,0.22819071692139276,0.009431982412934303,0.1755506694316864,0.9222785234451294,1.0032203197479248,,,11,4.314412308303872e-06,1
superresolution,crane_structure,3,1,0.111,0.3555999999999999,nan,0.01087617315351963,0.1755506694316864,0.9222785234451294,1.0032203197479248,,,0,0.0,1
superresolution,crane_structure,3,2,0.222,0.3111999999999999,nan,0.013747267425060272,0.1755506694316864,0.9222785234451294,1.0032203197479248,,,0,0.0,1
superresolution,crane_structure,3,3,0.333,0.2668,nan,0.01540498249232769,0.1755506694316864,0.9222785234451294,1.0032203197479248,,,0,0.0,1
superresolution,crane_structure,3,4,0.444,0.22239999999999996,nan,0.016522610560059547,0.1755506694316864,0.9222785234451294,1.0032203197479248,,,0,0.0,1
superresolution,crane_structure,3,5,0.555,0.17799999999999994,nan,0.01827741414308548,0.1755506694316864,0.9222785234451294,1.0032203197479248,,,0,0.0,1
superresolution,crane_structure,3,6,0.666,0.13359999999999997,nan,0.021496202796697617,0.1755506694316864,0.9222785234451294,1.0032203197479248,,,0,0.0,1
superresolution,crane_structure,3,7,0.777,0.08919999999999997,nan,0.02786899358034134,0.1755506694316864,0.9222785234451294,1.0032203197479248,,,0,0.0,1
superresolution,crane_structure,3,8,0.888,0.044799999999999986,nan,0.044657252728939056,0.1755506694316864,0.9222785234451294,1.0032203197479248,,,0,0.0,1
superresolution,crane_structure,3,9,0.999,0.0004000000000000003,nan,0.14477470517158508,0.1755506694316864,0.9222785234451294,1.0032203197479248,,,0,0.0,1
superresolution,ibex_horns,0,0,0.0,1.0,0.2000590571988071,0.009970428422093391,0.02660917304456234,2.5599124431610107,0.991515576839447,,,17,8.161841833498329e-06,1
superresolution,ibex_horns,0,1,0.111,0.9722500000000001,0.2000590571988071,0.010642001405358315,0.02668048068881035,2.5570313930511475,1.0071277618408203,,,15,6.712141384923598e-06,1
superresolution,ibex_horns,0,2,0.222,0.9445,0.2000590571988071,0.01062399335205555,0.026266176253557205,2.557323455810547,0.9997060298919678,,,15,6.915072845004033e-06,1
superresolution,ibex_horns,0,3,0.333,0.9167500000000001,0.2000590571988071,0.009873627685010433,0.026676077395677567,2.559329032897949,1.0002552270889282,,,15,6.85097302266513e-06,1
superresolution,ibex_horns,0,4,0.444,0.889,0.2000590571988071,0.009073696099221706,0.025997798889875412,2.5597193241119385,0.9940018057823181,,,15,6.892571946082171e-06,1
superresolution,ibex_horns,0,5,0.555,0.86125,0.2000590571988071,0.008365506306290627,0.026156481355428696,2.559081554412842,1.019405722618103,,,15,6.784385732316878e-06,1
superresolution,ibex_horns,0,6,0.666,0.8335,0.2000590571988071,0.007804953958839178,0.026295315474271774,2.5577774047851562,0.9842050671577454,,,15,6.5791741690190975e-06,1
superresolution,ibex_horns,0,7,0.777,0.80575,0.2000590571988071,0.0074211894534528255,0.025864198803901672,2.5581490993499756,1.0162402391433716,,,15,6.572934580617584e-06,1
superresolution,ibex_horns,0,8,0.888,0.778,0.2000590571988071,0.00719289667904377,0.026659518480300903,2.561776876449585,1.0055128335952759,,,15,6.57600503473077e-06,1
superresolution,ibex_horns,0,9,0.999,0.75025,0.2000590571988071,0.007022725883871317,0.026294296607375145,2.55971360206604,0.991866946220398,,,15,6.382008905347902e-06,1
superresolution,ibex_horns,1,0,0.0,0.8571428571428572,0.21108518838244975,0.013227979652583599,0.03745535761117935,0.9837773442268372,0.9993259906768799,,,25,8.37285097077256e-06,1
superresolution,ibex_horns,1,1,0.111,0.8175000000000001,0.21108518838244975,0.012689127586781979,0.03864636272192001,0.9844939708709717,1.002347707748413,,,24,8.50469405122567e-06,1
superresolution,ibex_horns,1,2,0.222,0.7778571428571429,0.21108518838244975,0.012317526154220104,0.03768482059240341,0.9753127098083496,0.9948512315750122,,,24,8.385165529034566e-06,1
superresolution,ibex_horns,1,3,0.333,0.7382142857142858,0.21108518838244975,0.012009454891085625,0.03798660263419151,0.9762306213378906,1.0042061805725098,,,24,8.341543434653431e-06,1
superresolution,ibex_horns,1,4,0.444,0.6985714285714286,0.21108518838244975,0.011795909143984318,0.038588643074035645,0.9772777557373047,1.0136305093765259,,,24,8.149045243044384e-06,1
superresolution,ibex_horns,1,5,0.555,0.6589285714285714,0.21108518838244975,0.011530348099768162,0.03808072209358215,0.9726510643959045,0.9947330355644226,,,24,8.083562534011435e-06,1
superresolution,ibex_horns,1,6,0.666,0.6192857142857142,0.21108518838244975,0.011259624734520912,0.03749052435159683,0.9841120839118958,0.9880710244178772,,,24,7.714219464105554e-06,1
superresolution,ibex_horns,1,7,0.777,0.5796428571428571,0.21108518838244975,0.010943361558020115,0.038066715002059937,0.9722720384597778,0.996627926826477,,,24,7.367063517449424e-06,1
superresolution,ibex_horns,1,8,0.888,0.54,0.21108518838244975,0.010707459412515163,0.038506560027599335,0.9709618091583252,0.9929125308990479,,,24,9.908292668114882e-06,1
superresolution,ibex_horns,1,9,0.999,0.5003571428571428,0.21108518838244975,0.010580291040241718,0.03723522648215294,0.9618070125579834,1.0031170845031738,,,23,9.454800419916864e-06,1
superresolution,ibex_horns,2,0,0.0,0.6666666666666667,0.2203612135091675,0.011577649042010307,0.1871354579925537,0.9866037964820862,0.9995604753494263,,,22,8.288485332741402e-06,1
superresolution,ibex_horns,2,1,0.111,0.6204166666666668,0.2203612135091675,0.011458246037364006,0.18259155750274658,0.9736433625221252,0.9986169338226318,,,22,6.524314358102856e-06,1
superresolution,ibex_horns,2,2,0.222,0.5741666666666667,0.2203612135091675,0.011648545041680336,0.18249647319316864,0.9897737503051758,0.9988556504249573,,,22,5.870470886293333e-06,1
superresolution,ibex_horns,2,3,0.333,0.5279166666666668,0.2203612135091675,0.011883500963449478,0.1785549819469452,0.9814539551734924,1.0001050233840942,,,22,9.955275345419068e-06,1
superresolution,ibex_horns,2,4,0.444,0.48166666666666674,0.2203612135091675,0.01197701133787632,0.1709427833557129,0.9584946632385254,1.0000661611557007,,,21,7.823154192010406e-06,1
superresolution,ibex_horns,2,5,0.555,0.4354166666666667,0.2203612135091675,0.012359649874269962,0.1591683328151703,0.963725745677948,0.9965349435806274,,,21,9.88599185802741e-06,1
superresolution,ibex_horns,2,6,0.666,0.38916666666666666,nan,0.012831875123083591,0.1591683328151703,0.963725745677948,0.9965349435806274,,,0,0.0,1
superresolution,ibex_horns,2,7,0.777,0.34291666666666665,nan,0.013585136272013187,0.1591683328151703,0.963725745677948,0.9965349435806274,,,0,0.0,1
superresolution,ibex_horns,2,8,0.888,0.2966666666666667,nan,0.014856654219329357,0.1591683328151703,0.963725745677948,0.9965349435806274,,,0,0.0,1
superresolution,ibex_horns,2,9,0.999,0.2504166666666667,nan,0.016559859737753868,0.1591683328151703,0.963725745677948,0.9965349435806274,,,0,0.0,1
superresolution,ibex_horns,3,0,0.0,0.3999999999999999,0.22819071692139276,0.009431982412934303,0.17550808191299438,0.9448822736740112,1.0032203197479248,,,11,5.243643499852624e-06,1
superresolution,ibex_horns,3,1,0.111,0.3555999999999999,nan,0.01087617315351963,0.17550808191299438,0.9448822736740112,1.0032203197479248,,,0,0.0,1
superresolution,ibex_horns,3,2,0.222,0.3111999999999999,nan,0.013747267425060272,0.17550808191299438,0.9448822736740112,1.0032203197479248,,,0,0.0,1
superresolution,ibex_horns,3,3,0.333,0.2668,nan,0.01540498249232769,0.17550808191299438,0.9448822736740112,1.0032203197479248,,,0,0.0,1
superresolution,ibex_horns,3,4,0.444,0.22239999999999996,nan,0.016522610560059547,0.17550808191299438,0.9448822736740112,1.0032203197479248,,,0,0.0,1
superresolution,ibex_horns,3,5,0.555,0.17799999999999994,nan,0.01827741414308548,0.17550808191299438,0.9448822736740112,1.0032203197479248,,,0,0.0,1
superresolution,ibex_horns,3,6,0.666,0.13359999999999997,nan,0.021496202796697617,0.17550808191299438,0.9448822736740112,1.0032203197479248,,,0,0.0,1
superresolution,ibex_horns,3,7,0.777,0.08919999999999997,nan,0.02786899358034134,0.17550808191299438,0.9448822736740112,1.0032203197479248,,,0,0.0,1
superresolution,ibex_horns,3,8,0.888,0.044799999999999986,nan,0.044657252728939056,0.17550808191299438,0.9448822736740112,1.0032203197479248,,,0,0.0,1
superresolution,ibex_horns,3,9,0.999,0.0004000000000000003,nan,0.14477470517158508,0.17550808191299438,0.9448822736740112,1.0032203197479248,,,0,0.0,1
superresolution,junco,0,0,0.0,1.0,0.2000590571988071,0.009970428422093391,0.0125571358948946,1.5880249738693237,0.991515576839447,,,18,7.352429747697897e-06,1
superresolution,junco,0,1,0.111,0.9722500000000001,0.2000590571988071,0.010642001405358315,0.013044295832514763,1.582769751548767,1.0071277618408203,,,16,7.336009275604738e-06,1
superresolution,junco,0,2,0.222,0.9445,0.2000590571988071,0.01062399335205555,0.012925839051604271,1.5833123922348022,0.9997060298919678,,,16,7.54288885218557e-06,1
superresolution,junco,0,3,0.333,0.9167500000000001,0.2000590571988071,0.009873627685010433,0.012836823239922523,1.5867736339569092,1.0002552270889282,,,16,7.303811344172573e-06,1
superresolution,junco,0,4,0.444,0.889,0.2000590571988071,0.009073696099221706,0.012910394929349422,1.586815595626831,0.9940018057823181,,,16,7.664865734113846e-06,1
superresolution,junco,0,5,0.555,0.86125,0.2000590571988071,0.008365506306290627,0.012599754147231579,1.585998296737671,1.019405722618103,,,16,7.203431778179947e-06,1
superresolution,junco,0,6,0.666,0.8335,0.2000590571988071,0.007804953958839178,0.012891670688986778,1.5838594436645508,0.9842050671577454,,,16,7.304941391339526e-06,1
superresolution,junco,0,7,0.777,0.80575,0.2000590571988071,0.0074211894534528255,0.012829731218516827,1.584205985069275,1.0162402391433716,,,16,7.236562396428781e-06,1
superresolution,junco,0,8,0.888,0.778,0.2000590571988071,0.00719289667904377,0.01300816796720028,1.5906426906585693,1.0055128335952759,,,16,7.0187015808187425e-06,1
superresolution,junco,0,9,0.999,0.75025,0.2000590571988071,0.007022725883871317,0.012509249150753021,1.5874273777008057,0.991866946220398,,,16,6.930325071152765e-06,1
superresolution,junco,1,0,0.0,0.8571428571428572,0.21108518838244975,0.013227979652583599,0.029597938060760498,0.9769959449768066,0.9993259906768799,,,26,8.265938959084451e-06,1
superresolution,junco,1,1,0.111,0.8175000000000001,0.21108518838244975,0.012689127586781979,0.031004635617136955,0.9769088625907898,1.002347707748413,,,26,7.685487616981845e-06,1
superresolution,junco,1,2,0.222,0.7778571428571429,0.21108518838244975,0.012317526154220104,0.029959311708807945,0.9677935242652893,0.9948512315750122,,,26,7.474483936675824e-06,1
superresolution,junco,1,3,0.333,0.7382142857142858,0.21108518838244975,0.012009454891085625,0.030420785769820213,0.9672921299934387,1.0042061805725098,,,26,9.994072570407297e-06,1
superresolution,junco,1,4,0.444,0.6985714285714286,0.21108518838244975,0.011795909143984318,0.030446723103523254,0.9717665910720825,1.0136305093765259,,,26,9.950774256139994e-06,1
superresolution,junco,1,5,0.555,0.6589285714285714,0.21108518838244975,0.011530348099768162,0.030337780714035034,0.9646987318992615,0.9947329759597778,,,26,9.839863196248189e-06,1
superresolution,junco,1,6,0.666,0.6192857142857142,0.21108518838244975,0.011259624734520912,0.02969958446919918,0.9769920706748962,0.9880710244178772,,,26,9.901527846523095e-06,1
superresolution,junco,1,7,0.777,0.5796428571428571,0.21108518838244975,0.010943361558020115,0.02997135929763317,0.9668184518814087,0.996627926826477,,,25,9.505985872237943e-06,1
superresolution,junco,1,8,0.888,0.54,0.21108518838244975,0.010707459412515163,0.030269593000411987,0.9657999277114868,0.9929125308990479,,,25,9.22091021493543e-06,1
superresolution,junco,1,9,0.999,0.5003571428571428,0.21108518838244975,0.010580291040241718,0.028953786939382553,0.95650315284729,1.0031170845031738,,,25,8.156598596542608e-06,1
superresolution,junco,2,0,0.0,0.6666666666666667,0.2203612135091675,0.011577649042010307,0.17939329147338867,0.9702891707420349,0.9995604753494263,,,23,7.549147085228469e-06,1
superresolution,junco,2,1,0.111,0.6204166666666668,0.2203612135091675,0.011458246037364006,0.17484259605407715,0.9587866067886353,0.9986169338226318,,,23,5.964174306427594e-06,1
superresolution,junco,2,2,0.222,0.5741666666666667,0.2203612135091675,0.011648545041680336,0.17426514625549316,0.9768487215042114,0.9988556504249573,,,23,5.460188731376547e-06,1
superresolution,junco,2,3,0.333,0.5279166666666668,0.2203612135091675,0.011883500963449478,0.16962537169456482,0.9688776135444641,1.0001050233840942,,,22,9.321961442765314e-06,1
superresolution,junco,2,4,0.444,0.48166666666666674,0.2203612135091675,0.01197701133787632,0.16085711121559143,0.9445394277572632,1.0000661611557007,,,22,7.072619609971298e-06,1
superresolution,junco,2,5,0.555,0.4354166666666667,0.2203612135091675,0.012359649874269962,0.14935168623924255,0.949761688709259,0.9965349435806274,,,21,9.522675100015476e-06,1
superresolution,junco,2,6,0.666,0.38916666666666666,nan,0.012831875123083591,0.14935168623924255,0.949761688709259,0.9965349435806274,,,0,0.0,1
superresolution,junco,2,7,0.777,0.34291666666666665,nan,0.013585136272013187,0.14935168623924255,0.949761688709259,0.9965349435806274,,,0,0.0,1
superresolution,junco,2,8,0.888,0.2966666666666667,nan,0.014856654219329357,0.14935168623924255,0.949761688709259,0.9965349435806274,,,0,0.0,1
superresolution,junco,2,9,0.999,0.2504166666666667,nan,0.016559859737753868,0.14935168623924255,0.949761688709259,0.9965349435806274,,,0,0.0,1
superresolution,junco,3,0,0.0,0.3999999999999999,0.22819071692139276,0.009431982412934303,0.15743151307106018,0.9117631912231445,1.0032203197479248,,,11,9.352183042210527e-06,1
superresolution,junco,3,1,0.111,0.3555999999999999,nan,0.01087617315351963,0.15743151307106018,0.9117631912231445,1.0032203197479248,,,0,0.0,1
superresolution,junco,3,2,0.222,0.3111999999999999,nan,0.013747267425060272,0.15743151307106018,0.9117631912231445,1.0032203197479248,,,0,0.0,1
superresolution,junco,3,3,0.333,0.2668,nan,0.01540498249232769,0.15743151307106018,0.9117631912231445,1.0032203197479248,,,0,0.0,1
superresolution,junco,3,4,0.444,0.22239999999999996,nan,0.016522610560059547,0.15743151307106018,0.9117631912231445,1.0032203197479248,,,0,0.0,1
superresolution,junco,3,5,0.555,0.17799999999999994,nan,0.01827741414308548,0.15743151307106018,0.9117631912231445,1.0032203197479248,,,0,0.0,1
superresolution,junco,3,6,0.666,0.13359999999999997,nan,0.021496202796697617,0.15743151307106018,0.9117631912231445,1.0032203197479248,,,0,0.0,1
superresolution,junco,3,7,0.777,0.08919999999999997,nan,0.02786899358034134,0.15743151307106018,0.9117631912231445,1.0032203197479248,,,0,0.0,1
superresolution,junco,3,8,0.888,0.044799999999999986,nan,0.044657252728939056,0.15743151307106018,0.9117631912231445,1.0032203197479248,,,0,0.0,1
superresolution,junco,3,9,0.999,0.0004000000000000003,nan,0.14477470517158508,0.15743151307106018,0.9117631912231445,1.0032203197479248,,,0,0.0,1
superresolution,lakeside_beach,0,0,0.0,1.0,0.2000590571988071,0.009970428422093391,0.0055893538519740105,1.3363442420959473,0.991515576839447,,,16,9.793503522814717e-06,1
superresolution,lakeside_beach,0,1,0.111,0.9722500000000001,0.2000590571988071,0.010642001405358315,0.00545782595872879,1.3305355310440063,1.0071277618408203,,,16,9.668774509918876e-06,1
superresolution,lakeside_beach,0,2,0.222,0.9445,0.2000590571988071,0.01062399335205555,0.005599914118647575,1.3307836055755615,0.9997060298919678,,,16,9.873486305878032e-06,1
superresolution,lakeside_beach,0,3,0.333,0.9167500000000001,0.2000590571988071,0.009873627685010433,0.005476211663335562,1.3350934982299805,1.0002552270889282,,,16,9.73866099229781e-06,1
superresolution,lakeside_beach,0,4,0.444,0.889,0.2000590571988071,0.009073696099221706,0.005507794674485922,1.3353691101074219,0.9940018057823181,,,16,9.994128049584106e-06,1
superresolution,lakeside_beach,0,5,0.555,0.86125,0.2000590571988071,0.008365506306290627,0.005557133816182613,1.3337854146957397,1.019405722618103,,,16,9.851164577412419e-06,1
superresolution,lakeside_beach,0,6,0.666,0.8335,0.2000590571988071,0.007804953958839178,0.005443161353468895,1.3319135904312134,0.9842050671577454,,,16,9.949825653166045e-06,1
superresolution,lakeside_beach,0,7,0.777,0.80575,0.2000590571988071,0.0074211894534528255,0.005509410053491592,1.3319344520568848,1.0162402391433716,,,16,9.909678738040384e-06,1
superresolution,lakeside_beach,0,8,0.888,0.778,0.2000590571988071,0.00719289667904377,0.005649100057780743,1.3396562337875366,1.0055128335952759,,,16,9.760652574186679e-06,1
superresolution,lakeside_beach,0,9,0.999,0.75025,0.2000590571988071,0.007022725883871317,0.00546461483463645,1.335568904876709,0.991866946220398,,,16,9.95832851913292e-06,1
superresolution,lakeside_beach,1,0,0.0,0.8571428571428572,0.21108518838244975,0.013227979652583599,0.027387093752622604,0.9733205437660217,0.9993259906768799,,,25,9.566660082782619e-06,1
superresolution,lakeside_beach,1,1,0.111,0.8175000000000001,0.21108518838244975,0.012689127586781979,0.028533464297652245,0.9760499596595764,1.002347707748413,,,25,9.7873389677261e-06,1
superresolution,lakeside_beach,1,2,0.222,0.7778571428571429,0.21108518838244975,0.012317526154220104,0.027513613924384117,0.9657089114189148,0.9948512315750122,,,25,9.615691851649899e-06,1
superresolution,lakeside_beach,1,3,0.333,0.7382142857142858,0.21108518838244975,0.012009454891085625,0.028264179825782776,0.9641808271408081,1.0042061805725098,,,25,9.516816135146655e-06,1
superresolution,lakeside_beach,1,4,0.444,0.6985714285714286,0.21108518838244975,0.011795909143984318,0.028288042172789574,0.9703351855278015,1.0136305093765259,,,25,9.299779776483774e-06,1
superresolution,lakeside_beach,1,5,0.555,0.6589285714285714,0.21108518838244975,0.011530348099768162,0.027994360774755478,0.9629407525062561,0.9947329759597778,,,25,9.317153853771742e-06,1
superresolution,lakeside_beach,1,6,0.666,0.6192857142857142,0.21108518838244975,0.011259624734520912,0.02753632515668869,0.9745090007781982,0.9880710244178772,,,25,8.843865543894935e-06,1
superresolution,lakeside_beach,1,7,0.777,0.5796428571428571,0.21108518838244975,0.010943361558020115,0.027814965695142746,0.9642230272293091,0.996627926826477,,,25,8.411331691604573e-06,1
superresolution,lakeside_beach,1,8,0.888,0.54,0.21108518838244975,0.010707459412515163,0.027831267565488815,0.9641424417495728,0.9929125905036926,,,25,8.168016393028665e-06,1
superresolution,lakeside_beach,1,9,0.999,0.5003571428571428,0.21108518838244975,0.010580291040241718,0.026836875826120377,0.9535963535308838,1.0031170845031738,,,25,9.76326464297017e-06,1
superresolution,lakeside_beach,2,0,0.0,0.6666666666666667,0.2203612135091675,0.011577649042010307,0.17832908034324646,0.9602956771850586,0.9995604753494263,,,23,6.758691597497091e-06,1
superresolution,lakeside_beach,2,1,0.111,0.6204166666666668,0.2203612135091675,0.011458246037364006,0.1741248071193695,0.9528690576553345,0.9986169338226318,,,23,9.999058420362417e-06,1
superresolution,lakeside_beach,2,2,0.222,0.5741666666666667,0.2203612135091675,0.011648545041680336,0.1733616441488266,0.9715025424957275,0.9988556504249573,,,23,9.934758963936474e-06,1
superresolution,lakeside_beach,2,3,0.333,0.5279166666666668,0.2203612135091675,0.011883500963449478,0.16879692673683167,0.9627109169960022,1.0001050233840942,,,22,8.470517059322447e-06,1
superresolution,lakeside_beach,2,4,0.444,0.48166666666666674,0.2203612135091675,0.01197701133787632,0.1604747176170349,0.9407480359077454,1.0000661611557007,,,22,6.42026134300977e-06,1
superresolution,lakeside_beach,2,5,0.555,0.4354166666666667,0.2203612135091675,0.012359649874269962,0.1493588536977768,0.9469460248947144,0.9965349435806274,,,21,8.663409971632063e-06,1
superresolution,lakeside_beach,2,6,0.666,0.38916666666666666,nan,0.012831875123083591,0.1493588536977768,0.9469460248947144,0.9965349435806274,,,0,0.0,1
superresolution,lakeside_beach,2,7,0.777,0.34291666666666665,nan,0.013585136272013187,0.1493588536977768,0.9469460248947144,0.9965349435806274,,,0,0.0,1
superresolution,lakeside_beach,2,8,0.888,0.2966666666666667,nan,0.014856654219329357,0.1493588536977768,0.9469460248947144,0.9965349435806274,,,0,0.0,1
superresolution,lakeside_beach,2,9,0.999,0.2504166666666667,nan,0.016559859737753868,0.1493588536977768,0.9469460248947144,0.9965349435806274,,,0,0.0,1
superresolution,lakeside_beach,3,0,0.0,0.3999999999999999,0.22819071692139276,0.009431982412934303,0.15820899605751038,0.9017779231071472,1.0032203197479248,,,11,8.671026989759412e-06,1
superresolution,lakeside_beach,3,1,0.111,0.3555999999999999,nan,0.01087617315351963,0.15820899605751038,0.9017779231071472,1.0032203197479248,,,0,0.0,1
superresolution,lakeside_beach,3,2,0.222,0.3111999999999999,nan,0.013747267425060272,0.15820899605751038,0.9017779231071472,1.0032203197479248,,,0,0.0,1
superresolution,lakeside_beach,3,3,0.333,0.2668,nan,0.01540498249232769,0.15820899605751038,0.9017779231071472,1.0032203197479248,,,0,0.0,1
superresolution,lakeside_beach,3,4,0.444,0.22239999999999996,nan,0.016522610560059547,0.15820899605751038,0.9017779231071472,1.0032203197479248,,,0,0.0,1
superresolution,lakeside_beach,3,5,0.555,0.17799999999999994,nan,0.01827741414308548,0.15820899605751038,0.9017779231071472,1.0032203197479248,,,0,0.0,1
superresolution,lakeside_beach,3,6,0.666,0.13359999999999997,nan,0.021496202796697617,0.15820899605751038,0.9017779231071472,1.0032203197479248,,,0,0.0,1
superresolution,lakeside_beach,3,7,0.777,0.08919999999999997,nan,0.02786899358034134,0.15820899605751038,0.9017779231071472,1.0032203197479248,,,0,0.0,1
superresolution,lakeside_beach,3,8,0.888,0.044799999999999986,nan,0.044657252728939056,0.15820899605751038,0.9017779231071472,1.0032203197479248,,,0,0.0,1
superresolution,lakeside_beach,3,9,0.999,0.0004000000000000003,nan,0.14477470517158508,0.15820899605751038,0.9017779231071472,1.0032203197479248,,,0,0.0,1
superresolution,sea_anemone,0,0,0.0,1.0,0.2000590571988071,0.009970428422093391,0.008588232100009918,1.4125196933746338,0.991515576839447,,,15,8.018644621188287e-06,1
superresolution,sea_anemone,0,1,0.111,0.9722500000000001,0.2000590571988071,0.010642001405358315,0.008839147165417671,1.4069373607635498,1.0071277618408203,,,14,6.827089237049222e-06,1
superresolution,sea_anemone,0,2,0.222,0.9445,0.2000590571988071,0.01062399335205555,0.008699326775968075,1.4070712327957153,0.9997060298919678,,,14,6.899218078615377e-06,1
superresolution,sea_anemone,0,3,0.333,0.9167500000000001,0.2000590571988071,0.009873627685010433,0.008866473101079464,1.410660743713379,1.0002552270889282,,,14,6.9067491494934075e-06,1
superresolution,sea_anemone,0,4,0.444,0.889,0.2000590571988071,0.009073696099221706,0.008594900369644165,1.4112693071365356,0.9940018057823181,,,14,6.877716714370763e-06,1
superresolution,sea_anemone,0,5,0.555,0.86125,0.2000590571988071,0.008365506306290627,0.00869629718363285,1.4094340801239014,1.019405722618103,,,14,6.7571063482319005e-06,1
superresolution,sea_anemone,0,6,0.666,0.8335,0.2000590571988071,0.007804953958839178,0.00879280548542738,1.4078178405761719,0.9842050671577454,,,14,6.726469109707978e-06,1
superresolution,sea_anemone,0,7,0.777,0.80575,0.2000590571988071,0.0074211894534528255,0.008745837956666946,1.4077781438827515,1.0162402391433716,,,14,6.486983238573885e-06,1
superresolution,sea_anemone,0,8,0.888,0.778,0.2000590571988071,0.00719289667904377,0.008808160200715065,1.4151614904403687,1.0055128335952759,,,14,6.51019900033134e-06,1
superresolution,sea_anemone,0,9,0.999,0.75025,0.2000590571988071,0.007022725883871317,0.008668236434459686,1.411299705505371,0.991866946220398,,,14,6.366014531522524e-06,1
superresolution,sea_anemone,1,0,0.0,0.8571428571428572,0.21108518838244975,0.013227979652583599,0.02820964716374874,0.9762387871742249,0.9993259906768799,,,23,9.943629265762866e-06,1
superresolution,sea_anemone,1,1,0.111,0.8175000000000001,0.21108518838244975,0.012689127586781979,0.029368117451667786,0.9778628945350647,1.002347707748413,,,23,9.98562973109074e-06,1
superresolution,sea_anemone,1,2,0.222,0.7778571428571429,0.21108518838244975,0.012317526154220104,0.028497055172920227,0.9668343663215637,0.9948512315750122,,,23,9.984966709453147e-06,1
superresolution,sea_anemone,1,3,0.333,0.7382142857142858,0.21108518838244975,0.012009454891085625,0.02903236448764801,0.9671064615249634,1.0042061805725098,,,23,9.898800271912478e-06,1
superresolution,sea_anemone,1,4,0.444,0.6985714285714286,0.21108518838244975,0.011795909143984318,0.02901678904891014,0.9714417457580566,1.0136303901672363,,,23,9.966801371774636e-06,1
superresolution,sea_anemone,1,5,0.555,0.6589285714285714,0.21108518838244975,0.011530348099768162,0.028800155967473984,0.9645996689796448,0.9947329759597778,,,23,9.972879524866585e-06,1
superresolution,sea_anemone,1,6,0.666,0.6192857142857142,0.21108518838244975,0.011259624734520912,0.028597747907042503,0.9746713638305664,0.9880710244178772,,,22,9.867059816315304e-06,1
superresolution,sea_anemone,1,7,0.777,0.5796428571428571,0.21108518838244975,0.010943361558020115,0.028795436024665833,0.9655556082725525,0.996627926826477,,,22,9.347004379378632e-06,1
superresolution,sea_anemone,1,8,0.888,0.54,0.21108518838244975,0.010707459412515163,0.028802432119846344,0.9645754098892212,0.9929125308990479,,,22,8.949382390710525e-06,1
superresolution,sea_anemone,1,9,0.999,0.5003571428571428,0.21108518838244975,0.010580291040241718,0.027624648064374924,0.9560004472732544,1.0031170845031738,,,22,8.328209332830738e-06,1
superresolution,sea_anemone,2,0,0.0,0.6666666666666667,0.2203612135091675,0.011577649042010307,0.17982038855552673,0.968009889125824,0.9995604753494263,,,21,8.994263225758914e-06,1
superresolution,sea_anemone,2,1,0.111,0.6204166666666668,0.2203612135091675,0.011458246037364006,0.1750338077545166,0.9608571529388428,0.9986169338226318,,,21,7.999306035344489e-06,1
superresolution,sea_anemone,2,2,0.222,0.5741666666666667,0.2203612135091675,0.011648545041680336,0.17504248023033142,0.9763267636299133,0.9988556504249573,,,21,7.360119525401387e-06,1
superresolution,sea_anemone,2,3,0.333,0.5279166666666668,0.2203612135091675,0.011883500963449478,0.1700977385044098,0.9671527743339539,1.0001050233840942,,,21,6.176281203806866e-06,1
superresolution,sea_anemone,2,4,0.444,0.48166666666666674,0.2203612135091675,0.01197701133787632,0.16226643323898315,0.9456226825714111,1.0000661611557007,,,20,9.494632649875712e-06,1
superresolution,sea_anemone,2,5,0.555,0.4354166666666667,0.2203612135091675,0.012359649874269962,0.15030014514923096,0.9516328573226929,0.9965349435806274,,,20,6.42049735688488e-06,1
superresolution,sea_anemone,2,6,0.666,0.38916666666666666,nan,0.012831875123083591,0.15030014514923096,0.9516328573226929,0.9965349435806274,,,0,0.0,1
superresolution,sea_anemone,2,7,0.777,0.34291666666666665,nan,0.013585136272013187,0.15030014514923096,0.9516328573226929,0.9965349435806274,,,0,0.0,1
superresolution,sea_anemone,2,8,0.888,0.2966666666666667,nan,0.014856654219329357,0.15030014514923096,0.9516328573226929,0.9965349435806274,,,0,0.0,1
superresolution,sea_anemone,2,9,0.999,0.2504166666666667,nan,0.016559859737753868,0.15030014514923096,0.9516328573226929,0.9965349435806274,,,0,0.0,1
superresolution,sea_anemone,3,0,0.0,0.3999999999999999,0.22819071692139276,0.009431982412934303,0.15930238366127014,0.921057939529419,1.0032203197479248,,,11,9.972226507670712e-06,1
superresolution,sea_anemone,3,1,0.111,0.3555999999999999,nan,0.01087617315351963,0.15930238366127014,0.921057939529419,1.0032203197479248,,,0,0.0,1
superresolution,sea_anemone,3,2,0.222,0.3111999999999999,nan,0.013747267425060272,0.15930238366127014,0.921057939529419,1.0032203197479248,,,0,0.0,1
superresolution,sea_anemone,3,3,0.333,0.2668,nan,0.01540498249232769,0.15930238366127014,0.921057939529419,1.0032203197479248,,,0,0.0,1
superresolution,sea_anemone,3,4,0.444,0.22239999999999996,nan,0.016522610560059547,0.15930238366127014,0.921057939529419,1.0032203197479248,,,0,0.0,1
superresolution,sea_anemone,3,5,0.555,0.17799999999999994,nan,0.01827741414308548,0.15930238366127014,0.921057939529419,1.0032203197479248,,,0,0.0,1
superresolution,sea_anemone,3,6,0.666,0.13359999999999997,nan,0.021496202796697617,0.15930238366127014,0.921057939529419,1.0032203197479248,,,0,0.0,1
superresolution,sea_anemone,3,7,0.777,0.08919999999999997,nan,0.02786899358034134,0.15930238366127014,0.921057939529419,1.0032203197479248,,,0,0.0,1
superresolution,sea_anemone,3,8,0.888,0.044799999999999986,nan,0.044657252728939056,0.15930238366127014,0.921057939529419,1.0032203197479248,,,0,0.0,1
superresolution,sea_anemone,3,9,0.999,0.0004000000000000003,nan,0.14477470517158508,0.15930238366127014,0.921057939529419,1.0032203197479248,,,0,0.0,1
superresolution,shetland_sheepdog,0,0,0.0,1.0,0.2000590571988071,0.009970428422093391,0.010900711640715599,1.5112632513046265,0.991515576839447,,,16,9.791359843802638e-06,1
superresolution,shetland_sheepdog,0,1,0.111,0.9722500000000001,0.2000590571988071,0.010642001405358315,0.01026371493935585,1.5065711736679077,1.0071277618408203,,,15,9.989299542212393e-06,1
superresolution,shetland_sheepdog,0,2,0.222,0.9445,0.2000590571988071,0.01062399335205555,0.010470601730048656,1.5067822933197021,0.9997060298919678,,,15,9.89838554232847e-06,1
superresolution,shetland_sheepdog,0,3,0.333,0.9167500000000001,0.2000590571988071,0.009873627685010433,0.010581232607364655,1.5101174116134644,1.0002552270889282,,,15,9.799273357202765e-06,1
superresolution,shetland_sheepdog,0,4,0.444,0.889,0.2000590571988071,0.009073696099221706,0.010567556135356426,1.5104676485061646,0.9940018057823181,,,15,9.953508197213523e-06,1
superresolution,shetland_sheepdog,0,5,0.555,0.86125,0.2000590571988071,0.008365506306290627,0.01073521189391613,1.5090376138687134,1.019405722618103,,,15,9.89191175904125e-06,1
superresolution,shetland_sheepdog,0,6,0.666,0.8335,0.2000590571988071,0.007804953958839178,0.010425485670566559,1.5073238611221313,0.9842050671577454,,,15,9.954705092241056e-06,1
superresolution,shetland_sheepdog,0,7,0.777,0.80575,0.2000590571988071,0.0074211894534528255,0.010393277741968632,1.5076074600219727,1.0162402391433716,,,15,9.787813723960426e-06,1
superresolution,shetland_sheepdog,0,8,0.888,0.778,0.2000590571988071,0.00719289667904377,0.010632498189806938,1.5142467021942139,1.0055128335952759,,,15,9.834951015363913e-06,1
superresolution,shetland_sheepdog,0,9,0.999,0.75025,0.2000590571988071,0.007022725883871317,0.010647567920386791,1.5105241537094116,0.991866946220398,,,14,9.85499173111748e-06,1
superresolution,shetland_sheepdog,1,0,0.0,0.8571428571428572,0.21108518838244975,0.013227979652583599,0.02894180826842785,0.9752529263496399,0.9993259906768799,,,24,8.173283276846632e-06,1
superresolution,shetland_sheepdog,1,1,0.111,0.8175000000000001,0.21108518838244975,0.012689127586781979,0.029880909249186516,0.9780546426773071,1.002347707748413,,,24,7.618897598149488e-06,1
superresolution,shetland_sheepdog,1,2,0.222,0.7778571428571429,0.21108518838244975,0.012317526154220104,0.0290468018501997,0.9685253500938416,0.9948512315750122,,,24,7.517539415857755e-06,1
superresolution,shetland_sheepdog,1,3,0.333,0.7382142857142858,0.21108518838244975,0.012009454891085625,0.029709434136748314,0.9668602347373962,1.0042061805725098,,,24,7.513031960115768e-06,1
superresolution,shetland_sheepdog,1,4,0.444,0.6985714285714286,0.21108518838244975,0.011795909143984318,0.029714718461036682,0.9722352027893066,1.0136305093765259,,,24,7.328259925998282e-06,1
superresolution,shetland_sheepdog,1,5,0.555,0.6589285714285714,0.21108518838244975,0.011530348099768162,0.029325200244784355,0.9656121134757996,0.9947329759597778,,,24,9.994815627578646e-06,1
superresolution,shetland_sheepdog,1,6,0.666,0.6192857142857142,0.21108518838244975,0.011259624734520912,0.029040401801466942,0.9756788015365601,0.9880710244178772,,,24,9.973299711418804e-06,1
superresolution,shetland_sheepdog,1,7,0.777,0.5796428571428571,0.21108518838244975,0.010943361558020115,0.02922651916742325,0.9667973518371582,0.996627926826477,,,23,9.691334525996353e-06,1
superresolution,shetland_sheepdog,1,8,0.888,0.54,0.21108518838244975,0.010707459412515163,0.02924296259880066,0.9658007621765137,0.9929125308990479,,,23,9.281983693654183e-06,1
superresolution,shetland_sheepdog,1,9,0.999,0.5003571428571428,0.21108518838244975,0.010580291040241718,0.028125857934355736,0.9560535550117493,1.0031170845031738,,,23,8.522834832547233e-06,1
superresolution,shetland_sheepdog,2,0,0.0,0.6666666666666667,0.2203612135091675,0.011577649042010307,0.17858892679214478,0.9691777229309082,0.9995604753494263,,,22,7.4565468821674585e-06,1
superresolution,shetland_sheepdog,2,1,0.111,0.6204166666666668,0.2203612135091675,0.011458246037364006,0.17433136701583862,0.9613276124000549,0.9986169338226318,,,22,5.985283223708393e-06,1
superresolution,shetland_sheepdog,2,2,0.222,0.5741666666666667,0.2203612135091675,0.011648545041680336,0.17407742142677307,0.9781731963157654,0.9988556504249573,,,22,5.395294920162996e-06,1
superresolution,shetland_sheepdog,2,3,0.333,0.5279166666666668,0.2203612135091675,0.011883500963449478,0.16959476470947266,0.9679322242736816,1.0001050233840942,,,21,9.31191516428953e-06,1
superresolution,shetland_sheepdog,2,4,0.444,0.48166666666666674,0.2203612135091675,0.01197701133787632,0.16081535816192627,0.9481043815612793,1.0000661611557007,,,21,7.1766635301173665e-06,1
superresolution,shetland_sheepdog,2,5,0.555,0.4354166666666667,0.2203612135091675,0.012359649874269962,0.14959798753261566,0.9537165760993958,0.9965349435806274,,,20,9.677921298134606e-06,1
superresolution,shetland_sheepdog,2,6,0.666,0.38916666666666666,nan,0.012831875123083591,0.14959798753261566,0.9537165760993958,0.9965349435806274,,,0,0.0,1
superresolution,shetland_sheepdog,2,7,0.777,0.34291666666666665,nan,0.013585136272013187,0.14959798753261566,0.9537165760993958,0.9965349435806274,,,0,0.0,1
superresolution,shetland_sheepdog,2,8,0.888,0.2966666666666667,nan,0.014856654219329357,0.14959798753261566,0.9537165760993958,0.9965349435806274,,,0,0.0,1
superresolution,shetland_sheepdog,2,9,0.999,0.2504166666666667,nan,0.016559859737753868,0.14959798753261566,0.9537165760993958,0.9965349435806274,,,0,0.0,1
superresolution,shetland_sheepdog,3,0,0.0,0.3999999999999999,0.22819071692139276,0.009431982412934303,0.15617531538009644,0.9263536930084229,1.0032203197479248,,,11,4.8745864660304505e-06,1
superresolution,shetland_sheepdog,3,1,0.111,0.3555999999999999,nan,0.01087617315351963,0.15617531538009644,0.9263536930084229,1.0032203197479248,,,0,0.0,1
superresolution,shetland_sheepdog,3,2,0.222,0.3111999999999999,nan,0.013747267425060272,0.15617531538009644,0.9263536930084229,1.0032203197479248,,,0,0.0,1
superresolution,shetland_sheepdog,3,3,0.333,0.2668,nan,0.01540498249232769,0.15617531538009644,0.9263536930084229,1.0032203197479248,,,0,0.0,1
superresolution,shetland_sheepdog,3,4,0.444,0.22239999999999996,nan,0.016522610560059547,0.15617531538009644,0.9263536930084229,1.0032203197479248,,,0,0.0,1
superresolution,shetland_sheepdog,3,5,0.555,0.17799999999999994,nan,0.01827741414308548,0.15617531538009644,0.9263536930084229,1.0032203197479248,,,0,0.0,1
superresolution,shetland_sheepdog,3,6,0.666,0.13359999999999997,nan,0.021496202796697617,0.15617531538009644,0.9263536930084229,1.0032203197479248,,,0,0.0,1
superresolution,shetland_sheepdog,3,7,0.777,0.08919999999999997,nan,0.02786899358034134,0.15617531538009644,0.9263536930084229,1.0032203197479248,,,0,0.0,1
superresolution,shetland_sheepdog,3,8,0.888,0.044799999999999986,nan,0.044657252728939056,0.15617531538009644,0.9263536930084229,1.0032203197479248,,,0,0.0,1
superresolution,shetland_sheepdog,3,9,0.999,0.0004000000000000003,nan,0.14477470517158508,0.15617531538009644,0.9263536930084229,1.0032203197479248,,,0,0.0,1
