image,stage,step,task,tau,T,e_k,gamma2_meas,mse_alg2,mse_alg2_miss,mse_alg2_obs,mse_model,mse_model_miss,mse_model_obs,mse_wls,mse_wls_miss,mse_wls_obs,resolution,s_k,score_err,score_err_g2,sigma_tau
breastplate_armor,0,0,box_inpainting,0.0,0.0,0.25,0.009970428422093391,0.045681461691856384,0.17051899433135986,0.004068951588124037,0.2367366999387741,0.20861680805683136,0.24611002206802368,7.752292633056641,7.614419937133789,7.798250198364258,32,0.0,0.0,0.0,1.0
crane_structure,0,0,box_inpainting,0.0,0.0,0.25,0.009970428422093391,0.12062731385231018,0.4384559094905853,0.014684458263218403,0.274311363697052,0.2740797996520996,0.27438852190971375,8.164359092712402,7.783902645111084,8.291177749633789,32,0.0,0.0,0.0,1.0
ibex_horns,0,0,box_inpainting,0.0,0.0,0.25,0.009970428422093391,0.3136664927005768,1.1992520093917847,0.018471339717507362,0.13460764288902283,0.1609891653060913,0.1258137822151184,7.465041637420654,8.06283187866211,7.265777587890625,32,0.0,0.0,0.0,1.0
junco,0,0,box_inpainting,0.0,0.0,0.25,0.009970428422093391,0.04234669730067253,0.14634327590465546,0.007681169547140598,0.045455798506736755,0.06343761086463928,0.03946186602115631,7.350055694580078,7.086477756500244,7.437915325164795,32,0.0,0.0,0.0,1.0
lakeside_beach,0,0,box_inpainting,0.0,0.0,0.25,0.009970428422093391,0.012374023906886578,0.045784514397382736,0.0012371952179819345,0.050089187920093536,0.03977317735552788,0.05352785438299179,7.850903511047363,7.637976169586182,7.921878337860107,32,0.0,0.0,0.0,1.0
sea_anemone,0,0,box_inpainting,0.0,0.0,0.25,0.009970428422093391,0.29308435320854187,1.157729148864746,0.004869387485086918,0.24709820747375488,0.2970868647098541,0.2304353415966034,7.964532375335693,8.176375389099121,7.893917560577393,32,0.0,0.0,0.0,1.0
shetland_sheepdog,0,0,box_inpainting,0.0,0.0,0.25,0.009970428422093391,0.04056691750884056,0.1492815464735031,0.004328706301748753,0.12838894128799438,0.1623956561088562,0.11705335229635239,8.01799201965332,7.930896759033203,8.04702377319336,32,0.0,0.0,0.0,1.0
breastplate_armor,0,0,random_inpainting,0.0,0.0,0.25,0.009970428422093391,0.00510261720046401,0.0050287675112485886,0.005262891761958599,0.2367366999387741,0.2317478060722351,0.24756404757499695,7.752292633056641,7.756560802459717,7.743030548095703,32,0.0,0.0,0.0,1.0
crane_structure,0,0,random_inpainting,0.0,0.0,0.25,0.009970428422093391,0.02070268988609314,0.02206483855843544,0.01757981814444065,0.274311363697052,0.27417460083961487,0.27462488412857056,8.164359092712402,8.180739402770996,8.126805305480957,32,0.0,0.0,0.0,1.0
ibex_horns,0,0,random_inpainting,0.0,0.0,0.25,0.009970428422093391,0.028132691979408264,0.028363674879074097,0.02761753462255001,0.13460764288902283,0.13386699557304382,0.13625945150852203,7.465041637420654,7.723937511444092,6.887629985809326,32,0.0,0.0,0.0,1.0
junco,0,0,random_inpainting,0.0,0.0,0.25,0.009970428422093391,0.009006071835756302,0.008927544578909874,0.00918947346508503,0.045455798506736755,0.04543491080403328,0.04550458490848541,7.350055694580078,7.566793918609619,6.843863487243652,32,0.0,0.0,0.0,1.0
lakeside_beach,0,0,random_inpainting,0.0,0.0,0.25,0.009970428422093391,0.0021804985590279102,0.0018645707750692964,0.0029252583626657724,0.050089187920093536,0.050665900111198425,0.048729658126831055,7.850903511047363,7.7377471923828125,8.117655754089355,32,0.0,0.0,0.0,1.0
sea_anemone,0,0,random_inpainting,0.0,0.0,0.25,0.009970428422093391,0.006145256571471691,0.006287804339081049,0.005806058645248413,0.24709820747375488,0.2473103106021881,0.24659354984760284,7.964532375335693,7.953584671020508,7.990581512451172,32,0.0,0.0,0.0,1.0
shetland_sheepdog,0,0,random_inpainting,0.0,0.0,0.25,0.009970428422093391,0.0071262819692492485,0.0069860429503023624,0.007433409336954355,0.12838894128799438,0.12932594120502472,0.12633685767650604,8.01799201965332,7.961439609527588,8.141844749450684,32,0.0,0.0,0.0,1.0
breastplate_armor,0,0,gaussian_blur,0.0,0.0,0.25,0.009970428422093391,0.005060241557657719,,,0.2367366999387741,,,7.752292633056641,,,32,0.0,0.0,0.0,1.0
crane_structure,0,0,gaussian_blur,0.0,0.0,0.25,0.009970428422093391,0.018904734402894974,,,0.274311363697052,,,8.164359092712402,,,32,0.0,0.0,0.0,1.0
ibex_horns,0,0,gaussian_blur,0.0,0.0,0.25,0.009970428422093391,0.02920842543244362,,,0.13460764288902283,,,7.465041637420654,,,32,0.0,0.0,0.0,1.0
junco,0,0,gaussian_blur,0.0,0.0,0.25,0.009970428422093391,0.011335361748933792,,,0.045455798506736755,,,7.350055694580078,,,32,0.0,0.0,0.0,1.0
lakeside_beach,0,0,gaussian_blur,0.0,0.0,0.25,0.009970428422093391,0.002406921936199069,,,0.050089187920093536,,,7.850903511047363,,,32,0.0,0.0,0.0,1.0
sea_anemone,0,0,gaussian_blur,0.0,0.0,0.25,0.009970428422093391,0.00640319287776947,,,0.24709820747375488,,,7.964532375335693,,,32,0.0,0.0,0.0,1.0
shetland_sheepdog,0,0,gaussian_blur,0.0,0.0,0.25,0.009970428422093391,0.008367227390408516,,,0.12838894128799438,,,8.01799201965332,,,32,0.0,0.0,0.0,1.0
breastplate_armor,0,0,motion_blur,0.0,0.0,0.25,0.009970428422093391,0.028827503323554993,,,0.2367366999387741,,,7.752292633056641,,,32,0.0,0.0,0.0,1.0
crane_structure,0,0,motion_blur,0.0,0.0,0.25,0.009970428422093391,0.07710762321949005,,,0.274311363697052,,,8.164359092712402,,,32,0.0,0.0,0.0,1.0
ibex_horns,0,0,motion_blur,0.0,0.0,0.25,0.009970428422093391,0.10600607842206955,,,0.13460764288902283,,,7.465041637420654,,,32,0.0,0.0,0.0,1.0
junco,0,0,motion_blur,0.0,0.0,0.25,0.009970428422093391,0.049811434000730515,,,0.045455798506736755,,,7.350055694580078,,,32,0.0,0.0,0.0,1.0
lakeside_beach,0,0,motion_blur,0.0,0.0,0.25,0.009970428422093391,0.020252250134944916,,,0.050089187920093536,,,7.850903511047363,,,32,0.0,0.0,0.0,1.0
sea_anemone,0,0,motion_blur,0.0,0.0,0.25,0.009970428422093391,0.02609383687376976,,,0.24709820747375488,,,7.964532375335693,,,32,0.0,0.0,0.0,1.0
shetland_sheepdog,0,0,motion_blur,0.0,0.0,0.25,0.009970428422093391,0.03260771930217743,,,0.12838894128799438,,,8.01799201965332,,,32,0.0,0.0,0.0,1.0
breastplate_armor,0,0,superresolution,0.0,0.0,0.25,0.009970428422093391,0.005805975757539272,,,0.2367366999387741,,,7.752292633056641,,,32,0.0,0.0,0.0,1.0
crane_structure,0,0,superresolution,0.0,0.0,0.25,0.009970428422093391,0.01734732650220394,,,0.274311363697052,,,8.164359092712402,,,32,0.0,0.0,0.0,1.0
ibex_horns,0,0,superresolution,0.0,0.0,0.25,0.009970428422093391,0.025311913341283798,,,0.13460764288902283,,,7.465041637420654,,,32,0.0,0.0,0.0,1.0
junco,0,0,superresolution,0.0,0.0,0.25,0.009970428422093391,0.011200099252164364,,,0.045455798506736755,,,7.350055694580078,,,32,0.0,0.0,0.0,1.0
lakeside_beach,0,0,superresolution,0.0,0.0,0.25,0.009970428422093391,0.0035842875950038433,,,0.050089187920093536,,,7.850903511047363,,,32,0.0,0.0,0.0,1.0
sea_anemone,0,0,superresolution,0.0,0.0,0.25,0.009970428422093391,0.00692997220903635,,,0.24709820747375488,,,7.964532375335693,,,32,0.0,0.0,0.0,1.0
shetland_sheepdog,0,0,superresolution,0.0,0.0,0.25,0.009970428422093391,0.008758582174777985,,,0.12838894128799438,,,8.01799201965332,,,32,0.0,0.0,0.0,1.0
breastplate_armor,0,1,box_inpainting,0.111,19.425,0.25,0.010642001405358315,0.0319131538271904,0.11544560641050339,0.004069000948220491,0.1632615625858307,0.13497893512248993,0.17268909513950348,7.703585624694824,7.566901683807373,7.749146461486816,32,0.0,0.0001330006925854832,0.0001328944490524009,0.9722500000000001
crane_structure,0,1,box_inpainting,0.111,19.425,0.25,0.010642001405358315,0.11710655689239502,0.4243720471858978,0.014684736728668213,0.33698534965515137,0.273213654756546,0.35824263095855713,8.215892791748047,7.756593227386475,8.368992805480957,32,0.0,0.0002745245292317122,0.00027460124692879617,0.9722500000000001
ibex_horns,0,1,box_inpainting,0.111,19.425,0.25,0.010642001405358315,0.31493186950683594,1.2043052911758423,0.01847405917942524,0.14209195971488953,0.15676309168338776,0.13720156252384186,7.482133865356445,8.058527946472168,7.29000186920166,32,0.0,0.00011575495591387153,0.00011578717385418713,0.9722500000000001
junco,0,1,box_inpainting,0.111,19.425,0.25,0.010642001405358315,0.041175246238708496,0.14165568351745605,0.007681762333959341,0.04242005944252014,0.05516476556658745,0.03817182034254074,7.369765281677246,7.119828701019287,7.4530768394470215,32,0.0,3.455743717495352e-05,3.4620090445969254e-05,0.9722500000000001
lakeside_beach,0,1,box_inpainting,0.111,19.425,0.25,0.010642001405358315,0.0277358740568161,0.10723171383142471,0.0012372577330097556,0.09246160835027695,0.10824113339185715,0.08720175176858902,7.916192054748535,7.773714542388916,7.96368408203125,32,0.0,7.532369636464864e-05,7.543127867393196e-05,0.9722500000000001
sea_anemone,0,1,box_inpainting,0.111,19.425,0.25,0.010642001405358315,0.29079902172088623,1.1485848426818848,0.004870452918112278,0.22469750046730042,0.28179430961608887,0.2056652009487152,7.931208610534668,8.141316413879395,7.861172199249268,32,0.0,0.0001830494002206251,0.00018301059026271105,0.9722500000000001
shetland_sheepdog,0,1,box_inpainting,0.111,19.425,0.25,0.010642001405358315,0.04156046360731125,0.15325583517551422,0.0043286727741360664,0.12475323677062988,0.16657912731170654,0.1108112633228302,8.02775764465332,7.958555698394775,8.050823211669922,32,0.0,0.00010163000843022019,0.00010167551226913929,0.9722500000000001
breastplate_armor,0,1,random_inpainting,0.111,19.425,0.25,0.010642001405358315,0.005102608352899551,0.005028783343732357,0.005262828432023525,0.1632615625858307,0.160407155752182,0.16945640742778778,7.703585624694824,7.722930908203125,7.661599636077881,32,0.0,0.0001330006925854832,0.0001328944490524009,0.9722500000000001
crane_structure,0,1,random_inpainting,0.111,19.425,0.25,0.010642001405358315,0.020702876150608063,0.022065050899982452,0.017579948529601097,0.33698534965515137,0.3350130021572113,0.3415071964263916,8.215892791748047,8.233522415161133,8.175477981567383,32,0.0,0.0002745245292317122,0.00027460124692879617,0.9722500000000001
ibex_horns,0,1,random_inpainting,0.111,19.425,0.25,0.010642001405358315,0.028133045881986618,0.028364045545458794,0.02761784754693508,0.14209195971488953,0.14114366471767426,0.14420689642429352,7.482133865356445,7.742349624633789,6.9017767906188965,32,0.0,0.00011575495591387153,0.00011578717385418713,0.9722500000000001
junco,0,1,random_inpainting,0.111,19.425,0.25,0.010642001405358315,0.009006213396787643,0.008927750401198864,0.009189466945827007,0.04242005944252014,0.04213888570666313,0.04307674616575241,7.369765281677246,7.587643623352051,6.860907077789307,32,0.0,3.455743717495352e-05,3.4620090445969254e-05,0.9722500000000001
lakeside_beach,0,1,random_inpainting,0.111,19.425,0.25,0.010642001405358315,0.0021804743446409702,0.0018645500531420112,0.0029252259992063046,0.09246160835027695,0.09395052492618561,0.08895164728164673,7.916192054748535,7.805380344390869,8.177413940429688,32,0.0,7.532369636464864e-05,7.543127867393196e-05,0.9722500000000001
sea_anemone,0,1,random_inpainting,0.111,19.425,0.25,0.010642001405358315,0.006145317107439041,0.006287844851613045,0.0058061666786670685,0.22469750046730042,0.22497941553592682,0.224026620388031,7.931208610534668,7.918946743011475,7.960388660430908,32,0.0,0.0001830494002206251,0.00018301059026271105,0.9722500000000001
shetland_sheepdog,0,1,random_inpainting,0.111,19.425,0.25,0.010642001405358315,0.0071263788267970085,0.006986092776060104,0.007433608174324036,0.12475323677062988,0.12446814775466919,0.1253775656223297,8.02775764465332,7.972958087921143,8.147768020629883,32,0.0,0.00010163000843022019,0.00010167551226913929,0.9722500000000001
breastplate_armor,0,1,gaussian_blur,0.111,19.425,0.25,0.010642001405358315,0.0050602504052221775,,,0.1632615625858307,,,7.703585624694824,,,32,0.0,0.0001330006925854832,0.0001328944490524009,0.9722500000000001
crane_structure,0,1,gaussian_blur,0.111,19.425,0.25,0.010642001405358315,0.01890607923269272,,,0.33698534965515137,,,8.215892791748047,,,32,0.0,0.0002745245292317122,0.00027460124692879617,0.9722500000000001
ibex_horns,0,1,gaussian_blur,0.111,19.425,0.25,0.010642001405358315,0.02920989692211151,,,0.14209195971488953,,,7.482133865356445,,,32,0.0,0.00011575495591387153,0.00011578717385418713,0.9722500000000001
junco,0,1,gaussian_blur,0.111,19.425,0.25,0.010642001405358315,0.011336078867316246,,,0.04242005944252014,,,7.369765281677246,,,32,0.0,3.455743717495352e-05,3.4620090445969254e-05,0.9722500000000001
lakeside_beach,0,1,gaussian_blur,0.111,19.425,0.25,0.010642001405358315,0.0024070506915450096,,,0.09246160835027695,,,7.916192054748535,,,32,0.0,7.532369636464864e-05,7.543127867393196e-05,0.9722500000000001
sea_anemone,0,1,gaussian_blur,0.111,19.425,0.25,0.010642001405358315,0.00640367716550827,,,0.22469750046730042,,,7.931208610534668,,,32,0.0,0.0001830494002206251,0.00018301059026271105,0.9722500000000001
shetland_sheepdog,0,1,gaussian_blur,0.111,19.425,0.25,0.010642001405358315,0.008367498405277729,,,0.12475323677062988,,,8.02775764465332,,,32,0.0,0.00010163000843022019,0.00010167551226913929,0.9722500000000001
breastplate_armor,0,1,motion_blur,0.111,19.425,0.25,0.010642001405358315,0.028878159821033478,,,0.1632615625858307,,,7.703585624694824,,,32,0.0,0.0001330006925854832,0.0001328944490524009,0.9722500000000001
crane_structure,0,1,motion_blur,0.111,19.425,0.25,0.010642001405358315,0.07730604708194733,,,0.33698534965515137,,,8.215892791748047,,,32,0.0,0.0002745245292317122,0.00027460124692879617,0.9722500000000001
ibex_horns,0,1,motion_blur,0.111,19.425,0.25,0.010642001405358315,0.10621927678585052,,,0.14209195971488953,,,7.482133865356445,,,32,0.0,0.00011575495591387153,0.00011578717385418713,0.9722500000000001
junco,0,1,motion_blur,0.111,19.425,0.25,0.010642001405358315,0.049996402114629745,,,0.04242005944252014,,,7.369765281677246,,,32,0.0,3.455743717495352e-05,3.4620090445969254e-05,0.9722500000000001
lakeside_beach,0,1,motion_blur,0.111,19.425,0.25,0.010642001405358315,0.02029973641037941,,,0.09246160835027695,,,7.916192054748535,,,32,0.0,7.532369636464864e-05,7.543127867393196e-05,0.9722500000000001
sea_anemone,0,1,motion_blur,0.111,19.425,0.25,0.010642001405358315,0.026171183213591576,,,0.22469750046730042,,,7.931208610534668,,,32,0.0,0.0001830494002206251,0.00018301059026271105,0.9722500000000001
shetland_sheepdog,0,1,motion_blur,0.111,19.425,0.25,0.010642001405358315,0.032683148980140686,,,0.12475323677062988,,,8.02775764465332,,,32,0.0,0.00010163000843022019,0.00010167551226913929,0.9722500000000001
breastplate_armor,0,1,superresolution,0.111,19.425,0.25,0.010642001405358315,0.0058055780827999115,,,0.1632615625858307,,,7.703585624694824,,,32,0.0,0.0001330006925854832,0.0001328944490524009,0.9722500000000001
crane_structure,0,1,superresolution,0.111,19.425,0.25,0.010642001405358315,0.017347728833556175,,,0.33698534965515137,,,8.215892791748047,,,32,0.0,0.0002745245292317122,0.00027460124692879617,0.9722500000000001
ibex_horns,0,1,superresolution,0.111,19.425,0.25,0.010642001405358315,0.025311855599284172,,,0.14209195971488953,,,7.482133865356445,,,32,0.0,0.00011575495591387153,0.00011578717385418713,0.9722500000000001
junco,0,1,superresolution,0.111,19.425,0.25,0.010642001405358315,0.01120029203593731,,,0.04242005944252014,,,7.369765281677246,,,32,0.0,3.455743717495352e-05,3.4620090445969254e-05,0.9722500000000001
lakeside_beach,0,1,superresolution,0.111,19.425,0.25,0.010642001405358315,0.0035842484794557095,,,0.09246160835027695,,,7.916192054748535,,,32,0.0,7.532369636464864e-05,7.543127867393196e-05,0.9722500000000001
sea_anemone,0,1,superresolution,0.111,19.425,0.25,0.010642001405358315,0.006930372677743435,,,0.22469750046730042,,,7.931208610534668,,,32,0.0,0.0001830494002206251,0.00018301059026271105,0.9722500000000001
shetland_sheepdog,0,1,superresolution,0.111,19.425,0.25,0.010642001405358315,0.008758621290326118,,,0.12475323677062988,,,8.02775764465332,,,32,0.0,0.00010163000843022019,0.00010167551226913929,0.9722500000000001
breastplate_armor,0,2,box_inpainting,0.222,38.85,0.25,0.01062399335205555,55.553192138671875,222.20054626464844,0.004069317597895861,0.11040721833705902,0.10142149776220322,0.11340244859457016,7.682374000549316,7.5423126220703125,7.729060649871826,32,0.0,0.0003812233335338533,0.00038089638110250235,0.9445
crane_structure,0,2,box_inpainting,0.222,38.85,0.25,0.01062399335205555,53.6829948425293,214.6879119873047,0.014685351401567459,0.3360884189605713,0.26457101106643677,0.35992753505706787,8.190692901611328,7.722524166107178,8.346749305725098,32,0.0,0.0011604743776842952,0.0011610991787165403,0.9445
ibex_horns,0,2,box_inpainting,0.222,38.85,0.25,0.01062399335205555,0.3145448863506317,1.2027519941329956,0.018475797027349472,0.14829909801483154,0.15058210492134094,0.14753808081150055,7.488616466522217,8.048723220825195,7.301913738250732,32,0.0,0.0005120595451444387,0.0005125523312017322,0.9445
junco,0,2,box_inpainting,0.222,38.85,0.25,0.01062399335205555,54.1920166015625,216.7450408935547,0.007681709248572588,0.04411229491233826,0.056462306529283524,0.039995625615119934,7.387023448944092,7.14972448348999,7.466123104095459,32,0.0,0.0001523146202089265,0.00015325727872550488,0.9445
lakeside_beach,0,2,box_inpainting,0.222,38.85,0.25,0.01062399335205555,52.69567108154297,210.77894592285156,0.0012379367835819721,0.11102434247732162,0.14992040395736694,0.09805899113416672,7.929286003112793,7.800440311431885,7.972233295440674,32,0.0,0.0003833541995845735,0.00038444832898676395,0.9445
sea_anemone,0,2,box_inpainting,0.222,38.85,0.25,0.01062399335205555,0.28211578726768494,1.1138516664505005,0.004870441276580095,0.18697893619537354,0.23973892629146576,0.16939228773117065,7.885069847106934,8.086081504821777,7.818066120147705,32,0.0,0.0006456167320720851,0.0006453432142734528,0.9445
shetland_sheepdog,0,2,box_inpainting,0.222,38.85,0.25,0.01062399335205555,0.04313008114695549,0.1595345437526703,0.004328595008701086,0.124564528465271,0.1724507361650467,0.10860244929790497,8.029667854309082,7.975945949554443,8.047574043273926,32,0.0,0.0004301068256609142,0.00043076503789052367,0.9445
breastplate_armor,0,2,random_inpainting,0.222,38.85,0.25,0.01062399335205555,0.00510252034291625,0.00502873444929719,0.005262653809040785,0.11040721833705902,0.10854458063840866,0.1144496276974678,7.682374000549316,7.713326930999756,7.615196228027344,32,0.0,0.0003812233335338533,0.00038089638110250235,0.9445
crane_structure,0,2,random_inpainting,0.222,38.85,0.25,0.01062399335205555,0.020702730864286423,0.02206488326191902,0.017579849809408188,0.3360884189605713,0.33362412452697754,0.3417380452156067,8.190692901611328,8.210406303405762,8.145500183105469,32,0.0,0.0011604743776842952,0.0011610991787165403,0.9445
ibex_horns,0,2,random_inpainting,0.222,38.85,0.25,0.01062399335205555,0.028132937848567963,0.028363941237330437,0.02761773020029068,0.14829909801483154,0.1471145898103714,0.15094083547592163,7.488616466522217,7.7476630210876465,6.910869121551514,32,0.0,0.0005120595451444387,0.0005125523312017322,0.9445
junco,0,2,random_inpainting,0.222,38.85,0.25,0.01062399335205555,0.00900619849562645,0.00892779603600502,0.009189303033053875,0.04411229491233826,0.04308757930994034,0.04650554060935974,7.387023448944092,7.606430530548096,6.874596118927002,32,0.0,0.0001523146202089265,0.00015325727872550488,0.9445
lakeside_beach,0,2,random_inpainting,0.222,38.85,0.25,0.01062399335205555,0.002180414041504264,0.0018644974334165454,0.002925148466601968,0.11102434247732162,0.11234229803085327,0.1079174280166626,7.929286003112793,7.820428371429443,8.18590259552002,32,0.0,0.0003833541995845735,0.00038444832898676395,0.9445
sea_anemone,0,2,random_inpainting,0.222,38.85,0.25,0.01062399335205555,0.006145283579826355,0.006287785246968269,0.005806194618344307,0.18697893619537354,0.18743278086185455,0.1858990490436554,7.885069847106934,7.872162818908691,7.915782928466797,32,0.0,0.0006456167320720851,0.0006453432142734528,0.9445
shetland_sheepdog,0,2,random_inpainting,0.222,38.85,0.25,0.01062399335205555,0.007126364391297102,0.0069860429503023624,0.007433672435581684,0.124564528465271,0.12324146926403046,0.12746202945709229,8.029667854309082,7.975302219390869,8.148728370666504,32,0.0,0.0004301068256609142,0.00043076503789052367,0.9445
breastplate_armor,0,2,gaussian_blur,0.222,38.85,0.25,0.01062399335205555,0.005059980787336826,,,0.11040721833705902,,,7.682374000549316,,,32,0.0,0.0003812233335338533,0.00038089638110250235,0.9445
crane_structure,0,2,gaussian_blur,0.222,38.85,0.25,0.01062399335205555,0.018906032666563988,,,0.3360884189605713,,,8.190692901611328,,,32,0.0,0.0011604743776842952,0.0011610991787165403,0.9445
ibex_horns,0,2,gaussian_blur,0.222,38.85,0.25,0.01062399335205555,0.029209589585661888,,,0.14829909801483154,,,7.488616466522217,,,32,0.0,0.0005120595451444387,0.0005125523312017322,0.9445
junco,0,2,gaussian_blur,0.222,38.85,0.25,0.01062399335205555,0.011336011812090874,,,0.04411229491233826,,,7.387023448944092,,,32,0.0,0.0001523146202089265,0.00015325727872550488,0.9445
lakeside_beach,0,2,gaussian_blur,0.222,38.85,0.25,0.01062399335205555,0.0024070823565125465,,,0.11102434247732162,,,7.929286003112793,,,32,0.0,0.0003833541995845735,0.00038444832898676395,0.9445
sea_anemone,0,2,gaussian_blur,0.222,38.85,0.25,0.01062399335205555,0.006403812672942877,,,0.18697893619537354,,,7.885069847106934,,,32,0.0,0.0006456167320720851,0.0006453432142734528,0.9445
shetland_sheepdog,0,2,gaussian_blur,0.222,38.85,0.25,0.01062399335205555,0.00836733914911747,,,0.124564528465271,,,8.029667854309082,,,32,0.0,0.0004301068256609142,0.00043076503789052367,0.9445
breastplate_armor,0,2,motion_blur,0.222,38.85,0.25,0.01062399335205555,0.028877323493361473,,,0.11040721833705902,,,7.682374000549316,,,32,0.0,0.0003812233335338533,0.00038089638110250235,0.9445
crane_structure,0,2,motion_blur,0.222,38.85,0.25,0.01062399335205555,0.07728005200624466,,,0.3360884189605713,,,8.190692901611328,,,32,0.0,0.0011604743776842952,0.0011610991787165403,0.9445
ibex_horns,0,2,motion_blur,0.222,38.85,0.25,0.01062399335205555,0.1061885803937912,,,0.14829909801483154,,,7.488616466522217,,,32,0.0,0.0005120595451444387,0.0005125523312017322,0.9445
junco,0,2,motion_blur,0.222,38.85,0.25,0.01062399335205555,0.05000749230384827,,,0.04411229491233826,,,7.387023448944092,,,32,0.0,0.0001523146202089265,0.00015325727872550488,0.9445
lakeside_beach,0,2,motion_blur,0.222,38.85,0.25,0.01062399335205555,0.02027636393904686,,,0.11102434247732162,,,7.929286003112793,,,32,0.0,0.0003833541995845735,0.00038444832898676395,0.9445
sea_anemone,0,2,motion_blur,0.222,38.85,0.25,0.01062399335205555,0.026183277368545532,,,0.18697893619537354,,,7.885069847106934,,,32,0.0,0.0006456167320720851,0.0006453432142734528,0.9445
shetland_sheepdog,0,2,motion_blur,0.222,38.85,0.25,0.01062399335205555,0.03268205374479294,,,0.124564528465271,,,8.029667854309082,,,32,0.0,0.0004301068256609142,0.00043076503789052367,0.9445
breastplate_armor,0,2,superresolution,0.222,38.85,0.25,0.01062399335205555,0.00580504909157753,,,0.11040721833705902,,,7.682374000549316,,,32,0.0,0.0003812233335338533,0.00038089638110250235,0.9445
crane_structure,0,2,superresolution,0.222,38.85,0.25,0.01062399335205555,0.017347700893878937,,,0.3360884189605713,,,8.190692901611328,,,32,0.0,0.0011604743776842952,0.0011610991787165403,0.9445
ibex_horns,0,2,superresolution,0.222,38.85,0.25,0.01062399335205555,0.025311214849352837,,,0.14829909801483154,,,7.488616466522217,,,32,0.0,0.0005120595451444387,0.0005125523312017322,0.9445
junco,0,2,superresolution,0.222,38.85,0.25,0.01062399335205555,0.011200238019227982,,,0.04411229491233826,,,7.387023448944092,,,32,0.0,0.0001523146202089265,0.00015325727872550488,0.9445
lakeside_beach,0,2,superresolution,0.222,38.85,0.25,0.01062399335205555,0.003584142541512847,,,0.11102434247732162,,,7.929286003112793,,,32,0.0,0.0003833541995845735,0.00038444832898676395,0.9445
sea_anemone,0,2,superresolution,0.222,38.85,0.25,0.01062399335205555,0.006930654868483543,,,0.18697893619537354,,,7.885069847106934,,,32,0.0,0.0006456167320720851,0.0006453432142734528,0.9445
shetland_sheepdog,0,2,superresolution,0.222,38.85,0.25,0.01062399335205555,0.008758483454585075,,,0.124564528465271,,,8.029667854309082,,,32,0.0,0.0004301068256609142,0.00043076503789052367,0.9445
breastplate_armor,0,3,box_inpainting,0.333,58.275000000000006,0.25,0.009873627685010433,23.34070587158203,93.35061645507812,0.004068995360285044,0.07316391915082932,0.08019902557134628,0.07081887125968933,7.678866386413574,7.520376682281494,7.731695175170898,32,0.0,0.0006033420795574784,0.0006043699104338884,0.9167500000000001
crane_structure,0,3,box_inpainting,0.333,58.275000000000006,0.25,0.009873627685010433,23.379287719726562,93.47309112548828,0.014684655703604221,0.28708529472351074,0.23188777267932892,0.30548444390296936,8.127477645874023,7.6758952140808105,8.278003692626953,32,0.0,0.002367432229220867,0.002369567286223173,0.9167500000000001
ibex_horns,0,3,box_inpainting,0.333,58.275000000000006,0.25,0.009873627685010433,0.3209522068500519,1.228375792503357,0.018477652221918106,0.14881162345409393,0.1442836970090866,0.15032093226909637,7.479876518249512,8.033777236938477,7.2952423095703125,32,0.0,0.0012271665036678314,0.001229073153808713,0.9167500000000001
junco,0,3,box_inpainting,0.333,58.275000000000006,0.25,0.009873627685010433,22.704345703125,90.79434967041016,0.0076816328801214695,0.04882459342479706,0.06412162631750107,0.04372557997703552,7.399105072021484,7.168299198150635,7.476040363311768,32,0.0,0.00040262914262712,0.0004068410489708185,0.9167500000000001
lakeside_beach,0,3,box_inpainting,0.333,58.275000000000006,0.25,0.009873627685010433,23.162425994873047,92.64599609375,0.0012375492369756103,0.10271832346916199,0.14564724266529083,0.08840867877006531,7.912459373474121,7.7614874839782715,7.9627838134765625,32,0.0,0.0008470606990158558,0.0008509849430993199,0.9167500000000001
sea_anemone,0,3,box_inpainting,0.333,58.275000000000006,0.25,0.009873627685010433,0.3539685010910034,1.4012657403945923,0.004869425669312477,0.14421938359737396,0.18534451723098755,0.13051100075244904,7.84604549407959,8.034855842590332,7.783108234405518,32,0.0,0.001189296948723495,0.001189021160826087,0.9167500000000001
shetland_sheepdog,0,3,box_inpainting,0.333,58.275000000000006,0.25,0.009873627685010433,23.636638641357422,94.5335693359375,0.004328474402427673,0.12456386536359787,0.17785583436489105,0.10679987072944641,8.022178649902344,7.980433940887451,8.036093711853027,32,0.0,0.0010272087529301643,0.0010298225097358227,0.9167500000000001
breastplate_armor,0,3,random_inpainting,0.333,58.275000000000006,0.25,0.009873627685010433,0.005102415569126606,0.005028681829571724,0.005262436810880899,0.07316391915082932,0.0716635137796402,0.07642021775245667,7.678866386413574,7.718481063842773,7.592891216278076,32,0.0,0.0006033420795574784,0.0006043699104338884,0.9167500000000001
crane_structure,0,3,random_inpainting,0.333,58.275000000000006,0.25,0.009873627685010433,0.020702537149190903,0.02206466533243656,0.017579711973667145,0.28708529472351074,0.28444385528564453,0.29314103722572327,8.127477645874023,8.148599624633789,8.079048156738281,32,0.0,0.002367432229220867,0.002369567286223173,0.9167500000000001
ibex_horns,0,3,random_inpainting,0.333,58.275000000000006,0.25,0.009873627685010433,0.028132759034633636,0.028363768011331558,0.027617543935775757,0.14881162345409393,0.14754562079906464,0.15163516998291016,7.479876518249512,7.7346882820129395,6.91157341003418,32,0.0,0.0012271665036678314,0.001229073153808713,0.9167500000000001
junco,0,3,random_inpainting,0.333,58.275000000000006,0.25,0.009873627685010433,0.009006164036691189,0.008927828632295132,0.009189115837216377,0.04882459342479706,0.04680563881993294,0.053539860993623734,7.399105072021484,7.620875835418701,6.881158351898193,32,0.0,0.00040262914262712,0.0004068410489708185,0.9167500000000001
lakeside_beach,0,3,random_inpainting,0.333,58.275000000000006,0.25,0.009873627685010433,0.0021803497802466154,0.0018644377123564482,0.002925073029473424,0.10271832346916199,0.10372114181518555,0.10035428404808044,7.912459373474121,7.804135322570801,8.16781997680664,32,0.0,0.0008470606990158558,0.0008509849430993199,0.9167500000000001
sea_anemone,0,3,random_inpainting,0.333,58.275000000000006,0.25,0.009873627685010433,0.006145235151052475,0.006287711672484875,0.00580620439723134,0.14421938359737396,0.14478664100170135,0.14286957681179047,7.84604549407959,7.832330226898193,7.878681182861328,32,0.0,0.001189296948723495,0.001189021160826087,0.9167500000000001
shetland_sheepdog,0,3,random_inpainting,0.333,58.275000000000006,0.25,0.009873627685010433,0.00712632667273283,0.006985961459577084,0.007433729711920023,0.12456386536359787,0.12270265817642212,0.12863993644714355,8.022178649902344,7.965091705322266,8.147199630737305,32,0.0,0.0010272087529301643,0.0010298225097358227,0.9167500000000001
breastplate_armor,0,3,gaussian_blur,0.333,58.275000000000006,0.25,0.009873627685010433,0.0050596739165484905,,,0.07316391915082932,,,7.678866386413574,,,32,0.0,0.0006033420795574784,0.0006043699104338884,0.9167500000000001
crane_structure,0,3,gaussian_blur,0.333,58.275000000000006,0.25,0.009873627685010433,0.01890578120946884,,,0.28708529472351074,,,8.127477645874023,,,32,0.0,0.002367432229220867,0.002369567286223173,0.9167500000000001
ibex_horns,0,3,gaussian_blur,0.333,58.275000000000006,0.25,0.009873627685010433,0.0292092002928257,,,0.14881162345409393,,,7.479876518249512,,,32,0.0,0.0012271665036678314,0.001229073153808713,0.9167500000000001
junco,0,3,gaussian_blur,0.333,58.275000000000006,0.25,0.009873627685010433,0.011335916817188263,,,0.04882459342479706,,,7.399105072021484,,,32,0.0,0.00040262914262712,0.0004068410489708185,0.9167500000000001
lakeside_beach,0,3,gaussian_blur,0.333,58.275000000000006,0.25,0.009873627685010433,0.0024070758372545242,,,0.10271832346916199,,,7.912459373474121,,,32,0.0,0.0008470606990158558,0.0008509849430993199,0.9167500000000001
sea_anemone,0,3,gaussian_blur,0.333,58.275000000000006,0.25,0.009873627685010433,0.006403938867151737,,,0.14421938359737396,,,7.84604549407959,,,32,0.0,0.001189296948723495,0.001189021160826087,0.9167500000000001
shetland_sheepdog,0,3,gaussian_blur,0.333,58.275000000000006,0.25,0.009873627685010433,0.008367180824279785,,,0.12456386536359787,,,8.022178649902344,,,32,0.0,0.0010272087529301643,0.0010298225097358227,0.9167500000000001
breastplate_armor,0,3,motion_blur,0.333,58.275000000000006,0.25,0.009873627685010433,0.028878768905997276,,,0.07316391915082932,,,7.678866386413574,,,32,0.0,0.0006033420795574784,0.0006043699104338884,0.9167500000000001
crane_structure,0,3,motion_blur,0.333,58.275000000000006,0.25,0.009873627685010433,0.07723448425531387,,,0.28708529472351074,,,8.127477645874023,,,32,0.0,0.002367432229220867,0.002369567286223173,0.9167500000000001
ibex_horns,0,3,motion_blur,0.333,58.275000000000006,0.25,0.009873627685010433,0.10614191740751266,,,0.14881162345409393,,,7.479876518249512,,,32,0.0,0.0012271665036678314,0.001229073153808713,0.9167500000000001
junco,0,3,motion_blur,0.333,58.275000000000006,0.25,0.009873627685010433,0.05000850558280945,,,0.04882459342479706,,,7.399105072021484,,,32,0.0,0.00040262914262712,0.0004068410489708185,0.9167500000000001
lakeside_beach,0,3,motion_blur,0.333,58.275000000000006,0.25,0.009873627685010433,0.020243201404809952,,,0.10271832346916199,,,7.912459373474121,,,32,0.0,0.0008470606990158558,0.0008509849430993199,0.9167500000000001
sea_anemone,0,3,motion_blur,0.333,58.275000000000006,0.25,0.009873627685010433,0.026192471385002136,,,0.14421938359737396,,,7.84604549407959,,,32,0.0,0.001189296948723495,0.001189021160826087,0.9167500000000001
shetland_sheepdog,0,3,motion_blur,0.333,58.275000000000006,0.25,0.009873627685010433,0.03266960382461548,,,0.12456386536359787,,,8.022178649902344,,,32,0.0,0.0010272087529301643,0.0010298225097358227,0.9167500000000001
breastplate_armor,0,3,superresolution,0.333,58.275000000000006,0.25,0.009873627685010433,0.005804440937936306,,,0.07316391915082932,,,7.678866386413574,,,32,0.0,0.0006033420795574784,0.0006043699104338884,0.9167500000000001
crane_structure,0,3,superresolution,0.333,58.275000000000006,0.25,0.009873627685010433,0.017347466200590134,,,0.28708529472351074,,,8.127477645874023,,,32,0.0,0.002367432229220867,0.002369567286223173,0.9167500000000001
ibex_horns,0,3,superresolution,0.333,58.275000000000006,0.25,0.009873627685010433,0.025310290977358818,,,0.14881162345409393,,,7.479876518249512,,,32,0.0,0.0012271665036678314,0.001229073153808713,0.9167500000000001
junco,0,3,superresolution,0.333,58.275000000000006,0.25,0.009873627685010433,0.011200068518519402,,,0.04882459342479706,,,7.399105072021484,,,32,0.0,0.00040262914262712,0.0004068410489708185,0.9167500000000001
lakeside_beach,0,3,superresolution,0.333,58.275000000000006,0.25,0.009873627685010433,0.003584005404263735,,,0.10271832346916199,,,7.912459373474121,,,32,0.0,0.0008470606990158558,0.0008509849430993199,0.9167500000000001
sea_anemone,0,3,superresolution,0.333,58.275000000000006,0.25,0.009873627685010433,0.006930900271981955,,,0.14421938359737396,,,7.84604549407959,,,32,0.0,0.001189296948723495,0.001189021160826087,0.9167500000000001
shetland_sheepdog,0,3,superresolution,0.333,58.275000000000006,0.25,0.009873627685010433,0.00875826459378004,,,0.12456386536359787,,,8.022178649902344,,,32,0.0,0.0010272087529301643,0.0010298225097358227,0.9167500000000001
breastplate_armor,0,4,box_inpainting,0.444,77.7,0.25,0.009073696099221706,12.355186462402344,49.408538818359375,0.00406891293823719,0.05999933183193207,0.06540095061063766,0.05819879099726677,7.67485237121582,7.493724822998047,7.735227584838867,32,0.0,0.0009353817440569401,0.0009401690913364291,0.889
crane_structure,0,4,box_inpainting,0.444,77.7,0.25,0.009073696099221706,12.471603393554688,49.84236145019531,0.014684528112411499,0.23199722170829773,0.19219274818897247,0.24526534974575043,8.063968658447266,7.6323561668396,8.207839965820312,32,0.0,0.0036168056540191174,0.0036222662311047316,0.889
ibex_horns,0,4,box_inpainting,0.444,77.7,0.25,0.009073696099221706,0.3505626618862152,1.3468090295791626,0.018480543047189713,0.14426034688949585,0.13693483173847198,0.14670218527317047,7.455608367919922,8.008466720581055,7.271321773529053,32,0.0,0.002248999662697315,0.0022526083048433065,0.889
junco,0,4,box_inpainting,0.444,77.7,0.25,0.009073696099221706,12.017385482788086,48.04649353027344,0.007681532762944698,0.05530748516321182,0.07535483688116074,0.04862503334879875,7.400612831115723,7.171415328979492,7.477011680603027,32,0.0,0.0008622363675385714,0.0008733164868317544,0.889
lakeside_beach,0,4,box_inpainting,0.444,77.7,0.25,0.009073696099221706,12.33900260925293,49.352294921875,0.0012374938232824206,0.08515778183937073,0.12173251062631607,0.07296620309352875,7.883639335632324,7.701754093170166,7.944266319274902,32,0.0,0.0013275984674692154,0.001336660236120224,0.889
sea_anemone,0,4,box_inpainting,0.444,77.7,0.25,0.009073696099221706,0.6688604354858398,2.6608312129974365,0.004870226606726646,0.10679404437541962,0.1335119754076004,0.09788805991411209,7.810023307800293,7.988583087921143,7.7505035400390625,32,0.0,0.0016649048775434494,0.0016652274644002318,0.889
shetland_sheepdog,0,4,box_inpainting,0.444,77.7,0.25,0.009073696099221706,12.507627487182617,50.01751708984375,0.004328413866460323,0.11965067684650421,0.1783117651939392,0.10009697079658508,8.00503158569336,7.969090938568115,8.017011642456055,32,0.0,0.0018653383012861013,0.0018716487102210522,0.889
breastplate_armor,0,4,random_inpainting,0.444,77.7,0.25,0.009073696099221706,0.005102296359837055,0.005028623156249523,0.005262186750769615,0.05999933183193207,0.058886297047138214,0.062414925545454025,7.67485237121582,7.7195234298706055,7.577902317047119,32,0.0,0.0009353817440569401,0.0009401690913364291,0.889
crane_structure,0,4,random_inpainting,0.444,77.7,0.25,0.009073696099221706,0.020702272653579712,0.022064387798309326,0.017579486593604088,0.23199722170829773,0.22911517322063446,0.23860454559326172,8.063968658447266,8.086048126220703,8.013350486755371,32,0.0,0.0036168056540191174,0.0036222662311047316,0.889
ibex_horns,0,4,random_inpainting,0.444,77.7,0.25,0.009073696099221706,0.028132498264312744,0.028363503515720367,0.027617285028100014,0.14426034688949585,0.1429930180311203,0.14708685874938965,7.455608367919922,7.7042999267578125,6.900954246520996,32,0.0,0.002248999662697315,0.0022526083048433065,0.889
junco,0,4,random_inpainting,0.444,77.7,0.25,0.009073696099221706,0.009006107226014137,0.008927842602133751,0.009188897907733917,0.05530748516321182,0.0522289052605629,0.062497518956661224,7.400612831115723,7.625114440917969,6.876286029815674,32,0.0,0.0008622363675385714,0.0008733164868317544,0.889
lakeside_beach,0,4,random_inpainting,0.444,77.7,0.25,0.009073696099221706,0.002180282725021243,0.0018644027877599,0.002924930537119508,0.08515778183937073,0.08600637316703796,0.08315733820199966,7.883639335632324,7.775001049041748,8.139739990234375,32,0.0,0.0013275984674692154,0.001336660236120224,0.889
sea_anemone,0,4,random_inpainting,0.444,77.7,0.25,0.009073696099221706,0.0061451755464077,0.006287622731178999,0.005806216970086098,0.10679404437541962,0.10755342990159988,0.10498702526092529,7.810023307800293,7.795950412750244,7.843509674072266,32,0.0,0.0016649048775434494,0.0016652274644002318,0.889
shetland_sheepdog,0,4,random_inpainting,0.444,77.7,0.25,0.009073696099221706,0.007126280572265387,0.006985869258642197,0.007433784194290638,0.11965067684650421,0.11776883155107498,0.12377195805311203,8.00503158569336,7.942923069000244,8.141048431396484,32,0.0,0.0018653383012861013,0.0018716487102210522,0.889
breastplate_armor,0,4,gaussian_blur,0.444,77.7,0.25,0.009073696099221706,0.005059301853179932,,,0.05999933183193207,,,7.67485237121582,,,32,0.0,0.0009353817440569401,0.0009401690913364291,0.889
crane_structure,0,4,gaussian_blur,0.444,77.7,0.25,0.009073696099221706,0.018905524164438248,,,0.23199722170829773,,,8.063968658447266,,,32,0.0,0.0036168056540191174,0.0036222662311047316,0.889
ibex_horns,0,4,gaussian_blur,0.444,77.7,0.25,0.009073696099221706,0.02920876443386078,,,0.14426034688949585,,,7.455608367919922,,,32,0.0,0.002248999662697315,0.0022526083048433065,0.889
junco,0,4,gaussian_blur,0.444,77.7,0.25,0.009073696099221706,0.011335764080286026,,,0.05530748516321182,,,7.400612831115723,,,32,0.0,0.0008622363675385714,0.0008733164868317544,0.889
lakeside_beach,0,4,gaussian_blur,0.444,77.7,0.25,0.009073696099221706,0.002407094230875373,,,0.08515778183937073,,,7.883639335632324,,,32,0.0,0.0013275984674692154,0.001336660236120224,0.889
sea_anemone,0,4,gaussian_blur,0.444,77.7,0.25,0.009073696099221706,0.006404031068086624,,,0.10679404437541962,,,7.810023307800293,,,32,0.0,0.0016649048775434494,0.0016652274644002318,0.889
shetland_sheepdog,0,4,gaussian_blur,0.444,77.7,0.25,0.009073696099221706,0.00836696196347475,,,0.11965067684650421,,,8.00503158569336,,,32,0.0,0.0018653383012861013,0.0018716487102210522,0.889
breastplate_armor,0,4,motion_blur,0.444,77.7,0.25,0.009073696099221706,0.028879914432764053,,,0.05999933183193207,,,7.67485237121582,,,32,0.0,0.0009353817440569401,0.0009401690913364291,0.889
crane_structure,0,4,motion_blur,0.444,77.7,0.25,0.009073696099221706,0.07717372477054596,,,0.23199722170829773,,,8.063968658447266,,,32,0.0,0.0036168056540191174,0.0036222662311047316,0.889
ibex_horns,0,4,motion_blur,0.444,77.7,0.25,0.009073696099221706,0.10607166588306427,,,0.14426034688949585,,,7.455608367919922,,,32,0.0,0.002248999662697315,0.0022526083048433065,0.889
junco,0,4,motion_blur,0.444,77.7,0.25,0.009073696099221706,0.049993790686130524,,,0.05530748516321182,,,7.400612831115723,,,32,0.0,0.0008622363675385714,0.0008733164868317544,0.889
lakeside_beach,0,4,motion_blur,0.444,77.7,0.25,0.009073696099221706,0.02020604908466339,,,0.08515778183937073,,,7.883639335632324,,,32,0.0,0.0013275984674692154,0.001336660236120224,0.889
sea_anemone,0,4,motion_blur,0.444,77.7,0.25,0.009073696099221706,0.02620057389140129,,,0.10679404437541962,,,7.810023307800293,,,32,0.0,0.0016649048775434494,0.0016652274644002318,0.889
shetland_sheepdog,0,4,motion_blur,0.444,77.7,0.25,0.009073696099221706,0.03265208750963211,,,0.11965067684650421,,,8.00503158569336,,,32,0.0,0.0018653383012861013,0.0018716487102210522,0.889
breastplate_armor,0,4,superresolution,0.444,77.7,0.25,0.009073696099221706,0.0058037410490214825,,,0.05999933183193207,,,7.67485237121582,,,32,0.0,0.0009353817440569401,0.0009401690913364291,0.889
crane_structure,0,4,superresolution,0.444,77.7,0.25,0.009073696099221706,0.017346994951367378,,,0.23199722170829773,,,8.063968658447266,,,32,0.0,0.0036168056540191174,0.0036222662311047316,0.889
ibex_horns,0,4,superresolution,0.444,77.7,0.25,0.009073696099221706,0.025309033691883087,,,0.14426034688949585,,,7.455608367919922,,,32,0.0,0.002248999662697315,0.0022526083048433065,0.889
junco,0,4,superresolution,0.444,77.7,0.25,0.009073696099221706,0.011199760250747204,,,0.05530748516321182,,,7.400612831115723,,,32,0.0,0.0008622363675385714,0.0008733164868317544,0.889
lakeside_beach,0,4,superresolution,0.444,77.7,0.25,0.009073696099221706,0.0035838305484503508,,,0.08515778183937073,,,7.883639335632324,,,32,0.0,0.0013275984674692154,0.001336660236120224,0.889
sea_anemone,0,4,superresolution,0.444,77.7,0.25,0.009073696099221706,0.006931097712367773,,,0.10679404437541962,,,7.810023307800293,,,32,0.0,0.0016649048775434494,0.0016652274644002318,0.889
shetland_sheepdog,0,4,superresolution,0.444,77.7,0.25,0.009073696099221706,0.00875795353204012,,,0.11965067684650421,,,8.00503158569336,,,32,0.0,0.0018653383012861013,0.0018716487102210522,0.889
breastplate_armor,0,5,box_inpainting,0.555,97.12500000000001,0.25,0.008365506306290627,7.423282146453857,29.680923461914062,0.004068541806191206,0.055292364209890366,0.055006831884384155,0.05538754165172577,7.662417411804199,7.465578556060791,7.728030681610107,32,0.0,0.0014350686687976122,0.0014445912092924118,0.86125
crane_structure,0,5,box_inpainting,0.555,97.12500000000001,0.25,0.008365506306290627,7.529749870300293,30.0749454498291,0.014684504829347134,0.17925511300563812,0.1498313993215561,0.18906299769878387,8.004547119140625,7.592478275299072,8.1419038772583,32,0.0,0.004652421921491623,0.004663698375225067,0.86125
ibex_horns,0,5,box_inpainting,0.555,97.12500000000001,0.25,0.008365506306290627,0.43892258405685425,1.7002366781234741,0.018484536558389664,0.13813906908035278,0.129811629652977,0.14091487228870392,7.427297115325928,7.980787754058838,7.242799758911133,32,0.0,0.003585288068279624,0.003589560044929385,0.86125
junco,0,5,box_inpainting,0.555,97.12500000000001,0.25,0.008365506306290627,7.233832836151123,28.91228485107422,0.007681694347411394,0.06103275343775749,0.0848279818892479,0.053101010620594025,7.390191555023193,7.157342433929443,7.467807292938232,32,0.0,0.0015840560663491488,0.001605507335625589,0.86125
lakeside_beach,0,5,box_inpainting,0.555,97.12500000000001,0.25,0.008365506306290627,7.430505275726318,29.718307495117188,0.0012373472563922405,0.06790958344936371,0.09610908478498459,0.05850974842905998,7.853053092956543,7.6439361572265625,7.922759056091309,32,0.0,0.0017625385662540793,0.0017787385731935501,0.86125
sea_anemone,0,5,box_inpainting,0.555,97.12500000000001,0.25,0.008365506306290627,1.3402498960494995,5.346385955810547,0.004871224984526634,0.08197196573019028,0.09806859493255615,0.07660642266273499,7.786883354187012,7.962680816650391,7.728283405303955,32,0.0,0.0021275163162499666,0.0021300099324434996,0.86125
shetland_sheepdog,0,5,box_inpainting,0.555,97.12500000000001,0.25,0.008365506306290627,7.5172882080078125,30.056169509887695,0.004328341223299503,0.11137337982654572,0.17301279306411743,0.09082690626382828,7.981481075286865,7.9460272789001465,7.9932990074157715,32,0.0,0.002890606177970767,0.0029021012596786022,0.86125
breastplate_armor,0,5,random_inpainting,0.555,97.12500000000001,0.25,0.008365506306290627,0.005102159455418587,0.0050285449251532555,0.005261923186480999,0.055292364209890366,0.05457669124007225,0.05684557184576988,7.662417411804199,7.708959102630615,7.561408519744873,32,0.0,0.0014350686687976122,0.0014445912092924118,0.86125
crane_structure,0,5,random_inpainting,0.555,97.12500000000001,0.25,0.008365506306290627,0.0207019355148077,0.02206401713192463,0.017579220235347748,0.17925511300563812,0.1764175146818161,0.18576063215732574,8.004547119140625,8.02733039855957,7.952315807342529,32,0.0,0.004652421921491623,0.004663698375225067,0.86125
ibex_horns,0,5,random_inpainting,0.555,97.12500000000001,0.25,0.008365506306290627,0.02813214436173439,0.028363145887851715,0.027616940438747406,0.13813906908035278,0.13687938451766968,0.14094850420951843,7.427297115325928,7.669107913970947,6.8879899978637695,32,0.0,0.003585288068279624,0.003589560044929385,0.86125
junco,0,5,random_inpainting,0.555,97.12500000000001,0.25,0.008365506306290627,0.009006022475659847,0.008927831426262856,0.00918863620609045,0.06103275343775749,0.057171959429979324,0.07004965096712112,7.390191555023193,7.617476463317871,6.859365463256836,32,0.0,0.0015840560663491488,0.001605507335625589,0.86125
lakeside_beach,0,5,random_inpainting,0.555,97.12500000000001,0.25,0.008365506306290627,0.002180201467126608,0.0018643263028934598,0.002924838336184621,0.06790958344936371,0.06864950805902481,0.06616527587175369,7.853053092956543,7.743922233581543,8.110316276550293,32,0.0,0.0017625385662540793,0.0017787385731935501,0.86125
sea_anemone,0,5,random_inpainting,0.555,97.12500000000001,0.25,0.008365506306290627,0.006145094521343708,0.00628751190379262,0.005806207191199064,0.08197196573019028,0.08281455188989639,0.07996699959039688,7.786883354187012,7.772941589355469,7.820057392120361,32,0.0,0.0021275163162499666,0.0021300099324434996,0.86125
shetland_sheepdog,0,5,random_inpainting,0.555,97.12500000000001,0.25,0.008365506306290627,0.0071262177079916,0.006985756102949381,0.007433833088725805,0.11137337982654572,0.10979888588190079,0.11482155323028564,7.981481075286865,7.913472652435303,8.13042163848877,32,0.0,0.002890606177970767,0.0029021012596786022,0.86125
breastplate_armor,0,5,gaussian_blur,0.555,97.12500000000001,0.25,0.008365506306290627,0.005058953072875738,,,0.055292364209890366,,,7.662417411804199,,,32,0.0,0.0014350686687976122,0.0014445912092924118,0.86125
crane_structure,0,5,gaussian_blur,0.555,97.12500000000001,0.25,0.008365506306290627,0.01890511065721512,,,0.17925511300563812,,,8.004547119140625,,,32,0.0,0.004652421921491623,0.004663698375225067,0.86125
ibex_horns,0,5,gaussian_blur,0.555,97.12500000000001,0.25,0.008365506306290627,0.029208093881607056,,,0.13813906908035278,,,7.427297115325928,,,32,0.0,0.003585288068279624,0.003589560044929385,0.86125
junco,0,5,gaussian_blur,0.555,97.12500000000001,0.25,0.008365506306290627,0.011335533112287521,,,0.06103275343775749,,,7.390191555023193,,,32,0.0,0.0015840560663491488,0.001605507335625589,0.86125
lakeside_beach,0,5,gaussian_blur,0.555,97.12500000000001,0.25,0.008365506306290627,0.0024070895742625,,,0.06790958344936371,,,7.853053092956543,,,32,0.0,0.0017625385662540793,0.0017787385731935501,0.86125
sea_anemone,0,5,gaussian_blur,0.555,97.12500000000001,0.25,0.008365506306290627,0.006404080893844366,,,0.08197196573019028,,,7.786883354187012,,,32,0.0,0.0021275163162499666,0.0021300099324434996,0.86125
shetland_sheepdog,0,5,gaussian_blur,0.555,97.12500000000001,0.25,0.008365506306290627,0.008366752415895462,,,0.11137337982654572,,,7.981481075286865,,,32,0.0,0.002890606177970767,0.0029021012596786022,0.86125
breastplate_armor,0,5,motion_blur,0.555,97.12500000000001,0.25,0.008365506306290627,0.028865842148661613,,,0.055292364209890366,,,7.662417411804199,,,32,0.0,0.0014350686687976122,0.0014445912092924118,0.86125
crane_structure,0,5,motion_blur,0.555,97.12500000000001,0.25,0.008365506306290627,0.07708674669265747,,,0.17925511300563812,,,8.004547119140625,,,32,0.0,0.004652421921491623,0.004663698375225067,0.86125
ibex_horns,0,5,motion_blur,0.555,97.12500000000001,0.25,0.008365506306290627,0.1059776097536087,,,0.13813906908035278,,,7.427297115325928,,,32,0.0,0.003585288068279624,0.003589560044929385,0.86125
junco,0,5,motion_blur,0.555,97.12500000000001,0.25,0.008365506306290627,0.049968019127845764,,,0.06103275343775749,,,7.390191555023193,,,32,0.0,0.0015840560663491488,0.001605507335625589,0.86125
lakeside_beach,0,5,motion_blur,0.555,97.12500000000001,0.25,0.008365506306290627,0.020161520689725876,,,0.06790958344936371,,,7.853053092956543,,,32,0.0,0.0017625385662540793,0.0017787385731935501,0.86125
sea_anemone,0,5,motion_blur,0.555,97.12500000000001,0.25,0.008365506306290627,0.026204660534858704,,,0.08197196573019028,,,7.786883354187012,,,32,0.0,0.0021275163162499666,0.0021300099324434996,0.86125
shetland_sheepdog,0,5,motion_blur,0.555,97.12500000000001,0.25,0.008365506306290627,0.03263600915670395,,,0.11137337982654572,,,7.981481075286865,,,32,0.0,0.002890606177970767,0.0029021012596786022,0.86125
breastplate_armor,0,5,superresolution,0.555,97.12500000000001,0.25,0.008365506306290627,0.005802935920655727,,,0.055292364209890366,,,7.662417411804199,,,32,0.0,0.0014350686687976122,0.0014445912092924118,0.86125
crane_structure,0,5,superresolution,0.555,97.12500000000001,0.25,0.008365506306290627,0.01734623685479164,,,0.17925511300563812,,,8.004547119140625,,,32,0.0,0.004652421921491623,0.004663698375225067,0.86125
ibex_horns,0,5,superresolution,0.555,97.12500000000001,0.25,0.008365506306290627,0.02530738338828087,,,0.13813906908035278,,,7.427297115325928,,,32,0.0,0.003585288068279624,0.003589560044929385,0.86125
junco,0,5,superresolution,0.555,97.12500000000001,0.25,0.008365506306290627,0.011199293658137321,,,0.06103275343775749,,,7.390191555023193,,,32,0.0,0.0015840560663491488,0.001605507335625589,0.86125
lakeside_beach,0,5,superresolution,0.555,97.12500000000001,0.25,0.008365506306290627,0.003583613783121109,,,0.06790958344936371,,,7.853053092956543,,,32,0.0,0.0017625385662540793,0.0017787385731935501,0.86125
sea_anemone,0,5,superresolution,0.555,97.12500000000001,0.25,0.008365506306290627,0.006931237876415253,,,0.08197196573019028,,,7.786883354187012,,,32,0.0,0.0021275163162499666,0.0021300099324434996,0.86125
shetland_sheepdog,0,5,superresolution,0.555,97.12500000000001,0.25,0.008365506306290627,0.008757535368204117,,,0.11137337982654572,,,7.981481075286865,,,32,0.0,0.002890606177970767,0.0029021012596786022,0.86125
breastplate_armor,0,6,box_inpainting,0.666,116.55000000000001,0.25,0.007804953958839178,4.8316545486450195,19.314411163330078,0.004068555310368538,0.051614608615636826,0.049691956490278244,0.05225549638271332,7.651790142059326,7.445958614349365,7.720399856567383,32,0.0,0.0020596333779394627,0.0020768330432474613,0.8335
crane_structure,0,6,box_inpainting,0.666,116.55000000000001,0.25,0.007804953958839178,4.923748016357422,19.650938034057617,0.01468440517783165,0.13676664233207703,0.11303142458200455,0.14467836916446686,7.958953857421875,7.563076019287109,8.090913772583008,32,0.0,0.005457546096295118,0.005480205174535513,0.8335
ibex_horns,0,6,box_inpainting,0.666,116.55000000000001,0.25,0.007804953958839178,0.6293317675590515,2.461862087249756,0.018488194793462753,0.13114003837108612,0.123078353703022,0.13382725417613983,7.403615474700928,7.958686828613281,7.218591690063477,32,0.0,0.0052330223843455315,0.005238205194473267,0.8335
junco,0,6,box_inpainting,0.666,116.55000000000001,0.25,0.007804953958839178,4.716184616088867,18.841691970825195,0.007681758143007755,0.06417782604694366,0.0887073203921318,0.05600133165717125,7.374229431152344,7.133845806121826,7.454357624053955,32,0.0,0.0025609564036130905,0.0025975550524890423,0.8335
lakeside_beach,0,6,box_inpainting,0.666,116.55000000000001,0.25,0.007804953958839178,4.836779594421387,19.34340476989746,0.0012372365454211831,0.05383199080824852,0.07479962706565857,0.046842772513628006,7.829139709472656,7.600332736968994,7.9054083824157715,32,0.0,0.0021481155417859554,0.0021751979365944862,0.8335
sea_anemone,0,6,box_inpainting,0.666,116.55000000000001,0.25,0.007804953958839178,1.9824250936508179,7.915089130401611,0.00487051997333765,0.06773510575294495,0.07704141736030579,0.06463300436735153,7.772143840789795,7.951591968536377,7.71232795715332,32,0.0,0.0027029067277908325,0.002710010390728712,0.8335
shetland_sheepdog,0,6,box_inpainting,0.666,116.55000000000001,0.25,0.007804953958839178,4.892920970916748,19.558698654174805,0.004328351467847824,0.10202857106924057,0.16515834629535675,0.08098530769348145,7.95819616317749,7.919677257537842,7.971035480499268,32,0.0,0.004071355797350407,0.00409055408090353,0.8335
breastplate_armor,0,6,random_inpainting,0.666,116.55000000000001,0.25,0.007804953958839178,0.005102001130580902,0.005028445739299059,0.005261637736111879,0.051614608615636826,0.051292724907398224,0.05231320112943649,7.651790142059326,7.698254585266113,7.550948143005371,32,0.0,0.0020596333779394627,0.0020768330432474613,0.8335
crane_structure,0,6,random_inpainting,0.666,116.55000000000001,0.25,0.007804953958839178,0.020701507106423378,0.022063545882701874,0.017578888684511185,0.13676664233207703,0.13410010933876038,0.1428799033164978,7.958953857421875,7.982574462890625,7.904801368713379,32,0.0,0.005457546096295118,0.005480205174535513,0.8335
ibex_horns,0,6,random_inpainting,0.666,116.55000000000001,0.25,0.007804953958839178,0.028131678700447083,0.02836267463862896,0.027616489678621292,0.13114003837108612,0.12995152175426483,0.1337907612323761,7.403615474700928,7.6383209228515625,6.88015604019165,32,0.0,0.0052330223843455315,0.005238205194473267,0.8335
junco,0,6,random_inpainting,0.666,116.55000000000001,0.25,0.007804953958839178,0.009005906991660595,0.008927795104682446,0.009188336320221424,0.06417782604694366,0.06002508103847504,0.07387658208608627,7.374229431152344,7.604092121124268,6.837386131286621,32,0.0,0.0025609564036130905,0.0025975550524890423,0.8335
lakeside_beach,0,6,random_inpainting,0.666,116.55000000000001,0.25,0.007804953958839178,0.0021801090333610773,0.0018642389914020896,0.0029247337952256203,0.05383199080824852,0.05444171279668808,0.05239464342594147,7.829139709472656,7.719456195831299,8.0877046585083,32,0.0,0.0021481155417859554,0.0021751979365944862,0.8335
sea_anemone,0,6,random_inpainting,0.666,116.55000000000001,0.25,0.007804953958839178,0.006144990678876638,0.006287373136729002,0.005806184373795986,0.06773510575294495,0.06852806359529495,0.06584823131561279,7.772143840789795,7.758355140686035,7.8049516677856445,32,0.0,0.0027029067277908325,0.002710010390728712,0.8335
shetland_sheepdog,0,6,random_inpainting,0.666,116.55000000000001,0.25,0.007804953958839178,0.0071261366829276085,0.00698562478646636,0.007433861028403044,0.10202857106924057,0.10082545131444931,0.1046634241938591,7.95819616317749,7.883944034576416,8.120810508728027,32,0.0,0.004071355797350407,0.00409055408090353,0.8335
breastplate_armor,0,6,gaussian_blur,0.666,116.55000000000001,0.25,0.007804953958839178,0.005058513954281807,,,0.051614608615636826,,,7.651790142059326,,,32,0.0,0.0020596333779394627,0.0020768330432474613,0.8335
crane_structure,0,6,gaussian_blur,0.666,116.55000000000001,0.25,0.007804953958839178,0.01890452578663826,,,0.13676664233207703,,,7.958953857421875,,,32,0.0,0.005457546096295118,0.005480205174535513,0.8335
ibex_horns,0,6,gaussian_blur,0.666,116.55000000000001,0.25,0.007804953958839178,0.029207304120063782,,,0.13114003837108612,,,7.403615474700928,,,32,0.0,0.0052330223843455315,0.005238205194473267,0.8335
junco,0,6,gaussian_blur,0.666,116.55000000000001,0.25,0.007804953958839178,0.011335251852869987,,,0.06417782604694366,,,7.374229431152344,,,32,0.0,0.0025609564036130905,0.0025975550524890423,0.8335
lakeside_beach,0,6,gaussian_blur,0.666,116.55000000000001,0.25,0.007804953958839178,0.0024070804938673973,,,0.05383199080824852,,,7.829139709472656,,,32,0.0,0.0021481155417859554,0.0021751979365944862,0.8335
sea_anemone,0,6,gaussian_blur,0.666,116.55000000000001,0.25,0.007804953958839178,0.006404172629117966,,,0.06773510575294495,,,7.772143840789795,,,32,0.0,0.0027029067277908325,0.002710010390728712,0.8335
shetland_sheepdog,0,6,gaussian_blur,0.666,116.55000000000001,0.25,0.007804953958839178,0.008366486057639122,,,0.10202857106924057,,,7.95819616317749,,,32,0.0,0.004071355797350407,0.00409055408090353,0.8335
breastplate_armor,0,6,motion_blur,0.666,116.55000000000001,0.25,0.007804953958839178,0.02885173261165619,,,0.051614608615636826,,,7.651790142059326,,,32,0.0,0.0020596333779394627,0.0020768330432474613,0.8335
crane_structure,0,6,motion_blur,0.666,116.55000000000001,0.25,0.007804953958839178,0.07697945088148117,,,0.13676664233207703,,,7.958953857421875,,,32,0.0,0.005457546096295118,0.005480205174535513,0.8335
ibex_horns,0,6,motion_blur,0.666,116.55000000000001,0.25,0.007804953958839178,0.1058584675192833,,,0.13114003837108612,,,7.403615474700928,,,32,0.0,0.0052330223843455315,0.005238205194473267,0.8335
junco,0,6,motion_blur,0.666,116.55000000000001,0.25,0.007804953958839178,0.04992298781871796,,,0.06417782604694366,,,7.374229431152344,,,32,0.0,0.0025609564036130905,0.0025975550524890423,0.8335
lakeside_beach,0,6,motion_blur,0.666,116.55000000000001,0.25,0.007804953958839178,0.020106354728341103,,,0.05383199080824852,,,7.829139709472656,,,32,0.0,0.0021481155417859554,0.0021751979365944862,0.8335
sea_anemone,0,6,motion_blur,0.666,116.55000000000001,0.25,0.007804953958839178,0.02620537579059601,,,0.06773510575294495,,,7.772143840789795,,,32,0.0,0.0027029067277908325,0.002710010390728712,0.8335
shetland_sheepdog,0,6,motion_blur,0.666,116.55000000000001,0.25,0.007804953958839178,0.0326056107878685,,,0.10202857106924057,,,7.95819616317749,,,32,0.0,0.004071355797350407,0.00409055408090353,0.8335
breastplate_armor,0,6,superresolution,0.666,116.55000000000001,0.25,0.007804953958839178,0.005802007392048836,,,0.051614608615636826,,,7.651790142059326,,,32,0.0,0.0020596333779394627,0.0020768330432474613,0.8335
crane_structure,0,6,superresolution,0.666,116.55000000000001,0.25,0.007804953958839178,0.017345137894153595,,,0.13676664233207703,,,7.958953857421875,,,32,0.0,0.005457546096295118,0.005480205174535513,0.8335
ibex_horns,0,6,superresolution,0.666,116.55000000000001,0.25,0.007804953958839178,0.025305267423391342,,,0.13114003837108612,,,7.403615474700928,,,32,0.0,0.0052330223843455315,0.005238205194473267,0.8335
junco,0,6,superresolution,0.666,116.55000000000001,0.25,0.007804953958839178,0.011198632419109344,,,0.06417782604694366,,,7.374229431152344,,,32,0.0,0.0025609564036130905,0.0025975550524890423,0.8335
lakeside_beach,0,6,superresolution,0.666,116.55000000000001,0.25,0.007804953958839178,0.0035833469592034817,,,0.05383199080824852,,,7.829139709472656,,,32,0.0,0.0021481155417859554,0.0021751979365944862,0.8335
sea_anemone,0,6,superresolution,0.666,116.55000000000001,0.25,0.007804953958839178,0.006931304465979338,,,0.06773510575294495,,,7.772143840789795,,,32,0.0,0.0027029067277908325,0.002710010390728712,0.8335
shetland_sheepdog,0,6,superresolution,0.666,116.55000000000001,0.25,0.007804953958839178,0.008756985887885094,,,0.10202857106924057,,,7.95819616317749,,,32,0.0,0.004071355797350407,0.00409055408090353,0.8335
breastplate_armor,0,7,box_inpainting,0.777,135.975,0.25,0.0074211894534528255,3.3192830085754395,13.26492691040039,0.0040685031563043594,0.04799477010965347,0.04616355895996094,0.04860517010092735,7.6406354904174805,7.427755832672119,7.71159553527832,32,0.0,0.002789428923279047,0.0028186081908643246,0.80575
crane_structure,0,7,box_inpainting,0.777,135.975,0.25,0.0074211894534528255,3.4026880264282227,13.566699028015137,0.014684425666928291,0.10787289589643478,0.08815610408782959,0.11444515734910965,7.922357082366943,7.538042068481445,8.050461769104004,32,0.0,0.006269512698054314,0.0063098883256316185,0.80575
ibex_horns,0,7,box_inpainting,0.777,135.975,0.25,0.0074211894534528255,0.9136216640472412,3.5990183353424072,0.01848941296339035,0.12409480661153793,0.11670789867639542,0.1265571117401123,7.381099224090576,7.9375319480896,7.195621967315674,32,0.0,0.007212321273982525,0.007218983024358749,0.80575
junco,0,7,box_inpainting,0.777,135.975,0.25,0.0074211894534528255,3.245572090148926,12.959243774414062,0.00768171576783061,0.06367750465869904,0.08642598241567612,0.05609467253088951,7.35181999206543,7.104033946990967,7.434415340423584,32,0.0,0.0037009005900472403,0.0037572146393358707,0.80575
lakeside_beach,0,7,box_inpainting,0.777,135.975,0.25,0.0074211894534528255,3.321836471557617,13.283634185791016,0.0012371926568448544,0.04360556602478027,0.05904683470726013,0.038458481431007385,7.80942440032959,7.566864013671875,7.89027738571167,32,0.0,0.0025343310553580523,0.0025774650275707245,0.80575
sea_anemone,0,7,box_inpainting,0.777,135.975,0.25,0.0074211894534528255,2.1997756958007812,8.784499168395996,0.004867924377322197,0.05934074521064758,0.06412386149168015,0.05774637684226036,7.760122299194336,7.947538375854492,7.6976494789123535,32,0.0,0.003448850940912962,0.0034636184573173523,0.80575
shetland_sheepdog,0,7,box_inpainting,0.777,135.975,0.25,0.0074211894534528255,3.3627281188964844,13.437926292419434,0.004328293725848198,0.09303884208202362,0.15550532937049866,0.07221665978431702,7.9350905418396,7.891672134399414,7.949563026428223,32,0.0,0.005407365038990974,0.00543785747140646,0.80575
breastplate_armor,0,7,random_inpainting,0.777,135.975,0.25,0.0074211894534528255,0.005101819988340139,0.005028330720961094,0.005261311307549477,0.04799477010965347,0.04794633761048317,0.04809987172484398,7.6406354904174805,7.686230659484863,7.541680812835693,32,0.0,0.002789428923279047,0.0028186081908643246,0.80575
crane_structure,0,7,random_inpainting,0.777,135.975,0.25,0.0074211894534528255,0.020700974389910698,0.022062955424189568,0.017578480765223503,0.10787289589643478,0.10559207946062088,0.11310190707445145,7.922357082366943,7.94658899307251,7.866802215576172,32,0.0,0.006269512698054314,0.0063098883256316185,0.80575
ibex_horns,0,7,random_inpainting,0.777,135.975,0.25,0.0074211894534528255,0.02813107520341873,0.028362063691020012,0.027615908533334732,0.12409480661153793,0.12306048721075058,0.1264016479253769,7.381099224090576,7.608478546142578,6.873979091644287,32,0.0,0.007212321273982525,0.007218983024358749,0.80575
junco,0,7,random_inpainting,0.777,135.975,0.25,0.0074211894534528255,0.009005752392113209,0.008927727118134499,0.00918798241764307,0.06367750465869904,0.05965940281748772,0.07306177914142609,7.35181999206543,7.583571910858154,6.810560703277588,32,0.0,0.0037009005900472403,0.0037572146393358707,0.80575
lakeside_beach,0,7,random_inpainting,0.777,135.975,0.25,0.0074211894534528255,0.002180003561079502,0.0018641414353623986,0.00292461016215384,0.04360556602478027,0.04406868293881416,0.042513832449913025,7.80942440032959,7.699311256408691,8.069002151489258,32,0.0,0.0025343310553580523,0.0025774650275707245,0.80575
sea_anemone,0,7,random_inpainting,0.777,135.975,0.25,0.0074211894534528255,0.006144864019006491,0.006287208292633295,0.0058061508461833,0.05934074521064758,0.06003638729453087,0.05768544226884842,7.760122299194336,7.746748447418213,7.791944980621338,32,0.0,0.003448850940912962,0.0034636184573173523,0.80575
shetland_sheepdog,0,7,random_inpainting,0.777,135.975,0.25,0.0074211894534528255,0.00712602399289608,0.006985455751419067,0.0074338726699352264,0.09303884208202362,0.09222018718719482,0.0948316752910614,7.9350905418396,7.854775905609131,8.110981941223145,32,0.0,0.005407365038990974,0.00543785747140646,0.80575
breastplate_armor,0,7,gaussian_blur,0.777,135.975,0.25,0.0074211894534528255,0.005058045499026775,,,0.04799477010965347,,,7.6406354904174805,,,32,0.0,0.002789428923279047,0.0028186081908643246,0.80575
crane_structure,0,7,gaussian_blur,0.777,135.975,0.25,0.0074211894534528255,0.018903689458966255,,,0.10787289589643478,,,7.922357082366943,,,32,0.0,0.006269512698054314,0.0063098883256316185,0.80575
ibex_horns,0,7,gaussian_blur,0.777,135.975,0.25,0.0074211894534528255,0.02920631133019924,,,0.12409480661153793,,,7.381099224090576,,,32,0.0,0.007212321273982525,0.007218983024358749,0.80575
junco,0,7,gaussian_blur,0.777,135.975,0.25,0.0074211894534528255,0.011334857903420925,,,0.06367750465869904,,,7.35181999206543,,,32,0.0,0.0037009005900472403,0.0037572146393358707,0.80575
lakeside_beach,0,7,gaussian_blur,0.777,135.975,0.25,0.0074211894534528255,0.002407065825536847,,,0.04360556602478027,,,7.80942440032959,,,32,0.0,0.0025343310553580523,0.0025774650275707245,0.80575
sea_anemone,0,7,gaussian_blur,0.777,135.975,0.25,0.0074211894534528255,0.006404195912182331,,,0.05934074521064758,,,7.760122299194336,,,32,0.0,0.003448850940912962,0.0034636184573173523,0.80575
shetland_sheepdog,0,7,gaussian_blur,0.777,135.975,0.25,0.0074211894534528255,0.008366125635802746,,,0.09303884208202362,,,7.9350905418396,,,32,0.0,0.005407365038990974,0.00543785747140646,0.80575
breastplate_armor,0,7,motion_blur,0.777,135.975,0.25,0.0074211894534528255,0.028835102915763855,,,0.04799477010965347,,,7.6406354904174805,,,32,0.0,0.002789428923279047,0.0028186081908643246,0.80575
crane_structure,0,7,motion_blur,0.777,135.975,0.25,0.0074211894534528255,0.07683819532394409,,,0.10787289589643478,,,7.922357082366943,,,32,0.0,0.006269512698054314,0.0063098883256316185,0.80575
ibex_horns,0,7,motion_blur,0.777,135.975,0.25,0.0074211894534528255,0.10570134222507477,,,0.12409480661153793,,,7.381099224090576,,,32,0.0,0.007212321273982525,0.007218983024358749,0.80575
junco,0,7,motion_blur,0.777,135.975,0.25,0.0074211894534528255,0.04985353350639343,,,0.06367750465869904,,,7.35181999206543,,,32,0.0,0.0037009005900472403,0.0037572146393358707,0.80575
lakeside_beach,0,7,motion_blur,0.777,135.975,0.25,0.0074211894534528255,0.020042413845658302,,,0.04360556602478027,,,7.80942440032959,,,32,0.0,0.0025343310553580523,0.0025774650275707245,0.80575
sea_anemone,0,7,motion_blur,0.777,135.975,0.25,0.0074211894534528255,0.02619345858693123,,,0.05934074521064758,,,7.760122299194336,,,32,0.0,0.003448850940912962,0.0034636184573173523,0.80575
shetland_sheepdog,0,7,motion_blur,0.777,135.975,0.25,0.0074211894534528255,0.032567884773015976,,,0.09303884208202362,,,7.9350905418396,,,32,0.0,0.005407365038990974,0.00543785747140646,0.80575
breastplate_armor,0,7,superresolution,0.777,135.975,0.25,0.0074211894534528255,0.005800935905426741,,,0.04799477010965347,,,7.6406354904174805,,,32,0.0,0.002789428923279047,0.0028186081908643246,0.80575
crane_structure,0,7,superresolution,0.777,135.975,0.25,0.0074211894534528255,0.017343631014227867,,,0.10787289589643478,,,7.922357082366943,,,32,0.0,0.006269512698054314,0.0063098883256316185,0.80575
ibex_horns,0,7,superresolution,0.777,135.975,0.25,0.0074211894534528255,0.025302600115537643,,,0.12409480661153793,,,7.381099224090576,,,32,0.0,0.007212321273982525,0.007218983024358749,0.80575
junco,0,7,superresolution,0.777,135.975,0.25,0.0074211894534528255,0.011197741143405437,,,0.06367750465869904,,,7.35181999206543,,,32,0.0,0.0037009005900472403,0.0037572146393358707,0.80575
lakeside_beach,0,7,superresolution,0.777,135.975,0.25,0.0074211894534528255,0.0035830202978104353,,,0.04360556602478027,,,7.80942440032959,,,32,0.0,0.0025343310553580523,0.0025774650275707245,0.80575
sea_anemone,0,7,superresolution,0.777,135.975,0.25,0.0074211894534528255,0.006931282114237547,,,0.05934074521064758,,,7.760122299194336,,,32,0.0,0.003448850940912962,0.0034636184573173523,0.80575
shetland_sheepdog,0,7,superresolution,0.777,135.975,0.25,0.0074211894534528255,0.008756283670663834,,,0.09303884208202362,,,7.9350905418396,,,32,0.0,0.005407365038990974,0.00543785747140646,0.80575
breastplate_armor,0,8,box_inpainting,0.888,155.4,0.25,0.00719289667904377,2.3716368675231934,9.47434139251709,0.004068468231707811,0.04441804811358452,0.04357782006263733,0.04469812661409378,7.6278581619262695,7.409498691558838,7.700644493103027,32,0.0,0.00361664779484272,0.003661819500848651,0.778
crane_structure,0,8,box_inpainting,0.888,155.4,0.25,0.00719289667904377,2.4485435485839844,9.750121116638184,0.014684389345347881,0.09064969420433044,0.07461611181497574,0.09599421918392181,7.890130996704102,7.51275634765625,8.015923500061035,32,0.0,0.007380964234471321,0.00744206365197897,0.778
ibex_horns,0,8,box_inpainting,0.888,155.4,0.25,0.00719289667904377,1.139243245124817,4.501513957977295,0.01848626881837845,0.11700724065303802,0.11035763472318649,0.11922378093004227,7.358365058898926,7.915777683258057,7.172560691833496,32,0.0,0.009527073241770267,0.00953702162951231,0.778
junco,0,8,box_inpainting,0.888,155.4,0.25,0.00719289667904377,2.3259360790252686,9.280699729919434,0.007681635674089193,0.060961633920669556,0.08079268783330917,0.05435127764940262,7.3261823654174805,7.072474002838135,7.4107513427734375,32,0.0,0.0049636755138635635,0.005043055396527052,0.778
lakeside_beach,0,8,box_inpainting,0.888,155.4,0.25,0.00719289667904377,2.372997999191284,9.488280296325684,0.0012371694901958108,0.03595183417201042,0.046935539692640305,0.03229059651494026,7.79117488861084,7.539175510406494,7.875174522399902,32,0.0,0.0029273040127009153,0.0029906088020652533,0.778
sea_anemone,0,8,box_inpainting,0.888,155.4,0.25,0.00719289667904377,2.055901050567627,8.209010124206543,0.004864734131842852,0.05409388989210129,0.05582522973418236,0.05351677164435387,7.748124599456787,7.946370601654053,7.682042598724365,32,0.0,0.004404483363032341,0.004429634194821119,0.778
shetland_sheepdog,0,8,box_inpainting,0.888,155.4,0.25,0.00719289667904377,2.4032726287841797,9.600106239318848,0.004328209441155195,0.08453711122274399,0.14423471689224243,0.06463789939880371,7.9110941886901855,7.862154483795166,7.927407264709473,32,0.0,0.006883259397000074,0.006926880683749914,0.778
breastplate_armor,0,8,random_inpainting,0.888,155.4,0.25,0.00719289667904377,0.005101608112454414,0.005028191488236189,0.005260942038148642,0.04441804811358452,0.044643450528383255,0.043928857892751694,7.6278581619262695,7.671831130981445,7.53242301940918,32,0.0,0.00361664779484272,0.003661819500848651,0.778
crane_structure,0,8,random_inpainting,0.888,155.4,0.25,0.00719289667904377,0.02070031687617302,0.022062240168452263,0.017577964812517166,0.09064969420433044,0.08884730190038681,0.09478188306093216,7.890130996704102,7.914225101470947,7.834892749786377,32,0.0,0.007380964234471321,0.00744206365197897,0.778
ibex_horns,0,8,random_inpainting,0.888,155.4,0.25,0.00719289667904377,0.028130322694778442,0.028361298143863678,0.02761518768966198,0.11700724065303802,0.11614534258842468,0.11892954260110855,7.358365058898926,7.57826566696167,6.867923736572266,32,0.0,0.009527073241770267,0.00953702162951231,0.778
junco,0,8,random_inpainting,0.888,155.4,0.25,0.00719289667904377,0.00900555495172739,0.008927619084715843,0.009187575429677963,0.060961633920669556,0.05726170167326927,0.069602832198143,7.3261823654174805,7.559151649475098,6.78208065032959,32,0.0,0.0049636755138635635,0.005043055396527052,0.778
lakeside_beach,0,8,random_inpainting,0.888,155.4,0.25,0.00719289667904377,0.0021798827219754457,0.0018640309572219849,0.002924464177340269,0.03595183417201042,0.03627248480916023,0.03519593924283981,7.79117488861084,7.680732250213623,8.051527976989746,32,0.0,0.0029273040127009153,0.0029906088020652533,0.778
sea_anemone,0,8,random_inpainting,0.888,155.4,0.25,0.00719289667904377,0.0061446987092494965,0.006286998279392719,0.00580609031021595,0.05409388989210129,0.05470624938607216,0.05263673886656761,7.748124599456787,7.735395431518555,7.77841329574585,32,0.0,0.004404483363032341,0.004429634194821119,0.778
shetland_sheepdog,0,8,random_inpainting,0.888,155.4,0.25,0.00719289667904377,0.007125883363187313,0.0069852545857429504,0.007433864288032055,0.08453711122274399,0.08409533649682999,0.08550458401441574,7.9110941886901855,7.824958801269531,8.099732398986816,32,0.0,0.006883259397000074,0.006926880683749914,0.778
breastplate_armor,0,8,gaussian_blur,0.888,155.4,0.25,0.00719289667904377,0.005057484842836857,,,0.04441804811358452,,,7.6278581619262695,,,32,0.0,0.00361664779484272,0.003661819500848651,0.778
crane_structure,0,8,gaussian_blur,0.888,155.4,0.25,0.00719289667904377,0.01890270784497261,,,0.09064969420433044,,,7.890130996704102,,,32,0.0,0.007380964234471321,0.00744206365197897,0.778
ibex_horns,0,8,gaussian_blur,0.888,155.4,0.25,0.00719289667904377,0.02920505963265896,,,0.11700724065303802,,,7.358365058898926,,,32,0.0,0.009527073241770267,0.00953702162951231,0.778
junco,0,8,gaussian_blur,0.888,155.4,0.25,0.00719289667904377,0.01133441086858511,,,0.060961633920669556,,,7.3261823654174805,,,32,0.0,0.0049636755138635635,0.005043055396527052,0.778
lakeside_beach,0,8,gaussian_blur,0.888,155.4,0.25,0.00719289667904377,0.0024070418439805508,,,0.03595183417201042,,,7.79117488861084,,,32,0.0,0.0029273040127009153,0.0029906088020652533,0.778
sea_anemone,0,8,gaussian_blur,0.888,155.4,0.25,0.00719289667904377,0.006404202431440353,,,0.05409388989210129,,,7.748124599456787,,,32,0.0,0.004404483363032341,0.004429634194821119,0.778
shetland_sheepdog,0,8,gaussian_blur,0.888,155.4,0.25,0.00719289667904377,0.008365729823708534,,,0.08453711122274399,,,7.9110941886901855,,,32,0.0,0.006883259397000074,0.006926880683749914,0.778
breastplate_armor,0,8,motion_blur,0.888,155.4,0.25,0.00719289667904377,0.028808636590838432,,,0.04441804811358452,,,7.6278581619262695,,,32,0.0,0.00361664779484272,0.003661819500848651,0.778
crane_structure,0,8,motion_blur,0.888,155.4,0.25,0.00719289667904377,0.07666383683681488,,,0.09064969420433044,,,7.890130996704102,,,32,0.0,0.007380964234471321,0.00744206365197897,0.778
ibex_horns,0,8,motion_blur,0.888,155.4,0.25,0.00719289667904377,0.1055087000131607,,,0.11700724065303802,,,7.358365058898926,,,32,0.0,0.009527073241770267,0.00953702162951231,0.778
junco,0,8,motion_blur,0.888,155.4,0.25,0.00719289667904377,0.04975960776209831,,,0.060961633920669556,,,7.3261823654174805,,,32,0.0,0.0049636755138635635,0.005043055396527052,0.778
lakeside_beach,0,8,motion_blur,0.888,155.4,0.25,0.00719289667904377,0.019966863095760345,,,0.03595183417201042,,,7.79117488861084,,,32,0.0,0.0029273040127009153,0.0029906088020652533,0.778
sea_anemone,0,8,motion_blur,0.888,155.4,0.25,0.00719289667904377,0.026181742548942566,,,0.05409388989210129,,,7.748124599456787,,,32,0.0,0.004404483363032341,0.004429634194821119,0.778
shetland_sheepdog,0,8,motion_blur,0.888,155.4,0.25,0.00719289667904377,0.032510481774806976,,,0.08453711122274399,,,7.9110941886901855,,,32,0.0,0.006883259397000074,0.006926880683749914,0.778
breastplate_armor,0,8,superresolution,0.888,155.4,0.25,0.00719289667904377,0.005799701437354088,,,0.04441804811358452,,,7.6278581619262695,,,32,0.0,0.00361664779484272,0.003661819500848651,0.778
crane_structure,0,8,superresolution,0.888,155.4,0.25,0.00719289667904377,0.01734163798391819,,,0.09064969420433044,,,7.890130996704102,,,32,0.0,0.007380964234471321,0.00744206365197897,0.778
ibex_horns,0,8,superresolution,0.888,155.4,0.25,0.00719289667904377,0.025299280881881714,,,0.11700724065303802,,,7.358365058898926,,,32,0.0,0.009527073241770267,0.00953702162951231,0.778
junco,0,8,superresolution,0.888,155.4,0.25,0.00719289667904377,0.011196576058864594,,,0.060961633920669556,,,7.3261823654174805,,,32,0.0,0.0049636755138635635,0.005043055396527052,0.778
lakeside_beach,0,8,superresolution,0.888,155.4,0.25,0.00719289667904377,0.0035826237872242928,,,0.03595183417201042,,,7.79117488861084,,,32,0.0,0.0029273040127009153,0.0029906088020652533,0.778
sea_anemone,0,8,superresolution,0.888,155.4,0.25,0.00719289667904377,0.00693115359172225,,,0.05409388989210129,,,7.748124599456787,,,32,0.0,0.004404483363032341,0.004429634194821119,0.778
shetland_sheepdog,0,8,superresolution,0.888,155.4,0.25,0.00719289667904377,0.008755398914217949,,,0.08453711122274399,,,7.9110941886901855,,,32,0.0,0.006883259397000074,0.006926880683749914,0.778
breastplate_armor,0,9,box_inpainting,0.999,174.825,0.25,0.007022725883871317,1.7445285320281982,6.965909481048584,0.004068328067660332,0.04184895008802414,0.0430329255759716,0.041454289108514786,7.614709377288818,7.392204761505127,7.688877582550049,32,0.0,0.004637496545910835,0.004717377945780754,0.75025
crane_structure,0,9,box_inpainting,0.999,174.825,0.25,0.007022725883871317,1.8170368671417236,7.224095821380615,0.014683827757835388,0.078335240483284,0.06740538775920868,0.08197852224111557,7.86146354675293,7.48820161819458,7.985883712768555,32,0.0,0.008680728264153004,0.008786963298916817,0.75025
ibex_horns,0,9,box_inpainting,0.999,174.825,0.25,0.007022725883871317,1.2539281845092773,4.9602742195129395,0.018479522317647934,0.10887613147497177,0.10357777029275894,0.11064225435256958,7.334289073944092,7.892665863037109,7.148162841796875,32,0.0,0.012065121904015541,0.012094053439795971,0.75025
junco,0,9,box_inpainting,0.999,174.825,0.25,0.007022725883871317,1.7171076536178589,6.845386028289795,0.00768148060888052,0.057008348405361176,0.07425843924283981,0.05125831812620163,7.300967216491699,7.043270111083984,7.386865615844727,32,0.0,0.006317387335002422,0.006431793328374624,0.75025
lakeside_beach,0,9,box_inpainting,0.999,174.825,0.25,0.007022725883871317,1.7449424266815186,6.976058483123779,0.0012371535412967205,0.0297845508903265,0.03833907097578049,0.02693304419517517,7.775424957275391,7.516905307769775,7.861597537994385,32,0.0,0.00330057879909873,0.0034059672616422176,0.75025
sea_anemone,0,9,box_inpainting,0.999,174.825,0.25,0.007022725883871317,1.771594762802124,7.071794033050537,0.0048617832362651825,0.050366222858428955,0.04954387620091438,0.05064033716917038,7.735915184020996,7.946797847747803,7.665620803833008,32,0.0,0.005581339355558157,0.005621226504445076,0.75025
shetland_sheepdog,0,9,box_inpainting,0.999,174.825,0.25,0.007022725883871317,1.7685078382492065,7.0610480308532715,0.004327995236963034,0.07650727033615112,0.13246022164821625,0.05785628780722618,7.888348579406738,7.834156513214111,7.906412601470947,32,0.0,0.008478162810206413,0.008556852117180824,0.75025
breastplate_armor,0,9,random_inpainting,0.999,174.825,0.25,0.007022725883871317,0.005101362243294716,0.005028023850172758,0.005260526668280363,0.04184895008802414,0.04220156744122505,0.04108366742730141,7.614709377288818,7.656872272491455,7.523203372955322,32,0.0,0.004637496545910835,0.004717377945780754,0.75025
crane_structure,0,9,random_inpainting,0.999,174.825,0.25,0.007022725883871317,0.020699504762887955,0.02206135354936123,0.01757732406258583,0.078335240483284,0.07705976814031601,0.08125937730073929,7.86146354675293,7.884876251220703,7.807788848876953,32,0.0,0.008680728264153004,0.008786963298916817,0.75025
ibex_horns,0,9,random_inpainting,0.999,174.825,0.25,0.007022725883871317,0.028129376471042633,0.02836032770574093,0.02761428989470005,0.10887613147497177,0.10830053687095642,0.11015986651182175,7.334289073944092,7.546688079833984,6.8605780601501465,32,0.0,0.012065121904015541,0.012094053439795971,0.75025
junco,0,9,random_inpainting,0.999,174.825,0.25,0.007022725883871317,0.00900530070066452,0.008927459828555584,0.009187093935906887,0.057008348405361176,0.05366291105747223,0.06482163071632385,7.300967216491699,7.534664154052734,6.755166053771973,32,0.0,0.006317387335002422,0.006431793328374624,0.75025
lakeside_beach,0,9,random_inpainting,0.999,174.825,0.25,0.007022725883871317,0.0021797437220811844,0.0018639069749042392,0.0029242895543575287,0.0297845508903265,0.029992129653692245,0.02929520793259144,7.775424957275391,7.664654731750488,8.036552429199219,32,0.0,0.00330057879909873,0.0034059672616422176,0.75025
sea_anemone,0,9,random_inpainting,0.999,174.825,0.25,0.007022725883871317,0.006144494749605656,0.006286744028329849,0.005806006025522947,0.050366222858428955,0.050959549844264984,0.04895438253879547,7.735915184020996,7.7239837646484375,7.764307022094727,32,0.0,0.005581339355558157,0.005621226504445076,0.75025
shetland_sheepdog,0,9,random_inpainting,0.999,174.825,0.25,0.007022725883871317,0.007125701289623976,0.006985010113567114,0.007433819118887186,0.07650727033615112,0.07644922286272049,0.07663440704345703,7.888348579406738,7.796633243560791,8.08920669555664,32,0.0,0.008478162810206413,0.008556852117180824,0.75025
breastplate_armor,0,9,gaussian_blur,0.999,174.825,0.25,0.007022725883871317,0.005056972615420818,,,0.04184895008802414,,,7.614709377288818,,,32,0.0,0.004637496545910835,0.004717377945780754,0.75025
crane_structure,0,9,gaussian_blur,0.999,174.825,0.25,0.007022725883871317,0.018901456147432327,,,0.078335240483284,,,7.86146354675293,,,32,0.0,0.008680728264153004,0.008786963298916817,0.75025
ibex_horns,0,9,gaussian_blur,0.999,174.825,0.25,0.007022725883871317,0.02920353226363659,,,0.10887613147497177,,,7.334289073944092,,,32,0.0,0.012065121904015541,0.012094053439795971,0.75025
junco,0,9,gaussian_blur,0.999,174.825,0.25,0.007022725883871317,0.01133379340171814,,,0.057008348405361176,,,7.300967216491699,,,32,0.0,0.006317387335002422,0.006431793328374624,0.75025
lakeside_beach,0,9,gaussian_blur,0.999,174.825,0.25,0.007022725883871317,0.0024070022627711296,,,0.0297845508903265,,,7.775424957275391,,,32,0.0,0.00330057879909873,0.0034059672616422176,0.75025
sea_anemone,0,9,gaussian_blur,0.999,174.825,0.25,0.007022725883871317,0.006404178217053413,,,0.050366222858428955,,,7.735915184020996,,,32,0.0,0.005581339355558157,0.005621226504445076,0.75025
shetland_sheepdog,0,9,gaussian_blur,0.999,174.825,0.25,0.007022725883871317,0.008365236222743988,,,0.07650727033615112,,,7.888348579406738,,,32,0.0,0.008478162810206413,0.008556852117180824,0.75025
breastplate_armor,0,9,motion_blur,0.999,174.825,0.25,0.007022725883871317,0.02877935580909252,,,0.04184895008802414,,,7.614709377288818,,,32,0.0,0.004637496545910835,0.004717377945780754,0.75025
crane_structure,0,9,motion_blur,0.999,174.825,0.25,0.007022725883871317,0.07643885910511017,,,0.078335240483284,,,7.86146354675293,,,32,0.0,0.008680728264153004,0.008786963298916817,0.75025
ibex_horns,0,9,motion_blur,0.999,174.825,0.25,0.007022725883871317,0.10526587814092636,,,0.10887613147497177,,,7.334289073944092,,,32,0.0,0.012065121904015541,0.012094053439795971,0.75025
junco,0,9,motion_blur,0.999,174.825,0.25,0.007022725883871317,0.04963572323322296,,,0.057008348405361176,,,7.300967216491699,,,32,0.0,0.006317387335002422,0.006431793328374624,0.75025
lakeside_beach,0,9,motion_blur,0.999,174.825,0.25,0.007022725883871317,0.019877063110470772,,,0.0297845508903265,,,7.775424957275391,,,32,0.0,0.00330057879909873,0.0034059672616422176,0.75025
sea_anemone,0,9,motion_blur,0.999,174.825,0.25,0.007022725883871317,0.026159659028053284,,,0.050366222858428955,,,7.735915184020996,,,32,0.0,0.005581339355558157,0.005621226504445076,0.75025
shetland_sheepdog,0,9,motion_blur,0.999,174.825,0.25,0.007022725883871317,0.03245469555258751,,,0.07650727033615112,,,7.888348579406738,,,32,0.0,0.008478162810206413,0.008556852117180824,0.75025
breastplate_armor,0,9,superresolution,0.999,174.825,0.25,0.007022725883871317,0.00579827418550849,,,0.04184895008802414,,,7.614709377288818,,,32,0.0,0.004637496545910835,0.004717377945780754,0.75025
crane_structure,0,9,superresolution,0.999,174.825,0.25,0.007022725883871317,0.017339061945676804,,,0.078335240483284,,,7.86146354675293,,,32,0.0,0.008680728264153004,0.008786963298916817,0.75025
ibex_horns,0,9,superresolution,0.999,174.825,0.25,0.007022725883871317,0.025295183062553406,,,0.10887613147497177,,,7.334289073944092,,,32,0.0,0.012065121904015541,0.012094053439795971,0.75025
junco,0,9,superresolution,0.999,174.825,0.25,0.007022725883871317,0.011195081286132336,,,0.057008348405361176,,,7.300967216491699,,,32,0.0,0.006317387335002422,0.006431793328374624,0.75025
lakeside_beach,0,9,superresolution,0.999,174.825,0.25,0.007022725883871317,0.003582143923267722,,,0.0297845508903265,,,7.775424957275391,,,32,0.0,0.00330057879909873,0.0034059672616422176,0.75025
sea_anemone,0,9,superresolution,0.999,174.825,0.25,0.007022725883871317,0.006930892821401358,,,0.050366222858428955,,,7.735915184020996,,,32,0.0,0.005581339355558157,0.005621226504445076,0.75025
shetland_sheepdog,0,9,superresolution,0.999,174.825,0.25,0.007022725883871317,0.008754298090934753,,,0.07650727033615112,,,7.888348579406738,,,32,0.0,0.008478162810206413,0.008556852117180824,0.75025
breastplate_armor,1,0,box_inpainting,0.0,175.0,0.5,0.013227979652583599,1.5231120586395264,6.081065654754639,0.003794342279434204,0.046715255826711655,0.029938282445073128,0.052307575941085815,1.1205687522888184,1.073709487915039,1.136188268661499,64,0.14285714285714285,0.0011313073337078094,0.0011340731289237738,0.8571428571428572
crane_structure,1,0,box_inpainting,0.0,175.0,0.5,0.013227979652583599,1.6212600469589233,6.41485071182251,0.02339624986052513,0.07546284049749374,0.09542391449213028,0.0688091516494751,1.1423357725143433,1.2007577419281006,1.1228617429733276,64,0.14285714285714285,0.0014766122912988067,0.0014825545949861407,0.8571428571428572
ibex_horns,1,0,box_inpainting,0.0,175.0,0.5,0.013227979652583599,1.4166765213012695,5.620786190032959,0.015306598506867886,0.1479996144771576,0.17825086414813995,0.13791584968566895,1.205782413482666,1.1707342863082886,1.2174650430679321,64,0.14285714285714285,0.003434494137763977,0.0034369328059256077,0.8571428571428572
junco,1,0,box_inpainting,0.0,175.0,0.5,0.013227979652583599,1.2602355480194092,5.026831150054932,0.004703663755208254,0.04702752083539963,0.05480119585990906,0.044436294585466385,1.0993804931640625,1.0882161855697632,1.1031019687652588,64,0.14285714285714285,0.001095490762963891,0.0010989499278366566,0.8571428571428572
lakeside_beach,1,0,box_inpainting,0.0,175.0,0.5,0.013227979652583599,1.3007756471633911,5.199000835418701,0.0013671068008989096,0.029035424813628197,0.020654013380408287,0.03182922676205635,1.0823100805282593,1.0059605836868286,1.1077598333358765,64,0.14285714285714285,0.0007332871900871396,0.0007376737194135785,0.8571428571428572
sea_anemone,1,0,box_inpainting,0.0,175.0,0.5,0.013227979652583599,1.4092973470687866,5.625863552093506,0.003775443881750107,0.0748717188835144,0.10074549913406372,0.0662471279501915,1.1330815553665161,1.1298445463180542,1.1341605186462402,64,0.14285714285714285,0.0019253161735832691,0.0019282754510641098,0.8571428571428572
shetland_sheepdog,1,0,box_inpainting,0.0,175.0,0.5,0.013227979652583599,1.405105471611023,5.610968112945557,0.003151128301396966,0.07960991561412811,0.13406983017921448,0.06145660579204559,1.1066325902938843,1.1243033409118652,1.100742220878601,64,0.14285714285714285,0.002010590396821499,0.002011791570112109,0.8571428571428572
breastplate_armor,1,0,random_inpainting,0.0,175.0,0.5,0.013227979652583599,0.011347884312272072,0.010881532914936543,0.012449818663299084,0.046715255826711655,0.047755464911460876,0.044257353991270065,1.1205687522888184,1.131300449371338,1.095210313796997,64,0.14285714285714285,0.0011313073337078094,0.0011340731289237738,0.8571428571428572
crane_structure,1,0,random_inpainting,0.0,175.0,0.5,0.013227979652583599,0.05890526995062828,0.06042630970478058,0.05525602772831917,0.07546284049749374,0.07287362217903137,0.08167481422424316,1.1423357725143433,1.1339467763900757,1.1624619960784912,64,0.14285714285714285,0.0014766122912988067,0.0014825545949861407,0.8571428571428572
ibex_horns,1,0,random_inpainting,0.0,175.0,0.5,0.013227979652583599,0.03330647945404053,0.03356131166219711,0.032716818153858185,0.1479996144771576,0.15026994049549103,0.1427462249994278,1.205782413482666,1.2080068588256836,1.200635313987732,64,0.14285714285714285,0.003434494137763977,0.0034369328059256077,0.8571428571428572
junco,1,0,random_inpainting,0.0,175.0,0.5,0.013227979652583599,0.00876348651945591,0.008662138134241104,0.009001015685498714,0.04702752083539963,0.04574453830718994,0.050034407526254654,1.0993804931640625,1.0953291654586792,1.1088751554489136,64,0.14285714285714285,0.001095490762963891,0.0010989499278366566,0.8571428571428572
lakeside_beach,1,0,random_inpainting,0.0,175.0,0.5,0.013227979652583599,0.00399963092058897,0.004122394137084484,0.0037054468411952257,0.029035424813628197,0.028867725282907486,0.029437296092510223,1.0823100805282593,1.082632303237915,1.0815376043319702,64,0.14285714285714285,0.0007332871900871396,0.0007376737194135785,0.8571428571428572
sea_anemone,1,0,random_inpainting,0.0,175.0,0.5,0.013227979652583599,0.009237467311322689,0.009466392919421196,0.008686291053891182,0.0748717188835144,0.0761747881770134,0.07173437625169754,1.1330815553665161,1.1362782716751099,1.1253849267959595,64,0.14285714285714285,0.0019253161735832691,0.0019282754510641098,0.8571428571428572
shetland_sheepdog,1,0,random_inpainting,0.0,175.0,0.5,0.013227979652583599,0.006156422197818756,0.006102613639086485,0.0062726750038564205,0.07960991561412811,0.08087477087974548,0.0768771842122078,1.1066325902938843,1.1100772619247437,1.0991898775100708,64,0.14285714285714285,0.002010590396821499,0.002011791570112109,0.8571428571428572
breastplate_armor,1,0,gaussian_blur,0.0,175.0,0.5,0.013227979652583599,0.2792012691497803,,,0.046715255826711655,,,1.1205687522888184,,,64,0.14285714285714285,0.0011313073337078094,0.0011340731289237738,0.8571428571428572
crane_structure,1,0,gaussian_blur,0.0,175.0,0.5,0.013227979652583599,0.3023730516433716,,,0.07546284049749374,,,1.1423357725143433,,,64,0.14285714285714285,0.0014766122912988067,0.0014825545949861407,0.8571428571428572
ibex_horns,1,0,gaussian_blur,0.0,175.0,0.5,0.013227979652583599,0.28673434257507324,,,0.1479996144771576,,,1.205782413482666,,,64,0.14285714285714285,0.003434494137763977,0.0034369328059256077,0.8571428571428572
junco,1,0,gaussian_blur,0.0,175.0,0.5,0.013227979652583599,0.2794768512248993,,,0.04702752083539963,,,1.0993804931640625,,,64,0.14285714285714285,0.001095490762963891,0.0010989499278366566,0.8571428571428572
lakeside_beach,1,0,gaussian_blur,0.0,175.0,0.5,0.013227979652583599,0.2790656089782715,,,0.029035424813628197,,,1.0823100805282593,,,64,0.14285714285714285,0.0007332871900871396,0.0007376737194135785,0.8571428571428572
sea_anemone,1,0,gaussian_blur,0.0,175.0,0.5,0.013227979652583599,0.2772437632083893,,,0.0748717188835144,,,1.1330815553665161,,,64,0.14285714285714285,0.0019253161735832691,0.0019282754510641098,0.8571428571428572
shetland_sheepdog,1,0,gaussian_blur,0.0,175.0,0.5,0.013227979652583599,0.27772101759910583,,,0.07960991561412811,,,1.1066325902938843,,,64,0.14285714285714285,0.002010590396821499,0.002011791570112109,0.8571428571428572
breastplate_armor,1,0,motion_blur,0.0,175.0,0.5,0.013227979652583599,0.18487513065338135,,,0.046715255826711655,,,1.1205687522888184,,,64,0.14285714285714285,0.0011313073337078094,0.0011340731289237738,0.8571428571428572
crane_structure,1,0,motion_blur,0.0,175.0,0.5,0.013227979652583599,0.2345011681318283,,,0.07546284049749374,,,1.1423357725143433,,,64,0.14285714285714285,0.0014766122912988067,0.0014825545949861407,0.8571428571428572
ibex_horns,1,0,motion_blur,0.0,175.0,0.5,0.013227979652583599,0.21303939819335938,,,0.1479996144771576,,,1.205782413482666,,,64,0.14285714285714285,0.003434494137763977,0.0034369328059256077,0.8571428571428572
junco,1,0,motion_blur,0.0,175.0,0.5,0.013227979652583599,0.1819831132888794,,,0.04702752083539963,,,1.0993804931640625,,,64,0.14285714285714285,0.001095490762963891,0.0010989499278366566,0.8571428571428572
lakeside_beach,1,0,motion_blur,0.0,175.0,0.5,0.013227979652583599,0.172588512301445,,,0.029035424813628197,,,1.0823100805282593,,,64,0.14285714285714285,0.0007332871900871396,0.0007376737194135785,0.8571428571428572
sea_anemone,1,0,motion_blur,0.0,175.0,0.5,0.013227979652583599,0.18142704665660858,,,0.0748717188835144,,,1.1330815553665161,,,64,0.14285714285714285,0.0019253161735832691,0.0019282754510641098,0.8571428571428572
shetland_sheepdog,1,0,motion_blur,0.0,175.0,0.5,0.013227979652583599,0.1763749122619629,,,0.07960991561412811,,,1.1066325902938843,,,64,0.14285714285714285,0.002010590396821499,0.002011791570112109,0.8571428571428572
breastplate_armor,1,0,superresolution,0.0,175.0,0.5,0.013227979652583599,0.0200765710324049,,,0.046715255826711655,,,1.1205687522888184,,,64,0.14285714285714285,0.0011313073337078094,0.0011340731289237738,0.8571428571428572
crane_structure,1,0,superresolution,0.0,175.0,0.5,0.013227979652583599,0.046345844864845276,,,0.07546284049749374,,,1.1423357725143433,,,64,0.14285714285714285,0.0014766122912988067,0.0014825545949861407,0.8571428571428572
ibex_horns,1,0,superresolution,0.0,175.0,0.5,0.013227979652583599,0.03233755752444267,,,0.1479996144771576,,,1.205782413482666,,,64,0.14285714285714285,0.003434494137763977,0.0034369328059256077,0.8571428571428572
junco,1,0,superresolution,0.0,175.0,0.5,0.013227979652583599,0.02144729718565941,,,0.04702752083539963,,,1.0993804931640625,,,64,0.14285714285714285,0.001095490762963891,0.0010989499278366566,0.8571428571428572
lakeside_beach,1,0,superresolution,0.0,175.0,0.5,0.013227979652583599,0.018334392458200455,,,0.029035424813628197,,,1.0823100805282593,,,64,0.14285714285714285,0.0007332871900871396,0.0007376737194135785,0.8571428571428572
sea_anemone,1,0,superresolution,0.0,175.0,0.5,0.013227979652583599,0.01960925944149494,,,0.0748717188835144,,,1.1330815553665161,,,64,0.14285714285714285,0.0019253161735832691,0.0019282754510641098,0.8571428571428572
shetland_sheepdog,1,0,superresolution,0.0,175.0,0.5,0.013227979652583599,0.020336715504527092,,,0.07960991561412811,,,1.1066325902938843,,,64,0.14285714285714285,0.002010590396821499,0.002011791570112109,0.8571428571428572
breastplate_armor,1,1,box_inpainting,0.111,202.861,0.5,0.012689127586781979,22.94973373413086,91.78754425048828,0.0037928703241050243,0.03690209984779358,0.026056041941046715,0.04051745682954788,1.1100901365280151,1.0690860748291016,1.12375807762146,64,0.14285714285714285,0.0015704382676631212,0.0015761323738843203,0.8175000000000001
crane_structure,1,1,box_inpainting,0.111,202.861,0.5,0.012689127586781979,23.297283172607422,93.11893463134766,0.02339695580303669,0.0665334016084671,0.08250351995229721,0.0612100213766098,1.1296610832214355,1.180748462677002,1.112631916999817,64,0.14285714285714285,0.002312523080036044,0.0023245366755872965,0.8175000000000001
ibex_horns,1,1,box_inpainting,0.111,202.861,0.5,0.012689127586781979,14.772624015808105,59.04437255859375,0.015373327769339085,0.13026165962219238,0.155717134475708,0.12177649140357971,1.182264804840088,1.1388274431228638,1.1967440843582153,64,0.14285714285714285,0.005404820200055838,0.0054078190587460995,0.8175000000000001
junco,1,1,box_inpainting,0.111,202.861,0.5,0.012689127586781979,2.256056547164917,9.010115623474121,0.00470329262316227,0.045492708683013916,0.053201932460069656,0.0429229661822319,1.0956265926361084,1.0842117071151733,1.0994313955307007,64,0.14285714285714285,0.0019251538906246424,0.0019320057472214103,0.8175000000000001
lakeside_beach,1,1,box_inpainting,0.111,202.861,0.5,0.012689127586781979,2.3778531551361084,9.507304191589355,0.0013691582717001438,0.022070562466979027,0.017953597009181976,0.023442883044481277,1.0791702270507812,1.0068563222885132,1.1032748222351074,64,0.14285714285714285,0.0009791826596483588,0.0009896799456328154,0.8175000000000001
sea_anemone,1,1,box_inpainting,0.111,202.861,0.5,0.012689127586781979,19.757144927978516,79.0172348022461,0.003781100967898965,0.06527683883905411,0.08706887811422348,0.05801282450556755,1.1217297315597534,1.1117457151412964,1.1250576972961426,64,0.14285714285714285,0.0030056422110646963,0.003010732587426901,0.8175000000000001
shetland_sheepdog,1,1,box_inpainting,0.111,202.861,0.5,0.012689127586781979,16.7525691986084,67.00080108642578,0.0031583262607455254,0.06663930416107178,0.11378761380910873,0.050923191010951996,1.0960419178009033,1.1053632497787476,1.0929348468780518,64,0.14285714285714285,0.003006833139806986,0.003010119777172804,0.8175000000000001
breastplate_armor,1,1,random_inpainting,0.111,202.861,0.5,0.012689127586781979,0.011349111795425415,0.010882784612476826,0.012450995855033398,0.03690209984779358,0.0376906655728817,0.03503881022334099,1.1100901365280151,1.1209577322006226,1.0844110250473022,64,0.14285714285714285,0.0015704382676631212,0.0015761323738843203,0.8175000000000001
crane_structure,1,1,random_inpainting,0.111,202.861,0.5,0.012689127586781979,0.05890437960624695,0.060424964874982834,0.055256228893995285,0.0665334016084671,0.06383533775806427,0.07300648838281631,1.1296610832214355,1.1217914819717407,1.1485413312911987,64,0.14285714285714285,0.002312523080036044,0.0023245366755872965,0.8175000000000001
ibex_horns,1,1,random_inpainting,0.111,202.861,0.5,0.012689127586781979,0.03330688923597336,0.03356211632490158,0.03271631523966789,0.13026165962219238,0.13142085075378418,0.12757933139801025,1.182264804840088,1.1844606399536133,1.1771842241287231,64,0.14285714285714285,0.005404820200055838,0.0054078190587460995,0.8175000000000001
junco,1,1,random_inpainting,0.111,202.861,0.5,0.012689127586781979,0.008763589896261692,0.008662194944918156,0.009001228027045727,0.045492708683013916,0.0442996546626091,0.04828883707523346,1.0956265926361084,1.0915398597717285,1.1052043437957764,64,0.14285714285714285,0.0019251538906246424,0.0019320057472214103,0.8175000000000001
lakeside_beach,1,1,random_inpainting,0.111,202.861,0.5,0.012689127586781979,0.003999726846814156,0.00412222882732749,0.00370616908185184,0.022070562466979027,0.021926211193203926,0.022416476160287857,1.0791702270507812,1.0794812440872192,1.0784249305725098,64,0.14285714285714285,0.0009791826596483588,0.0009896799456328154,0.8175000000000001
sea_anemone,1,1,random_inpainting,0.111,202.861,0.5,0.012689127586781979,0.009237888269126415,0.00946675892919302,0.008686846122145653,0.06527683883905411,0.06668803840875626,0.061879146844148636,1.1217297315597534,1.1248657703399658,1.114179253578186,64,0.14285714285714285,0.0030056422110646963,0.003010732587426901,0.8175000000000001
shetland_sheepdog,1,1,random_inpainting,0.111,202.861,0.5,0.012689127586781979,0.006156574934720993,0.006102175451815128,0.00627410551533103,0.06663930416107178,0.06743105500936508,0.06492871791124344,1.0960419178009033,1.0991039276123047,1.0894267559051514,64,0.14285714285714285,0.003006833139806986,0.003010119777172804,0.8175000000000001
breastplate_armor,1,1,gaussian_blur,0.111,202.861,0.5,0.012689127586781979,0.28995615243911743,,,0.03690209984779358,,,1.1100901365280151,,,64,0.14285714285714285,0.0015704382676631212,0.0015761323738843203,0.8175000000000001
crane_structure,1,1,gaussian_blur,0.111,202.861,0.5,0.012689127586781979,0.3117200434207916,,,0.0665334016084671,,,1.1296610832214355,,,64,0.14285714285714285,0.002312523080036044,0.0023245366755872965,0.8175000000000001
ibex_horns,1,1,gaussian_blur,0.111,202.861,0.5,0.012689127586781979,0.29379773139953613,,,0.13026165962219238,,,1.182264804840088,,,64,0.14285714285714285,0.005404820200055838,0.0054078190587460995,0.8175000000000001
junco,1,1,gaussian_blur,0.111,202.861,0.5,0.012689127586781979,0.2898203134536743,,,0.045492708683013916,,,1.0956265926361084,,,64,0.14285714285714285,0.0019251538906246424,0.0019320057472214103,0.8175000000000001
lakeside_beach,1,1,gaussian_blur,0.111,202.861,0.5,0.012689127586781979,0.28841251134872437,,,0.022070562466979027,,,1.0791702270507812,,,64,0.14285714285714285,0.0009791826596483588,0.0009896799456328154,0.8175000000000001
sea_anemone,1,1,gaussian_blur,0.111,202.861,0.5,0.012689127586781979,0.28406792879104614,,,0.06527683883905411,,,1.1217297315597534,,,64,0.14285714285714285,0.0030056422110646963,0.003010732587426901,0.8175000000000001
shetland_sheepdog,1,1,gaussian_blur,0.111,202.861,0.5,0.012689127586781979,0.2868648171424866,,,0.06663930416107178,,,1.0960419178009033,,,64,0.14285714285714285,0.003006833139806986,0.003010119777172804,0.8175000000000001
breastplate_armor,1,1,motion_blur,0.111,202.861,0.5,0.012689127586781979,0.18511256575584412,,,0.03690209984779358,,,1.1100901365280151,,,64,0.14285714285714285,0.0015704382676631212,0.0015761323738843203,0.8175000000000001
crane_structure,1,1,motion_blur,0.111,202.861,0.5,0.012689127586781979,0.23532944917678833,,,0.0665334016084671,,,1.1296610832214355,,,64,0.14285714285714285,0.002312523080036044,0.0023245366755872965,0.8175000000000001
ibex_horns,1,1,motion_blur,0.111,202.861,0.5,0.012689127586781979,0.2136048972606659,,,0.13026165962219238,,,1.182264804840088,,,64,0.14285714285714285,0.005404820200055838,0.0054078190587460995,0.8175000000000001
junco,1,1,motion_blur,0.111,202.861,0.5,0.012689127586781979,0.18285846710205078,,,0.045492708683013916,,,1.0956265926361084,,,64,0.14285714285714285,0.0019251538906246424,0.0019320057472214103,0.8175000000000001
lakeside_beach,1,1,motion_blur,0.111,202.861,0.5,0.012689127586781979,0.17388007044792175,,,0.022070562466979027,,,1.0791702270507812,,,64,0.14285714285714285,0.0009791826596483588,0.0009896799456328154,0.8175000000000001
sea_anemone,1,1,motion_blur,0.111,202.861,0.5,0.012689127586781979,0.1831897348165512,,,0.06527683883905411,,,1.1217297315597534,,,64,0.14285714285714285,0.0030056422110646963,0.003010732587426901,0.8175000000000001
shetland_sheepdog,1,1,motion_blur,0.111,202.861,0.5,0.012689127586781979,0.1775675266981125,,,0.06663930416107178,,,1.0960419178009033,,,64,0.14285714285714285,0.003006833139806986,0.003010119777172804,0.8175000000000001
breastplate_armor,1,1,superresolution,0.111,202.861,0.5,0.012689127586781979,0.020067140460014343,,,0.03690209984779358,,,1.1100901365280151,,,64,0.14285714285714285,0.0015704382676631212,0.0015761323738843203,0.8175000000000001
crane_structure,1,1,superresolution,0.111,202.861,0.5,0.012689127586781979,0.04634801670908928,,,0.0665334016084671,,,1.1296610832214355,,,64,0.14285714285714285,0.002312523080036044,0.0023245366755872965,0.8175000000000001
ibex_horns,1,1,superresolution,0.111,202.861,0.5,0.012689127586781979,0.03234037384390831,,,0.13026165962219238,,,1.182264804840088,,,64,0.14285714285714285,0.005404820200055838,0.0054078190587460995,0.8175000000000001
junco,1,1,superresolution,0.111,202.861,0.5,0.012689127586781979,0.021430006250739098,,,0.045492708683013916,,,1.0956265926361084,,,64,0.14285714285714285,0.0019251538906246424,0.0019320057472214103,0.8175000000000001
lakeside_beach,1,1,superresolution,0.111,202.861,0.5,0.012689127586781979,0.018326779827475548,,,0.022070562466979027,,,1.0791702270507812,,,64,0.14285714285714285,0.0009791826596483588,0.0009896799456328154,0.8175000000000001
sea_anemone,1,1,superresolution,0.111,202.861,0.5,0.012689127586781979,0.01961147040128708,,,0.06527683883905411,,,1.1217297315597534,,,64,0.14285714285714285,0.0030056422110646963,0.003010732587426901,0.8175000000000001
shetland_sheepdog,1,1,superresolution,0.111,202.861,0.5,0.012689127586781979,0.02033071033656597,,,0.06663930416107178,,,1.0960419178009033,,,64,0.14285714285714285,0.003006833139806986,0.003010119777172804,0.8175000000000001
breastplate_armor,1,2,box_inpainting,0.222,230.722,0.5,0.012317526154220104,8.549514770507812,34.186676025390625,0.0037940824404358864,0.03175896406173706,0.023007556796073914,0.03467610105872154,1.1012091636657715,1.0631375312805176,1.1138997077941895,64,0.14285714285714285,0.0022304668091237545,0.0022397967986762524,0.7778571428571429
crane_structure,1,2,box_inpainting,0.222,230.722,0.5,0.012317526154220104,8.711099624633789,34.774208068847656,0.023395895957946777,0.05907510966062546,0.07487142831087112,0.053809668868780136,1.1145422458648682,1.1605894565582275,1.0991930961608887,64,0.14285714285714285,0.0034827562049031258,0.003501684870570898,0.7778571428571429
ibex_horns,1,2,box_inpainting,0.222,230.722,0.5,0.012317526154220104,8.095236778259277,32.33498764038086,0.015318747609853745,0.11451241374015808,0.13654547929763794,0.1071680560708046,1.159517526626587,1.1104356050491333,1.1758780479431152,64,0.14285714285714285,0.007900174707174301,0.007903448306024075,0.7778571428571429
junco,1,2,box_inpainting,0.222,230.722,0.5,0.012317526154220104,3.327251434326172,13.294876098632812,0.004709646105766296,0.043075934052467346,0.050206586718559265,0.04069904983043671,1.0879496335983276,1.0759245157241821,1.091957926750183,64,0.14285714285714285,0.0030524085741490126,0.00306301424279809,0.7778571428571429
lakeside_beach,1,2,box_inpainting,0.222,230.722,0.5,0.012317526154220104,3.7826132774353027,15.126317024230957,0.0013791316887363791,0.01783955655992031,0.016837228089571,0.018173664808273315,1.0719765424728394,1.0021995306015015,1.0952355861663818,64,0.14285714285714285,0.0012874454259872437,0.0013066267129033804,0.7778571428571429
sea_anemone,1,2,box_inpainting,0.222,230.722,0.5,0.012317526154220104,8.23708724975586,32.93701934814453,0.003776175668463111,0.05708281323313713,0.07665171474218369,0.05055984854698181,1.1084694862365723,1.0936535596847534,1.113408088684082,64,0.14285714285714285,0.004323584493249655,0.0043306536972522736,0.7778571428571429
shetland_sheepdog,1,2,box_inpainting,0.222,230.722,0.5,0.012317526154220104,7.7254557609558105,30.892370223999023,0.0031516184099018574,0.05405095964670181,0.08998312801122665,0.0420735664665699,1.0808088779449463,1.0794131755828857,1.0812740325927734,64,0.14285714285714285,0.004010617733001709,0.0040168967097997665,0.7778571428571429
breastplate_armor,1,2,random_inpainting,0.222,230.722,0.5,0.012317526154220104,0.011349218897521496,0.010882895439863205,0.012451088055968285,0.03175896406173706,0.032365765422582626,0.030325166881084442,1.1012091636657715,1.11194908618927,1.0758318901062012,64,0.14285714285714285,0.0022304668091237545,0.0022397967986762524,0.7778571428571429
crane_structure,1,2,random_inpainting,0.222,230.722,0.5,0.012317526154220104,0.058894358575344086,0.06041320785880089,0.0552503727376461,0.05907510966062546,0.056534815579652786,0.06516970694065094,1.1145422458648682,1.1072578430175781,1.1320186853408813,64,0.14285714285714285,0.0034827562049031258,0.003501684870570898,0.7778571428571429
ibex_horns,1,2,random_inpainting,0.222,230.722,0.5,0.012317526154220104,0.03330403193831444,0.03355942294001579,0.03271307423710823,0.11451241374015808,0.11475926637649536,0.11394122242927551,1.159517526626587,1.1615183353424072,1.1548875570297241,64,0.14285714285714285,0.007900174707174301,0.007903448306024075,0.7778571428571429
junco,1,2,random_inpainting,0.222,230.722,0.5,0.012317526154220104,0.008762899786233902,0.008661441504955292,0.009000684134662151,0.043075934052467346,0.0420532301068306,0.045472823083400726,1.0879496335983276,1.0839381217956543,1.0973514318466187,64,0.14285714285714285,0.0030524085741490126,0.00306301424279809,0.7778571428571429
lakeside_beach,1,2,random_inpainting,0.222,230.722,0.5,0.012317526154220104,0.003999545704573393,0.00412173755466938,0.003706730669364333,0.01783955655992031,0.017737431451678276,0.01808428391814232,1.0719765424728394,1.0723851919174194,1.0709971189498901,64,0.14285714285714285,0.0012874454259872437,0.0013066267129033804,0.7778571428571429
sea_anemone,1,2,random_inpainting,0.222,230.722,0.5,0.012317526154220104,0.009237406775355339,0.009466152638196945,0.008686663582921028,0.05708281323313713,0.05857956036925316,0.05347917973995209,1.1084694862365723,1.111779808998108,1.100499153137207,64,0.14285714285714285,0.004323584493249655,0.0043306536972522736,0.7778571428571429
shetland_sheepdog,1,2,random_inpainting,0.222,230.722,0.5,0.012317526154220104,0.006156198680400848,0.006101104896515608,0.006275228690356016,0.05405095964670181,0.05445658788084984,0.05317460373044014,1.0808088779449463,1.0836257934570312,1.0747231245040894,64,0.14285714285714285,0.004010617733001709,0.0040168967097997665,0.7778571428571429
breastplate_armor,1,2,gaussian_blur,0.222,230.722,0.5,0.012317526154220104,0.29924383759498596,,,0.03175896406173706,,,1.1012091636657715,,,64,0.14285714285714285,0.0022304668091237545,0.0022397967986762524,0.7778571428571429
crane_structure,1,2,gaussian_blur,0.222,230.722,0.5,0.012317526154220104,0.3200514018535614,,,0.05907510966062546,,,1.1145422458648682,,,64,0.14285714285714285,0.0034827562049031258,0.003501684870570898,0.7778571428571429
ibex_horns,1,2,gaussian_blur,0.222,230.722,0.5,0.012317526154220104,0.299784779548645,,,0.11451241374015808,,,1.159517526626587,,,64,0.14285714285714285,0.007900174707174301,0.007903448306024075,0.7778571428571429
junco,1,2,gaussian_blur,0.222,230.722,0.5,0.012317526154220104,0.29877588152885437,,,0.043075934052467346,,,1.0879496335983276,,,64,0.14285714285714285,0.0030524085741490126,0.00306301424279809,0.7778571428571429
lakeside_beach,1,2,gaussian_blur,0.222,230.722,0.5,0.012317526154220104,0.2955467402935028,,,0.01783955655992031,,,1.0719765424728394,,,64,0.14285714285714285,0.0012874454259872437,0.0013066267129033804,0.7778571428571429
sea_anemone,1,2,gaussian_blur,0.222,230.722,0.5,0.012317526154220104,0.28742215037345886,,,0.05708281323313713,,,1.1084694862365723,,,64,0.14285714285714285,0.004323584493249655,0.0043306536972522736,0.7778571428571429
shetland_sheepdog,1,2,gaussian_blur,0.222,230.722,0.5,0.012317526154220104,0.2943069338798523,,,0.05405095964670181,,,1.0808088779449463,,,64,0.14285714285714285,0.004010617733001709,0.0040168967097997665,0.7778571428571429
breastplate_armor,1,2,motion_blur,0.222,230.722,0.5,0.012317526154220104,0.1829231232404709,,,0.03175896406173706,,,1.1012091636657715,,,64,0.14285714285714285,0.0022304668091237545,0.0022397967986762524,0.7778571428571429
crane_structure,1,2,motion_blur,0.222,230.722,0.5,0.012317526154220104,0.23323401808738708,,,0.05907510966062546,,,1.1145422458648682,,,64,0.14285714285714285,0.0034827562049031258,0.003501684870570898,0.7778571428571429
ibex_horns,1,2,motion_blur,0.222,230.722,0.5,0.012317526154220104,0.21142888069152832,,,0.11451241374015808,,,1.159517526626587,,,64,0.14285714285714285,0.007900174707174301,0.007903448306024075,0.7778571428571429
junco,1,2,motion_blur,0.222,230.722,0.5,0.012317526154220104,0.1813570261001587,,,0.043075934052467346,,,1.0879496335983276,,,64,0.14285714285714285,0.0030524085741490126,0.00306301424279809,0.7778571428571429
lakeside_beach,1,2,motion_blur,0.222,230.722,0.5,0.012317526154220104,0.17294096946716309,,,0.01783955655992031,,,1.0719765424728394,,,64,0.14285714285714285,0.0012874454259872437,0.0013066267129033804,0.7778571428571429
sea_anemone,1,2,motion_blur,0.222,230.722,0.5,0.012317526154220104,0.18247346580028534,,,0.05708281323313713,,,1.1084694862365723,,,64,0.14285714285714285,0.004323584493249655,0.0043306536972522736,0.7778571428571429
shetland_sheepdog,1,2,motion_blur,0.222,230.722,0.5,0.012317526154220104,0.1764976680278778,,,0.05405095964670181,,,1.0808088779449463,,,64,0.14285714285714285,0.004010617733001709,0.0040168967097997665,0.7778571428571429
breastplate_armor,1,2,superresolution,0.222,230.722,0.5,0.012317526154220104,0.02004842273890972,,,0.03175896406173706,,,1.1012091636657715,,,64,0.14285714285714285,0.0022304668091237545,0.0022397967986762524,0.7778571428571429
crane_structure,1,2,superresolution,0.222,230.722,0.5,0.012317526154220104,0.04632304608821869,,,0.05907510966062546,,,1.1145422458648682,,,64,0.14285714285714285,0.0034827562049031258,0.003501684870570898,0.7778571428571429
ibex_horns,1,2,superresolution,0.222,230.722,0.5,0.012317526154220104,0.03232830762863159,,,0.11451241374015808,,,1.159517526626587,,,64,0.14285714285714285,0.007900174707174301,0.007903448306024075,0.7778571428571429
junco,1,2,superresolution,0.222,230.722,0.5,0.012317526154220104,0.02140166610479355,,,0.043075934052467346,,,1.0879496335983276,,,64,0.14285714285714285,0.0030524085741490126,0.00306301424279809,0.7778571428571429
lakeside_beach,1,2,superresolution,0.222,230.722,0.5,0.012317526154220104,0.018310783430933952,,,0.01783955655992031,,,1.0719765424728394,,,64,0.14285714285714285,0.0012874454259872437,0.0013066267129033804,0.7778571428571429
sea_anemone,1,2,superresolution,0.222,230.722,0.5,0.012317526154220104,0.01960517093539238,,,0.05708281323313713,,,1.1084694862365723,,,64,0.14285714285714285,0.004323584493249655,0.0043306536972522736,0.7778571428571429
shetland_sheepdog,1,2,superresolution,0.222,230.722,0.5,0.012317526154220104,0.020315516740083694,,,0.05405095964670181,,,1.0808088779449463,,,64,0.14285714285714285,0.004010617733001709,0.0040168967097997665,0.7778571428571429
breastplate_armor,1,3,box_inpainting,0.333,258.583,0.5,0.012009454891085625,3.7444963455200195,14.966605186462402,0.0037937115412205458,0.027837282046675682,0.02059667930006981,0.03025081381201744,1.096204400062561,1.0607954263687134,1.1080073118209839,64,0.14285714285714285,0.003066880628466606,0.003084228839725256,0.7382142857142858
crane_structure,1,3,box_inpainting,0.333,258.583,0.5,0.012009454891085625,3.8392505645751953,15.286819458007812,0.023394525051116943,0.05153101682662964,0.06683090329170227,0.04643106088042259,1.1017494201660156,1.143267273902893,1.0879101753234863,64,0.14285714285714285,0.004883156158030033,0.004911176394671202,0.7382142857142858
ibex_horns,1,3,box_inpainting,0.333,258.583,0.5,0.012009454891085625,3.5799903869628906,14.274044036865234,0.015305519104003906,0.10067585110664368,0.12090113013982773,0.09393409639596939,1.141448974609375,1.088654637336731,1.15904700756073,64,0.14285714285714285,0.010941952466964722,0.010947288945317268,0.7382142857142858
junco,1,3,box_inpainting,0.333,258.583,0.5,0.012009454891085625,2.9539012908935547,11.801480293273926,0.004707968328148127,0.0393955372273922,0.045055944472551346,0.037508733570575714,1.081911325454712,1.0679055452346802,1.0865797996520996,64,0.14285714285714285,0.004398831631988287,0.004416946321725845,0.7382142857142858
lakeside_beach,1,3,box_inpainting,0.333,258.583,0.5,0.012009454891085625,3.0203769207000732,12.077392578125,0.0013714192900806665,0.015385184437036514,0.01646842248737812,0.01502410601824522,1.0683212280273438,1.0002440214157104,1.0910135507583618,64,0.14285714285714285,0.0017240470042452216,0.0017577651888132095,0.7382142857142858
sea_anemone,1,3,box_inpainting,0.333,258.583,0.5,0.012009454891085625,3.588754177093506,14.3436918258667,0.003775401273742318,0.04986264556646347,0.06704089790582657,0.04413655772805214,1.1002395153045654,1.0811001062393188,1.1066192388534546,64,0.14285714285714285,0.005869011394679546,0.005883415695279837,0.7382142857142858
shetland_sheepdog,1,3,box_inpainting,0.333,258.583,0.5,0.012009454891085625,3.4473209381103516,13.779833793640137,0.0031505872029811144,0.0436747670173645,0.06738856434822083,0.03577016294002533,1.070206642150879,1.0584940910339355,1.0741108655929565,64,0.14285714285714285,0.005040095187723637,0.005054057575762272,0.7382142857142858
breastplate_armor,1,3,random_inpainting,0.333,258.583,0.5,0.012009454891085625,0.011348342522978783,0.01088206097483635,0.01245011668652296,0.027837282046675682,0.028324637562036514,0.02668570913374424,1.096204400062561,1.1067569255828857,1.0712698698043823,64,0.14285714285714285,0.003066880628466606,0.003084228839725256,0.7382142857142858
crane_structure,1,3,random_inpainting,0.333,258.583,0.5,0.012009454891085625,0.058875035494565964,0.06039079278707504,0.05523846670985222,0.05153101682662964,0.04921507090330124,0.05708737671375275,1.1017494201660156,1.09513521194458,1.117618203163147,64,0.14285714285714285,0.004883156158030033,0.004911176394671202,0.7382142857142858
ibex_horns,1,3,random_inpainting,0.333,258.583,0.5,0.012009454891085625,0.033297814428806305,0.033553238958120346,0.03270677849650383,0.10067585110664368,0.10029260069131851,0.10156266391277313,1.141448974609375,1.143331527709961,1.1370930671691895,64,0.14285714285714285,0.010941952466964722,0.010947288945317268,0.7382142857142858
junco,1,3,random_inpainting,0.333,258.583,0.5,0.012009454891085625,0.008761439472436905,0.008659894578158855,0.008999425917863846,0.0393955372273922,0.03857309743762016,0.04132305085659027,1.081911325454712,1.0780283212661743,1.091011643409729,64,0.14285714285714285,0.004398831631988287,0.004416946321725845,0.7382142857142858
lakeside_beach,1,3,random_inpainting,0.333,258.583,0.5,0.012009454891085625,0.003999114036560059,0.004120944999158382,0.0037071637343615294,0.015385184437036514,0.015310193412005901,0.015564888715744019,1.0683212280273438,1.0688122510910034,1.0671443939208984,64,0.14285714285714285,0.0017240470042452216,0.0017577651888132095,0.7382142857142858
sea_anemone,1,3,random_inpainting,0.333,258.583,0.5,0.012009454891085625,0.009236056357622147,0.009464611299335957,0.00868577603250742,0.04986264556646347,0.05125124007463455,0.04651938006281853,1.1002395153045654,1.103714942932129,1.0918715000152588,64,0.14285714285714285,0.005869011394679546,0.005883415695279837,0.7382142857142858
shetland_sheepdog,1,3,random_inpainting,0.333,258.583,0.5,0.012009454891085625,0.006155337207019329,0.006099449470639229,0.006276079919189215,0.0436747670173645,0.04372658208012581,0.04356282204389572,1.070206642150879,1.0728273391723633,1.064544439315796,64,0.14285714285714285,0.005040095187723637,0.005054057575762272,0.7382142857142858
breastplate_armor,1,3,gaussian_blur,0.333,258.583,0.5,0.012009454891085625,0.309734582901001,,,0.027837282046675682,,,1.096204400062561,,,64,0.14285714285714285,0.003066880628466606,0.003084228839725256,0.7382142857142858
crane_structure,1,3,gaussian_blur,0.333,258.583,0.5,0.012009454891085625,0.3303390145301819,,,0.05153101682662964,,,1.1017494201660156,,,64,0.14285714285714285,0.004883156158030033,0.004911176394671202,0.7382142857142858
ibex_horns,1,3,gaussian_blur,0.333,258.583,0.5,0.012009454891085625,0.3079944849014282,,,0.10067585110664368,,,1.141448974609375,,,64,0.14285714285714285,0.010941952466964722,0.010947288945317268,0.7382142857142858
junco,1,3,gaussian_blur,0.333,258.583,0.5,0.012009454891085625,0.3089018166065216,,,0.0393955372273922,,,1.081911325454712,,,64,0.14285714285714285,0.004398831631988287,0.004416946321725845,0.7382142857142858
lakeside_beach,1,3,gaussian_blur,0.333,258.583,0.5,0.012009454891085625,0.3036315441131592,,,0.015385184437036514,,,1.0683212280273438,,,64,0.14285714285714285,0.0017240470042452216,0.0017577651888132095,0.7382142857142858
sea_anemone,1,3,gaussian_blur,0.333,258.583,0.5,0.012009454891085625,0.2909180223941803,,,0.04986264556646347,,,1.1002395153045654,,,64,0.14285714285714285,0.005869011394679546,0.005883415695279837,0.7382142857142858
shetland_sheepdog,1,3,gaussian_blur,0.333,258.583,0.5,0.012009454891085625,0.30294811725616455,,,0.0436747670173645,,,1.070206642150879,,,64,0.14285714285714285,0.005040095187723637,0.005054057575762272,0.7382142857142858
breastplate_armor,1,3,motion_blur,0.333,258.583,0.5,0.012009454891085625,0.17941837012767792,,,0.027837282046675682,,,1.096204400062561,,,64,0.14285714285714285,0.003066880628466606,0.003084228839725256,0.7382142857142858
crane_structure,1,3,motion_blur,0.333,258.583,0.5,0.012009454891085625,0.2294418066740036,,,0.05153101682662964,,,1.1017494201660156,,,64,0.14285714285714285,0.004883156158030033,0.004911176394671202,0.7382142857142858
ibex_horns,1,3,motion_blur,0.333,258.583,0.5,0.012009454891085625,0.20767375826835632,,,0.10067585110664368,,,1.141448974609375,,,64,0.14285714285714285,0.010941952466964722,0.010947288945317268,0.7382142857142858
junco,1,3,motion_blur,0.333,258.583,0.5,0.012009454891085625,0.17852453887462616,,,0.0393955372273922,,,1.081911325454712,,,64,0.14285714285714285,0.004398831631988287,0.004416946321725845,0.7382142857142858
lakeside_beach,1,3,motion_blur,0.333,258.583,0.5,0.012009454891085625,0.1707528531551361,,,0.015385184437036514,,,1.0683212280273438,,,64,0.14285714285714285,0.0017240470042452216,0.0017577651888132095,0.7382142857142858
sea_anemone,1,3,motion_blur,0.333,258.583,0.5,0.012009454891085625,0.1802908480167389,,,0.04986264556646347,,,1.1002395153045654,,,64,0.14285714285714285,0.005869011394679546,0.005883415695279837,0.7382142857142858
shetland_sheepdog,1,3,motion_blur,0.333,258.583,0.5,0.012009454891085625,0.17418581247329712,,,0.0436747670173645,,,1.070206642150879,,,64,0.14285714285714285,0.005040095187723637,0.005054057575762272,0.7382142857142858
breastplate_armor,1,3,superresolution,0.333,258.583,0.5,0.012009454891085625,0.020018357783555984,,,0.027837282046675682,,,1.096204400062561,,,64,0.14285714285714285,0.003066880628466606,0.003084228839725256,0.7382142857142858
crane_structure,1,3,superresolution,0.333,258.583,0.5,0.012009454891085625,0.04626419395208359,,,0.05153101682662964,,,1.1017494201660156,,,64,0.14285714285714285,0.004883156158030033,0.004911176394671202,0.7382142857142858
ibex_horns,1,3,superresolution,0.333,258.583,0.5,0.012009454891085625,0.032297708094120026,,,0.10067585110664368,,,1.141448974609375,,,64,0.14285714285714285,0.010941952466964722,0.010947288945317268,0.7382142857142858
junco,1,3,superresolution,0.333,258.583,0.5,0.012009454891085625,0.02135990560054779,,,0.0393955372273922,,,1.081911325454712,,,64,0.14285714285714285,0.004398831631988287,0.004416946321725845,0.7382142857142858
lakeside_beach,1,3,superresolution,0.333,258.583,0.5,0.012009454891085625,0.018284497782588005,,,0.015385184437036514,,,1.0683212280273438,,,64,0.14285714285714285,0.0017240470042452216,0.0017577651888132095,0.7382142857142858
sea_anemone,1,3,superresolution,0.333,258.583,0.5,0.012009454891085625,0.01958831585943699,,,0.04986264556646347,,,1.1002395153045654,,,64,0.14285714285714285,0.005869011394679546,0.005883415695279837,0.7382142857142858
shetland_sheepdog,1,3,superresolution,0.333,258.583,0.5,0.012009454891085625,0.020289042964577675,,,0.0436747670173645,,,1.070206642150879,,,64,0.14285714285714285,0.005040095187723637,0.005054057575762272,0.7382142857142858
breastplate_armor,1,4,box_inpainting,0.444,286.444,0.5,0.011795909143984318,1.9860506057739258,7.932821750640869,0.0037935508880764246,0.024435702711343765,0.018404191359877586,0.026446204632520676,1.0910944938659668,1.0582842826843262,1.1020311117172241,64,0.14285714285714285,0.004067934583872557,0.004099894780665636,0.6985714285714286
crane_structure,1,4,box_inpainting,0.444,286.444,0.5,0.011795909143984318,2.0471839904785156,8.11855697631836,0.023392630741000175,0.04647291824221611,0.05908797308802605,0.042267899960279465,1.0910464525222778,1.1288762092590332,1.0784364938735962,64,0.14285714285714285,0.006880228873342276,0.006916273385286331,0.6985714285714286
ibex_horns,1,4,box_inpainting,0.444,286.444,0.5,0.011795909143984318,1.9096431732177734,7.592678070068359,0.015298311598598957,0.08869161456823349,0.10634639859199524,0.08280668407678604,1.1243703365325928,1.0692660808563232,1.1427382230758667,64,0.14285714285714285,0.014623015187680721,0.014629460871219635,0.6985714285714286
junco,1,4,box_inpainting,0.444,286.444,0.5,0.011795909143984318,1.8196563720703125,7.2645134925842285,0.004703656770288944,0.03503281623125076,0.03960711136460304,0.0335080511868,1.0753757953643799,1.059154748916626,1.0807827711105347,64,0.14285714285714285,0.005911034997552633,0.005945175886154175,0.6985714285714286
lakeside_beach,1,4,box_inpainting,0.444,286.444,0.5,0.011795909143984318,1.7553598880767822,7.017337322235107,0.001367358141578734,0.013506190851330757,0.015773093327879906,0.012750554829835892,1.0638997554779053,0.9970658421516418,1.0861775875091553,64,0.14285714285714285,0.0022730869241058826,0.002327496185898781,0.6985714285714286
sea_anemone,1,4,box_inpainting,0.444,286.444,0.5,0.011795909143984318,1.901070475578308,7.592957973480225,0.003774817567318678,0.04199710488319397,0.05653301998972893,0.03715180605649948,1.0919561386108398,1.0695019960403442,1.0994408130645752,64,0.14285714285714285,0.007376763969659805,0.007411385886371136,0.6985714285714286
shetland_sheepdog,1,4,box_inpainting,0.444,286.444,0.5,0.011795909143984318,1.8337438106536865,7.325525760650635,0.0031497820746153593,0.035949379205703735,0.04992663860321045,0.031290292739868164,1.0603644847869873,1.041350245475769,1.0667024850845337,64,0.14285714285714285,0.006208141800016165,0.006231154315173626,0.6985714285714286
breastplate_armor,1,4,random_inpainting,0.444,286.444,0.5,0.011795909143984318,0.011346130631864071,0.01087993010878563,0.012447711080312729,0.024435702711343765,0.02478649467229843,0.02360682003200054,1.0910944938659668,1.1013596057891846,1.0668389797210693,64,0.14285714285714285,0.004067934583872557,0.004099894780665636,0.6985714285714286
crane_structure,1,4,random_inpainting,0.444,286.444,0.5,0.011795909143984318,0.05884337052702904,0.060354240238666534,0.05521854758262634,0.04647291824221611,0.04451515153050423,0.05116993933916092,1.0910464525222778,1.085106611251831,1.1052968502044678,64,0.14285714285714285,0.006880228873342276,0.006916273385286331,0.6985714285714286
ibex_horns,1,4,random_inpainting,0.444,286.444,0.5,0.011795909143984318,0.03328711539506912,0.03354238346219063,0.0326964408159256,0.08869161456823349,0.08791615813970566,0.09048596769571304,1.1243703365325928,1.1264983415603638,1.1194459199905396,64,0.14285714285714285,0.014623015187680721,0.014629460871219635,0.6985714285714286
junco,1,4,random_inpainting,0.444,286.444,0.5,0.011795909143984318,0.00875895842909813,0.008657299913465977,0.00899721309542656,0.03503281623125076,0.034367259591817856,0.03659265488386154,1.0753757953643799,1.0715864896774292,1.0842567682266235,64,0.14285714285714285,0.005911034997552633,0.005945175886154175,0.6985714285714286
lakeside_beach,1,4,random_inpainting,0.444,286.444,0.5,0.011795909143984318,0.003998350352048874,0.004119758494198322,0.003707414958626032,0.013506190851330757,0.013424217700958252,0.01370262447744608,1.0638997554779053,1.064456820487976,1.062564730644226,64,0.14285714285714285,0.0022730869241058826,0.002327496185898781,0.6985714285714286
sea_anemone,1,4,random_inpainting,0.444,286.444,0.5,0.011795909143984318,0.009233555756509304,0.009461832232773304,0.008683942258358002,0.04199710488319397,0.04300912097096443,0.03956053406000137,1.0919561386108398,1.0955986976623535,1.0831859111785889,64,0.14285714285714285,0.007376763969659805,0.007411385886371136,0.6985714285714286
shetland_sheepdog,1,4,random_inpainting,0.444,286.444,0.5,0.011795909143984318,0.0061538382433354855,0.006097029894590378,0.006276571191847324,0.035949379205703735,0.03587253391742706,0.036115407943725586,1.0603644847869873,1.0629446506500244,1.0547895431518555,64,0.14285714285714285,0.006208141800016165,0.006231154315173626,0.6985714285714286
breastplate_armor,1,4,gaussian_blur,0.444,286.444,0.5,0.011795909143984318,0.31025153398513794,,,0.024435702711343765,,,1.0910944938659668,,,64,0.14285714285714285,0.004067934583872557,0.004099894780665636,0.6985714285714286
crane_structure,1,4,gaussian_blur,0.444,286.444,0.5,0.011795909143984318,0.33259961009025574,,,0.04647291824221611,,,1.0910464525222778,,,64,0.14285714285714285,0.006880228873342276,0.006916273385286331,0.6985714285714286
ibex_horns,1,4,gaussian_blur,0.444,286.444,0.5,0.011795909143984318,0.30874598026275635,,,0.08869161456823349,,,1.1243703365325928,,,64,0.14285714285714285,0.014623015187680721,0.014629460871219635,0.6985714285714286
junco,1,4,gaussian_blur,0.444,286.444,0.5,0.011795909143984318,0.3091409504413605,,,0.03503281623125076,,,1.0753757953643799,,,64,0.14285714285714285,0.005911034997552633,0.005945175886154175,0.6985714285714286
lakeside_beach,1,4,gaussian_blur,0.444,286.444,0.5,0.011795909143984318,0.30222445726394653,,,0.013506190851330757,,,1.0638997554779053,,,64,0.14285714285714285,0.0022730869241058826,0.002327496185898781,0.6985714285714286
sea_anemone,1,4,gaussian_blur,0.444,286.444,0.5,0.011795909143984318,0.28639426827430725,,,0.04199710488319397,,,1.0919561386108398,,,64,0.14285714285714285,0.007376763969659805,0.007411385886371136,0.6985714285714286
shetland_sheepdog,1,4,gaussian_blur,0.444,286.444,0.5,0.011795909143984318,0.30244916677474976,,,0.035949379205703735,,,1.0603644847869873,,,64,0.14285714285714285,0.006208141800016165,0.006231154315173626,0.6985714285714286
breastplate_armor,1,4,motion_blur,0.444,286.444,0.5,0.011795909143984318,0.17429713904857635,,,0.024435702711343765,,,1.0910944938659668,,,64,0.14285714285714285,0.004067934583872557,0.004099894780665636,0.6985714285714286
crane_structure,1,4,motion_blur,0.444,286.444,0.5,0.011795909143984318,0.22362256050109863,,,0.04647291824221611,,,1.0910464525222778,,,64,0.14285714285714285,0.006880228873342276,0.006916273385286331,0.6985714285714286
ibex_horns,1,4,motion_blur,0.444,286.444,0.5,0.011795909143984318,0.20204302668571472,,,0.08869161456823349,,,1.1243703365325928,,,64,0.14285714285714285,0.014623015187680721,0.014629460871219635,0.6985714285714286
junco,1,4,motion_blur,0.444,286.444,0.5,0.011795909143984318,0.17403219640254974,,,0.03503281623125076,,,1.0753757953643799,,,64,0.14285714285714285,0.005911034997552633,0.005945175886154175,0.6985714285714286
lakeside_beach,1,4,motion_blur,0.444,286.444,0.5,0.011795909143984318,0.16688597202301025,,,0.013506190851330757,,,1.0638997554779053,,,64,0.14285714285714285,0.0022730869241058826,0.002327496185898781,0.6985714285714286
sea_anemone,1,4,motion_blur,0.444,286.444,0.5,0.011795909143984318,0.17623615264892578,,,0.04199710488319397,,,1.0919561386108398,,,64,0.14285714285714285,0.007376763969659805,0.007411385886371136,0.6985714285714286
shetland_sheepdog,1,4,motion_blur,0.444,286.444,0.5,0.011795909143984318,0.1702623963356018,,,0.035949379205703735,,,1.0603644847869873,,,64,0.14285714285714285,0.006208141800016165,0.006231154315173626,0.6985714285714286
breastplate_armor,1,4,superresolution,0.444,286.444,0.5,0.011795909143984318,0.01997349038720131,,,0.024435702711343765,,,1.0910944938659668,,,64,0.14285714285714285,0.004067934583872557,0.004099894780665636,0.6985714285714286
crane_structure,1,4,superresolution,0.444,286.444,0.5,0.011795909143984318,0.04616052657365799,,,0.04647291824221611,,,1.0910464525222778,,,64,0.14285714285714285,0.006880228873342276,0.006916273385286331,0.6985714285714286
ibex_horns,1,4,superresolution,0.444,286.444,0.5,0.011795909143984318,0.03224248066544533,,,0.08869161456823349,,,1.1243703365325928,,,64,0.14285714285714285,0.014623015187680721,0.014629460871219635,0.6985714285714286
junco,1,4,superresolution,0.444,286.444,0.5,0.011795909143984318,0.021300848573446274,,,0.03503281623125076,,,1.0753757953643799,,,64,0.14285714285714285,0.005911034997552633,0.005945175886154175,0.6985714285714286
lakeside_beach,1,4,superresolution,0.444,286.444,0.5,0.011795909143984318,0.018244734033942223,,,0.013506190851330757,,,1.0638997554779053,,,64,0.14285714285714285,0.0022730869241058826,0.002327496185898781,0.6985714285714286
sea_anemone,1,4,superresolution,0.444,286.444,0.5,0.011795909143984318,0.01955736055970192,,,0.04199710488319397,,,1.0919561386108398,,,64,0.14285714285714285,0.007376763969659805,0.007411385886371136,0.6985714285714286
shetland_sheepdog,1,4,superresolution,0.444,286.444,0.5,0.011795909143984318,0.02024778537452221,,,0.035949379205703735,,,1.0603644847869873,,,64,0.14285714285714285,0.006208141800016165,0.006231154315173626,0.6985714285714286
breastplate_armor,1,5,box_inpainting,0.555,314.30500000000006,0.5,0.011530348099768162,1.1760013103485107,4.692626476287842,0.0037929501850157976,0.021451150998473167,0.016323814168572426,0.023160262033343315,1.086190938949585,1.0558723211288452,1.0962971448898315,64,0.14285714285714285,0.005252962466329336,0.005307924933731556,0.6589285714285714
crane_structure,1,5,box_inpainting,0.555,314.30500000000006,0.5,0.011530348099768162,1.2198216915130615,4.809117794036865,0.0233897902071476,0.04196258634328842,0.050454407930374146,0.039131976664066315,1.0817763805389404,1.1166553497314453,1.0701500177383423,64,0.14285714285714285,0.009442847222089767,0.009485620073974133,0.6589285714285714
ibex_horns,1,5,box_inpainting,0.555,314.30500000000006,0.5,0.011530348099768162,1.142643928527832,4.5247015953063965,0.015291290357708931,0.07704427093267441,0.09008414298295975,0.07269764691591263,1.109100103378296,1.0528062582015991,1.1278645992279053,64,0.14285714285714285,0.01874047890305519,0.01875894144177437,0.6589285714285714
junco,1,5,box_inpainting,0.555,314.30500000000006,0.5,0.011530348099768162,1.1002960205078125,4.387077331542969,0.004702339414507151,0.029188930988311768,0.03417208790779114,0.027527879923582077,1.0679783821105957,1.049309253692627,1.0742013454437256,64,0.14285714285714285,0.007215416990220547,0.007281242869794369,0.6589285714285714
lakeside_beach,1,5,box_inpainting,0.555,314.30500000000006,0.5,0.011530348099768162,1.0497264862060547,4.1948065757751465,0.0013663552235811949,0.011961575597524643,0.014919591136276722,0.010975571349263191,1.0594526529312134,0.9934685826301575,1.0814471244812012,64,0.14285714285714285,0.002947311382740736,0.003028677776455879,0.6589285714285714
sea_anemone,1,5,box_inpainting,0.555,314.30500000000006,0.5,0.011530348099768162,1.1271430253982544,4.497249126434326,0.0037743013817816973,0.03527429699897766,0.04721447825431824,0.03129423409700394,1.0839755535125732,1.058935523033142,1.0923221111297607,64,0.14285714285714285,0.00900023989379406,0.009070143103599548,0.6589285714285714
shetland_sheepdog,1,5,box_inpainting,0.555,314.30500000000006,0.5,0.011530348099768162,1.0869035720825195,4.338168621063232,0.003148746909573674,0.02967049740254879,0.037544626742601395,0.027045786380767822,1.0519790649414062,1.0284852981567383,1.0598101615905762,64,0.14285714285714285,0.007461109664291143,0.007495938800275326,0.6589285714285714
breastplate_armor,1,5,random_inpainting,0.555,314.30500000000006,0.5,0.011530348099768162,0.011342118494212627,0.010876050218939781,0.012443386018276215,0.021451150998473167,0.02167736552655697,0.02091662958264351,1.086190938949585,1.0961897373199463,1.0625649690628052,64,0.14285714285714285,0.005252962466329336,0.005307924933731556,0.6589285714285714
crane_structure,1,5,random_inpainting,0.555,314.30500000000006,0.5,0.011530348099768162,0.05879528820514679,0.060298893600702286,0.055187903344631195,0.04196258634328842,0.04011284187436104,0.04640042781829834,1.0817763805389404,1.0764355659484863,1.0945897102355957,64,0.14285714285714285,0.009442847222089767,0.009485620073974133,0.6589285714285714
ibex_horns,1,5,random_inpainting,0.555,314.30500000000006,0.5,0.011530348099768162,0.033270418643951416,0.03352528065443039,0.032680682837963104,0.07704427093267441,0.07598747313022614,0.07948958873748779,1.109100103378296,1.1115516424179077,1.1034270524978638,64,0.14285714285714285,0.01874047890305519,0.01875894144177437,0.6589285714285714
junco,1,5,random_inpainting,0.555,314.30500000000006,0.5,0.011530348099768162,0.008755108341574669,0.008653300814330578,0.008993708528578281,0.029188930988311768,0.028638456016778946,0.0304790697991848,1.0679783821105957,1.0642532110214233,1.0767090320587158,64,0.14285714285714285,0.007215416990220547,0.007281242869794369,0.6589285714285714
lakeside_beach,1,5,random_inpainting,0.555,314.30500000000006,0.5,0.011530348099768162,0.003997140564024448,0.004118046723306179,0.003707405412569642,0.011961575597524643,0.011866378597915173,0.01218970213085413,1.0594526529312134,1.0600794553756714,1.0579503774642944,64,0.14285714285714285,0.002947311382740736,0.003028677776455879,0.6589285714285714
sea_anemone,1,5,random_inpainting,0.555,314.30500000000006,0.5,0.011530348099768162,0.009229524061083794,0.009457427076995373,0.008680813014507294,0.03527429699897766,0.035926397889852524,0.0337042510509491,1.0839755535125732,1.0878868103027344,1.0745582580566406,64,0.14285714285714285,0.00900023989379406,0.009070143103599548,0.6589285714285714
shetland_sheepdog,1,5,random_inpainting,0.555,314.30500000000006,0.5,0.011530348099768162,0.006151373498141766,0.006093455478549004,0.006276505533605814,0.02967049740254879,0.029629142954945564,0.02975984290242195,1.0519790649414062,1.0545849800109863,1.0463489294052124,64,0.14285714285714285,0.007461109664291143,0.007495938800275326,0.6589285714285714
breastplate_armor,1,5,gaussian_blur,0.555,314.30500000000006,0.5,0.011530348099768162,0.2916174829006195,,,0.021451150998473167,,,1.086190938949585,,,64,0.14285714285714285,0.005252962466329336,0.005307924933731556,0.6589285714285714
crane_structure,1,5,gaussian_blur,0.555,314.30500000000006,0.5,0.011530348099768162,0.3166459798812866,,,0.04196258634328842,,,1.0817763805389404,,,64,0.14285714285714285,0.009442847222089767,0.009485620073974133,0.6589285714285714
ibex_horns,1,5,gaussian_blur,0.555,314.30500000000006,0.5,0.011530348099768162,0.292413592338562,,,0.07704427093267441,,,1.109100103378296,,,64,0.14285714285714285,0.01874047890305519,0.01875894144177437,0.6589285714285714
junco,1,5,gaussian_blur,0.555,314.30500000000006,0.5,0.011530348099768162,0.29015499353408813,,,0.029188930988311768,,,1.0679783821105957,,,64,0.14285714285714285,0.007215416990220547,0.007281242869794369,0.6589285714285714
lakeside_beach,1,5,gaussian_blur,0.555,314.30500000000006,0.5,0.011530348099768162,0.28256914019584656,,,0.011961575597524643,,,1.0594526529312134,,,64,0.14285714285714285,0.002947311382740736,0.003028677776455879,0.6589285714285714
sea_anemone,1,5,gaussian_blur,0.555,314.30500000000006,0.5,0.011530348099768162,0.2666918635368347,,,0.03527429699897766,,,1.0839755535125732,,,64,0.14285714285714285,0.00900023989379406,0.009070143103599548,0.6589285714285714
shetland_sheepdog,1,5,gaussian_blur,0.555,314.30500000000006,0.5,0.011530348099768162,0.2839154601097107,,,0.02967049740254879,,,1.0519790649414062,,,64,0.14285714285714285,0.007461109664291143,0.007495938800275326,0.6589285714285714
breastplate_armor,1,5,motion_blur,0.555,314.30500000000006,0.5,0.011530348099768162,0.16732442378997803,,,0.021451150998473167,,,1.086190938949585,,,64,0.14285714285714285,0.005252962466329336,0.005307924933731556,0.6589285714285714
crane_structure,1,5,motion_blur,0.555,314.30500000000006,0.5,0.011530348099768162,0.21546439826488495,,,0.04196258634328842,,,1.0817763805389404,,,64,0.14285714285714285,0.009442847222089767,0.009485620073974133,0.6589285714285714
ibex_horns,1,5,motion_blur,0.555,314.30500000000006,0.5,0.011530348099768162,0.19431911408901215,,,0.07704427093267441,,,1.109100103378296,,,64,0.14285714285714285,0.01874047890305519,0.01875894144177437,0.6589285714285714
junco,1,5,motion_blur,0.555,314.30500000000006,0.5,0.011530348099768162,0.1676013469696045,,,0.029188930988311768,,,1.0679783821105957,,,64,0.14285714285714285,0.007215416990220547,0.007281242869794369,0.6589285714285714
lakeside_beach,1,5,motion_blur,0.555,314.30500000000006,0.5,0.011530348099768162,0.16092443466186523,,,0.011961575597524643,,,1.0594526529312134,,,64,0.14285714285714285,0.002947311382740736,0.003028677776455879,0.6589285714285714
sea_anemone,1,5,motion_blur,0.555,314.30500000000006,0.5,0.011530348099768162,0.1699950397014618,,,0.03527429699897766,,,1.0839755535125732,,,64,0.14285714285714285,0.00900023989379406,0.009070143103599548,0.6589285714285714
shetland_sheepdog,1,5,motion_blur,0.555,314.30500000000006,0.5,0.011530348099768162,0.16437996923923492,,,0.02967049740254879,,,1.0519790649414062,,,64,0.14285714285714285,0.007461109664291143,0.007495938800275326,0.6589285714285714
breastplate_armor,1,5,superresolution,0.555,314.30500000000006,0.5,0.011530348099768162,0.019909285008907318,,,0.021451150998473167,,,1.086190938949585,,,64,0.14285714285714285,0.005252962466329336,0.005307924933731556,0.6589285714285714
crane_structure,1,5,superresolution,0.555,314.30500000000006,0.5,0.011530348099768162,0.04599764198064804,,,0.04196258634328842,,,1.0817763805389404,,,64,0.14285714285714285,0.009442847222089767,0.009485620073974133,0.6589285714285714
ibex_horns,1,5,superresolution,0.555,314.30500000000006,0.5,0.011530348099768162,0.03215448558330536,,,0.07704427093267441,,,1.109100103378296,,,64,0.14285714285714285,0.01874047890305519,0.01875894144177437,0.6589285714285714
junco,1,5,superresolution,0.555,314.30500000000006,0.5,0.011530348099768162,0.021219385787844658,,,0.029188930988311768,,,1.0679783821105957,,,64,0.14285714285714285,0.007215416990220547,0.007281242869794369,0.6589285714285714
lakeside_beach,1,5,superresolution,0.555,314.30500000000006,0.5,0.011530348099768162,0.018187277019023895,,,0.011961575597524643,,,1.0594526529312134,,,64,0.14285714285714285,0.002947311382740736,0.003028677776455879,0.6589285714285714
sea_anemone,1,5,superresolution,0.555,314.30500000000006,0.5,0.011530348099768162,0.019507810473442078,,,0.03527429699897766,,,1.0839755535125732,,,64,0.14285714285714285,0.00900023989379406,0.009070143103599548,0.6589285714285714
shetland_sheepdog,1,5,superresolution,0.555,314.30500000000006,0.5,0.011530348099768162,0.020187092944979668,,,0.02967049740254879,,,1.0519790649414062,,,64,0.14285714285714285,0.007461109664291143,0.007495938800275326,0.6589285714285714
breastplate_armor,1,6,box_inpainting,0.666,342.16600000000005,0.5,0.011259624734520912,0.7450973987579346,2.9690139293670654,0.003791994182392955,0.019032035022974014,0.014532171189785004,0.02053198777139187,1.0817580223083496,1.0538398027420044,1.0910639762878418,64,0.14285714285714285,0.006734398193657398,0.006824912037700415,0.6192857142857142
crane_structure,1,6,box_inpainting,0.666,342.16600000000005,0.5,0.011259624734520912,0.7787699699401855,3.044922113418579,0.02338583953678608,0.03850317373871803,0.045006658881902695,0.03633534163236618,1.0732406377792358,1.1056302785873413,1.0624440908432007,64,0.14285714285714285,0.012803117744624615,0.012845233082771301,0.6192857142857142
ibex_horns,1,6,box_inpainting,0.666,342.16600000000005,0.5,0.011259624734520912,0.7352437376976013,2.8951282501220703,0.01528233289718628,0.06419975310564041,0.07042038440704346,0.06212620064616203,1.095056176185608,1.0408711433410645,1.1131178140640259,64,0.14285714285714285,0.022515397518873215,0.022584129124879837,0.6192857142857142
junco,1,6,box_inpainting,0.666,342.16600000000005,0.5,0.011259624734520912,0.6989059448242188,2.781520128250122,0.004701342899352312,0.02438092604279518,0.028899366036057472,0.022874778136610985,1.0600370168685913,1.0376819372177124,1.067488670349121,64,0.14285714285714285,0.008650190196931362,0.008743125945329666,0.6192857142857142
lakeside_beach,1,6,box_inpainting,0.666,342.16600000000005,0.5,0.011259624734520912,0.6646919250488281,2.654670476913452,0.0013658002717420459,0.010633870959281921,0.013961933553218842,0.009524516761302948,1.0552833080291748,0.9898722171783447,1.0770869255065918,64,0.14285714285714285,0.003764816327020526,0.0038797343149781227,0.6192857142857142
sea_anemone,1,6,box_inpainting,0.666,342.16600000000005,0.5,0.011259624734520912,0.7161407470703125,2.8532419204711914,0.003773661097511649,0.029291734099388123,0.03946524113416672,0.025900566950440407,1.075891375541687,1.0496331453323364,1.0846439599990845,64,0.14285714285714285,0.010661710053682327,0.010783612728118896,0.6192857142857142
shetland_sheepdog,1,6,box_inpainting,0.666,342.16600000000005,0.5,0.011259624734520912,0.6893123388290405,2.7478065490722656,0.003147499868646264,0.024959631264209747,0.02913540042936802,0.02356770634651184,1.045446753501892,1.0195794105529785,1.0540690422058105,64,0.14285714285714285,0.008972088806331158,0.009025014005601406,0.6192857142857142
breastplate_armor,1,6,random_inpainting,0.666,342.16600000000005,0.5,0.011259624734520912,0.011335658840835094,0.010869789868593216,0.012436454184353352,0.019032035022974014,0.019182179123163223,0.018677255138754845,1.0817580223083496,1.0915508270263672,1.0586179494857788,64,0.14285714285714285,0.006734398193657398,0.006824912037700415,0.6192857142857142
crane_structure,1,6,random_inpainting,0.666,342.16600000000005,0.5,0.011259624734520912,0.058725178241729736,0.060218341648578644,0.05514282360672951,0.03850317373871803,0.036705732345581055,0.04281553626060486,1.0732406377792358,1.0684857368469238,1.0846481323242188,64,0.14285714285714285,0.012803117744624615,0.012845233082771301,0.6192857142857142
ibex_horns,1,6,random_inpainting,0.666,342.16600000000005,0.5,0.011259624734520912,0.03324569761753082,0.0334998220205307,0.0326576791703701,0.06419975310564041,0.06297776848077774,0.06702730804681778,1.095056176185608,1.0980639457702637,1.0880964994430542,64,0.14285714285714285,0.022515397518873215,0.022584129124879837,0.6192857142857142
junco,1,6,random_inpainting,0.666,342.16600000000005,0.5,0.011259624734520912,0.008749455213546753,0.008647466078400612,0.008988484740257263,0.02438092604279518,0.023961713537573814,0.025363421067595482,1.0600370168685913,1.05647873878479,1.0683765411376953,64,0.14285714285714285,0.008650190196931362,0.008743125945329666,0.6192857142857142
lakeside_beach,1,6,random_inpainting,0.666,342.16600000000005,0.5,0.011259624734520912,0.003995324485003948,0.004115631338208914,0.0037070256657898426,0.010633870959281921,0.010530798695981503,0.010880867950618267,1.0552833080291748,1.0559815168380737,1.0536102056503296,64,0.14285714285714285,0.003764816327020526,0.0038797343149781227,0.6192857142857142
sea_anemone,1,6,random_inpainting,0.666,342.16600000000005,0.5,0.011259624734520912,0.0092234518378973,0.009450860321521759,0.00867593102157116,0.029291734099388123,0.029644856229424477,0.028441544622182846,1.075891375541687,1.0801608562469482,1.0656118392944336,64,0.14285714285714285,0.010661710053682327,0.010783612728118896,0.6192857142857142
shetland_sheepdog,1,6,random_inpainting,0.666,342.16600000000005,0.5,0.011259624734520912,0.006147800013422966,0.0060885907150805,0.0062757208943367004,0.024959631264209747,0.024945532903075218,0.024990087375044823,1.045446753501892,1.0479238033294678,1.0400949716567993,64,0.14285714285714285,0.008972088806331158,0.009025014005601406,0.6192857142857142
breastplate_armor,1,6,gaussian_blur,0.666,342.16600000000005,0.5,0.011259624734520912,0.2558588683605194,,,0.019032035022974014,,,1.0817580223083496,,,64,0.14285714285714285,0.006734398193657398,0.006824912037700415,0.6192857142857142
crane_structure,1,6,gaussian_blur,0.666,342.16600000000005,0.5,0.011259624734520912,0.2822631299495697,,,0.03850317373871803,,,1.0732406377792358,,,64,0.14285714285714285,0.012803117744624615,0.012845233082771301,0.6192857142857142
ibex_horns,1,6,gaussian_blur,0.666,342.16600000000005,0.5,0.011259624734520912,0.25929757952690125,,,0.06419975310564041,,,1.095056176185608,,,64,0.14285714285714285,0.022515397518873215,0.022584129124879837,0.6192857142857142
junco,1,6,gaussian_blur,0.666,342.16600000000005,0.5,0.011259624734520912,0.25408124923706055,,,0.02438092604279518,,,1.0600370168685913,,,64,0.14285714285714285,0.008650190196931362,0.008743125945329666,0.6192857142857142
lakeside_beach,1,6,gaussian_blur,0.666,342.16600000000005,0.5,0.011259624734520912,0.2469007670879364,,,0.010633870959281921,,,1.0552833080291748,,,64,0.14285714285714285,0.003764816327020526,0.0038797343149781227,0.6192857142857142
sea_anemone,1,6,gaussian_blur,0.666,342.16600000000005,0.5,0.011259624734520912,0.23354268074035645,,,0.029291734099388123,,,1.075891375541687,,,64,0.14285714285714285,0.010661710053682327,0.010783612728118896,0.6192857142857142
shetland_sheepdog,1,6,gaussian_blur,0.666,342.16600000000005,0.5,0.011259624734520912,0.24898211658000946,,,0.024959631264209747,,,1.045446753501892,,,64,0.14285714285714285,0.008972088806331158,0.009025014005601406,0.6192857142857142
breastplate_armor,1,6,motion_blur,0.666,342.16600000000005,0.5,0.011259624734520912,0.1583947092294693,,,0.019032035022974014,,,1.0817580223083496,,,64,0.14285714285714285,0.006734398193657398,0.006824912037700415,0.6192857142857142
crane_structure,1,6,motion_blur,0.666,342.16600000000005,0.5,0.011259624734520912,0.20481614768505096,,,0.03850317373871803,,,1.0732406377792358,,,64,0.14285714285714285,0.012803117744624615,0.012845233082771301,0.6192857142857142
ibex_horns,1,6,motion_blur,0.666,342.16600000000005,0.5,0.011259624734520912,0.18441522121429443,,,0.06419975310564041,,,1.095056176185608,,,64,0.14285714285714285,0.022515397518873215,0.022584129124879837,0.6192857142857142
junco,1,6,motion_blur,0.666,342.16600000000005,0.5,0.011259624734520912,0.15910343825817108,,,0.02438092604279518,,,1.0600370168685913,,,64,0.14285714285714285,0.008650190196931362,0.008743125945329666,0.6192857142857142
lakeside_beach,1,6,motion_blur,0.666,342.16600000000005,0.5,0.011259624734520912,0.15265287458896637,,,0.010633870959281921,,,1.0552833080291748,,,64,0.14285714285714285,0.003764816327020526,0.0038797343149781227,0.6192857142857142
sea_anemone,1,6,motion_blur,0.666,342.16600000000005,0.5,0.011259624734520912,0.16142255067825317,,,0.029291734099388123,,,1.075891375541687,,,64,0.14285714285714285,0.010661710053682327,0.010783612728118896,0.6192857142857142
shetland_sheepdog,1,6,motion_blur,0.666,342.16600000000005,0.5,0.011259624734520912,0.15630856156349182,,,0.024959631264209747,,,1.045446753501892,,,64,0.14285714285714285,0.008972088806331158,0.009025014005601406,0.6192857142857142
breastplate_armor,1,6,superresolution,0.666,342.16600000000005,0.5,0.011259624734520912,0.01981973648071289,,,0.019032035022974014,,,1.0817580223083496,,,64,0.14285714285714285,0.006734398193657398,0.006824912037700415,0.6192857142857142
crane_structure,1,6,superresolution,0.666,342.16600000000005,0.5,0.011259624734520912,0.04575642943382263,,,0.03850317373871803,,,1.0732406377792358,,,64,0.14285714285714285,0.012803117744624615,0.012845233082771301,0.6192857142857142
ibex_horns,1,6,superresolution,0.666,342.16600000000005,0.5,0.011259624734520912,0.032022874802351,,,0.06419975310564041,,,1.095056176185608,,,64,0.14285714285714285,0.022515397518873215,0.022584129124879837,0.6192857142857142
junco,1,6,superresolution,0.666,342.16600000000005,0.5,0.011259624734520912,0.02110888808965683,,,0.02438092604279518,,,1.0600370168685913,,,64,0.14285714285714285,0.008650190196931362,0.008743125945329666,0.6192857142857142
lakeside_beach,1,6,superresolution,0.666,342.16600000000005,0.5,0.011259624734520912,0.01810648664832115,,,0.010633870959281921,,,1.0552833080291748,,,64,0.14285714285714285,0.003764816327020526,0.0038797343149781227,0.6192857142857142
sea_anemone,1,6,superresolution,0.666,342.16600000000005,0.5,0.011259624734520912,0.01943342387676239,,,0.029291734099388123,,,1.075891375541687,,,64,0.14285714285714285,0.010661710053682327,0.010783612728118896,0.6192857142857142
shetland_sheepdog,1,6,superresolution,0.666,342.16600000000005,0.5,0.011259624734520912,0.020100794732570648,,,0.024959631264209747,,,1.045446753501892,,,64,0.14285714285714285,0.008972088806331158,0.009025014005601406,0.6192857142857142
breastplate_armor,1,7,box_inpainting,0.777,370.02700000000004,0.5,0.010943361558020115,0.4933621883392334,1.9620767831802368,0.0037906384095549583,0.016645243391394615,0.012864085845649242,0.01790562830865383,1.0774831771850586,1.0520448684692383,1.0859625339508057,64,0.14285714285714285,0.00840276014059782,0.00855233334004879,0.5796428571428571
crane_structure,1,7,box_inpainting,0.777,370.02700000000004,0.5,0.010943361558020115,0.5207504034042358,2.0128610134124756,0.023380078375339508,0.03455371782183647,0.04036521166563034,0.032616548240184784,1.065467357635498,1.096497654914856,1.0551238059997559,64,0.14285714285714285,0.016717486083507538,0.016760483384132385,0.5796428571428571
ibex_horns,1,7,box_inpainting,0.777,370.02700000000004,0.5,0.010943361558020115,0.4970637261867523,1.9424443244934082,0.015270222909748554,0.05072721093893051,0.05284811556339264,0.050020236521959305,1.079282522201538,1.0303553342819214,1.09559166431427,64,0.14285714285714285,0.025322748348116875,0.02545808255672455,0.5796428571428571
junco,1,7,box_inpainting,0.777,370.02700000000004,0.5,0.010943361558020115,0.4630393981933594,1.8380573987960815,0.004700060002505779,0.02121042273938656,0.02451779507100582,0.02010796219110489,1.0534703731536865,1.02798593044281,1.0619652271270752,64,0.14285714285714285,0.010653004050254822,0.010768992826342583,0.5796428571428571
lakeside_beach,1,7,box_inpainting,0.777,370.02700000000004,0.5,0.010943361558020115,0.4391305148601532,1.7524265050888062,0.0013652091147378087,0.00947587750852108,0.012975436635315418,0.008309357799589634,1.0516029596328735,0.9865882992744446,1.0732744932174683,64,0.14285714285714285,0.004757245071232319,0.004912051372230053,0.5796428571428571
sea_anemone,1,7,box_inpainting,0.777,370.02700000000004,0.5,0.010943361558020115,0.4762861728668213,1.8938273191452026,0.003772466443479061,0.023842856287956238,0.03320632502436638,0.02072170004248619,1.0676772594451904,1.0413223505020142,1.0764622688293457,64,0.14285714285714285,0.012228723615407944,0.012413944117724895,0.5796428571428571
shetland_sheepdog,1,7,box_inpainting,0.777,370.02700000000004,0.5,0.010943361558020115,0.4569784104824066,1.8184760808944702,0.003145827678963542,0.021492820233106613,0.024080580100417137,0.020630231127142906,1.0402121543884277,1.0131644010543823,1.0492280721664429,64,0.14285714285714285,0.01090396847575903,0.010985544882714748,0.5796428571428571
breastplate_armor,1,7,random_inpainting,0.777,370.02700000000004,0.5,0.010943361558020115,0.011325828731060028,0.010860246606171131,0.01242594700306654,0.016645243391394615,0.0167289599776268,0.01644742675125599,1.0774831771850586,1.087100863456726,1.0547574758529663,64,0.14285714285714285,0.00840276014059782,0.00855233334004879,0.5796428571428571
crane_structure,1,7,random_inpainting,0.777,370.02700000000004,0.5,0.010943361558020115,0.058625273406505585,0.06010375916957855,0.05507812649011612,0.03455371782183647,0.03295239061117172,0.03839557245373726,1.065467357635498,1.061212182044983,1.0756760835647583,64,0.14285714285714285,0.016717486083507538,0.016760483384132385,0.5796428571428571
ibex_horns,1,7,random_inpainting,0.777,370.02700000000004,0.5,0.010943361558020115,0.03320995718240738,0.03346287086606026,0.032624728977680206,0.05072721093893051,0.04947124794125557,0.05363339185714722,1.079282522201538,1.0826646089553833,1.0714565515518188,64,0.14285714285714285,0.025322748348116875,0.02545808255672455,0.5796428571428571
junco,1,7,random_inpainting,0.777,370.02700000000004,0.5,0.010943361558020115,0.00874132290482521,0.008639095351099968,0.008980910293757915,0.02121042273938656,0.020822104066610336,0.022120507434010506,1.0534703731536865,1.0500699281692505,1.0614399909973145,64,0.14285714285714285,0.010653004050254822,0.010768992826342583,0.5796428571428571
lakeside_beach,1,7,random_inpainting,0.777,370.02700000000004,0.5,0.010943361558020115,0.003992682322859764,0.0041122655384242535,0.003706117859110236,0.00947587750852108,0.009368263185024261,0.009733759798109531,1.0516029596328735,1.0523635149002075,1.0497804880142212,64,0.14285714285714285,0.004757245071232319,0.004912051372230053,0.5796428571428571
sea_anemone,1,7,random_inpainting,0.777,370.02700000000004,0.5,0.010943361558020115,0.009214549325406551,0.00944127980619669,0.008668658323585987,0.023842856287956238,0.02398618869483471,0.023497765883803368,1.0676772594451904,1.0722568035125732,1.05665123462677,64,0.14285714285714285,0.012228723615407944,0.012413944117724895,0.5796428571428571
shetland_sheepdog,1,7,random_inpainting,0.777,370.02700000000004,0.5,0.010943361558020115,0.006142615340650082,0.006081852130591869,0.006273891776800156,0.021492820233106613,0.021421905606985092,0.021646032109856606,1.0402121543884277,1.0424929857254028,1.0352842807769775,64,0.14285714285714285,0.01090396847575903,0.010985544882714748,0.5796428571428571
breastplate_armor,1,7,gaussian_blur,0.777,370.02700000000004,0.5,0.010943361558020115,0.21376805007457733,,,0.016645243391394615,,,1.0774831771850586,,,64,0.14285714285714285,0.00840276014059782,0.00855233334004879,0.5796428571428571
crane_structure,1,7,gaussian_blur,0.777,370.02700000000004,0.5,0.010943361558020115,0.23927609622478485,,,0.03455371782183647,,,1.065467357635498,,,64,0.14285714285714285,0.016717486083507538,0.016760483384132385,0.5796428571428571
ibex_horns,1,7,gaussian_blur,0.777,370.02700000000004,0.5,0.010943361558020115,0.21886855363845825,,,0.05072721093893051,,,1.079282522201538,,,64,0.14285714285714285,0.025322748348116875,0.02545808255672455,0.5796428571428571
junco,1,7,gaussian_blur,0.777,370.02700000000004,0.5,0.010943361558020115,0.2115890234708786,,,0.02121042273938656,,,1.0534703731536865,,,64,0.14285714285714285,0.010653004050254822,0.010768992826342583,0.5796428571428571
lakeside_beach,1,7,gaussian_blur,0.777,370.02700000000004,0.5,0.010943361558020115,0.20532719790935516,,,0.00947587750852108,,,1.0516029596328735,,,64,0.14285714285714285,0.004757245071232319,0.004912051372230053,0.5796428571428571
sea_anemone,1,7,gaussian_blur,0.777,370.02700000000004,0.5,0.010943361558020115,0.19535335898399353,,,0.023842856287956238,,,1.0676772594451904,,,64,0.14285714285714285,0.012228723615407944,0.012413944117724895,0.5796428571428571
shetland_sheepdog,1,7,gaussian_blur,0.777,370.02700000000004,0.5,0.010943361558020115,0.2077554315328598,,,0.021492820233106613,,,1.0402121543884277,,,64,0.14285714285714285,0.01090396847575903,0.010985544882714748,0.5796428571428571
breastplate_armor,1,7,motion_blur,0.777,370.02700000000004,0.5,0.010943361558020115,0.14763575792312622,,,0.016645243391394615,,,1.0774831771850586,,,64,0.14285714285714285,0.00840276014059782,0.00855233334004879,0.5796428571428571
crane_structure,1,7,motion_blur,0.777,370.02700000000004,0.5,0.010943361558020115,0.19179582595825195,,,0.03455371782183647,,,1.065467357635498,,,64,0.14285714285714285,0.016717486083507538,0.016760483384132385,0.5796428571428571
ibex_horns,1,7,motion_blur,0.777,370.02700000000004,0.5,0.010943361558020115,0.17248153686523438,,,0.05072721093893051,,,1.079282522201538,,,64,0.14285714285714285,0.025322748348116875,0.02545808255672455,0.5796428571428571
junco,1,7,motion_blur,0.777,370.02700000000004,0.5,0.010943361558020115,0.14863824844360352,,,0.02121042273938656,,,1.0534703731536865,,,64,0.14285714285714285,0.010653004050254822,0.010768992826342583,0.5796428571428571
lakeside_beach,1,7,motion_blur,0.777,370.02700000000004,0.5,0.010943361558020115,0.14218831062316895,,,0.00947587750852108,,,1.0516029596328735,,,64,0.14285714285714285,0.004757245071232319,0.004912051372230053,0.5796428571428571
sea_anemone,1,7,motion_blur,0.777,370.02700000000004,0.5,0.010943361558020115,0.15066777169704437,,,0.023842856287956238,,,1.0676772594451904,,,64,0.14285714285714285,0.012228723615407944,0.012413944117724895,0.5796428571428571
shetland_sheepdog,1,7,motion_blur,0.777,370.02700000000004,0.5,0.010943361558020115,0.14611618220806122,,,0.021492820233106613,,,1.0402121543884277,,,64,0.14285714285714285,0.01090396847575903,0.010985544882714748,0.5796428571428571
breastplate_armor,1,7,superresolution,0.777,370.02700000000004,0.5,0.010943361558020115,0.01969679817557335,,,0.016645243391394615,,,1.0774831771850586,,,64,0.14285714285714285,0.00840276014059782,0.00855233334004879,0.5796428571428571
crane_structure,1,7,superresolution,0.777,370.02700000000004,0.5,0.010943361558020115,0.045411571860313416,,,0.03455371782183647,,,1.065467357635498,,,64,0.14285714285714285,0.016717486083507538,0.016760483384132385,0.5796428571428571
ibex_horns,1,7,superresolution,0.777,370.02700000000004,0.5,0.010943361558020115,0.03183309733867645,,,0.05072721093893051,,,1.079282522201538,,,64,0.14285714285714285,0.025322748348116875,0.02545808255672455,0.5796428571428571
junco,1,7,superresolution,0.777,370.02700000000004,0.5,0.010943361558020115,0.020960554480552673,,,0.02121042273938656,,,1.0534703731536865,,,64,0.14285714285714285,0.010653004050254822,0.010768992826342583,0.5796428571428571
lakeside_beach,1,7,superresolution,0.777,370.02700000000004,0.5,0.010943361558020115,0.017994917929172516,,,0.00947587750852108,,,1.0516029596328735,,,64,0.14285714285714285,0.004757245071232319,0.004912051372230053,0.5796428571428571
sea_anemone,1,7,superresolution,0.777,370.02700000000004,0.5,0.010943361558020115,0.019325939938426018,,,0.023842856287956238,,,1.0676772594451904,,,64,0.14285714285714285,0.012228723615407944,0.012413944117724895,0.5796428571428571
shetland_sheepdog,1,7,superresolution,0.777,370.02700000000004,0.5,0.010943361558020115,0.019980642944574356,,,0.021492820233106613,,,1.0402121543884277,,,64,0.14285714285714285,0.01090396847575903,0.010985544882714748,0.5796428571428571
breastplate_armor,1,8,box_inpainting,0.888,397.88800000000003,0.5,0.010707459412515163,0.33574575185775757,1.3316177129745483,0.0037883955519646406,0.013356922194361687,0.011148926801979542,0.014092918485403061,1.0724656581878662,1.0500649213790894,1.079932451248169,64,0.14285714285714285,0.00953033845871687,0.009762266650795937,0.54
crane_structure,1,8,box_inpainting,0.888,397.88800000000003,0.5,0.010707459412515163,0.3590524196624756,1.3660942316055298,0.023371804505586624,0.02971784397959709,0.03576459363102913,0.02770226076245308,1.0582298040390015,1.08873450756073,1.0480616092681885,64,0.14285714285714285,0.020731305703520775,0.02080717124044895,0.54
ibex_horns,1,8,box_inpainting,0.888,397.88800000000003,0.5,0.010707459412515163,0.34813910722732544,1.3467960357666016,0.015253434889018536,0.04167955368757248,0.04124556854367256,0.041824206709861755,1.0656442642211914,1.0195280313491821,1.0810163021087646,64,0.14285714285714285,0.029359955340623856,0.029562493786215782,0.54
junco,1,8,box_inpainting,0.888,397.88800000000003,0.5,0.010707459412515163,0.31605586409568787,1.2501287460327148,0.004698233678936958,0.018151618540287018,0.020583145320415497,0.017341110855340958,1.0477092266082764,1.020189642906189,1.056882381439209,64,0.14285714285714285,0.012816643342375755,0.012967823073267937,0.54
lakeside_beach,1,8,box_inpainting,0.888,397.88800000000003,0.5,0.010707459412515163,0.2986210584640503,1.1903908252716064,0.0013644573045894504,0.008455267176032066,0.012047983705997467,0.007257694378495216,1.0482202768325806,0.9834902882575989,1.0697969198226929,64,0.14285714285714285,0.005965953692793846,0.006164215039461851,0.54
sea_anemone,1,8,box_inpainting,0.888,397.88800000000003,0.5,0.010707459412515163,0.326044499874115,1.2928653955459595,0.0037708228919655085,0.01987377181649208,0.027989035472273827,0.0171686802059412,1.0600144863128662,1.033902645111084,1.0687183141708374,64,0.14285714285714285,0.014225980266928673,0.014491444453597069,0.54
shetland_sheepdog,1,8,box_inpainting,0.888,397.88800000000003,0.5,0.010707459412515163,0.31168079376220703,1.237292766571045,0.0031434346456080675,0.01854960434138775,0.020551130175590515,0.01788242906332016,1.0350911617279053,1.0068888664245605,1.0444918870925903,64,0.14285714285714285,0.013170711696147919,0.013283826410770416,0.54
breastplate_armor,1,8,random_inpainting,0.888,397.88800000000003,0.5,0.010707459412515163,0.011311346665024757,0.010846181772649288,0.012410477735102177,0.013356922194361687,0.01341782696545124,0.01321300771087408,1.0724656581878662,1.081865668296814,1.050254225730896,64,0.14285714285714285,0.00953033845871687,0.009762266650795937,0.54
crane_structure,1,8,random_inpainting,0.888,397.88800000000003,0.5,0.010707459412515163,0.058484695851802826,0.05994277447462082,0.054986510425806046,0.02971784397959709,0.028484614565968513,0.0326765701174736,1.0582298040390015,1.0543729066848755,1.0674829483032227,64,0.14285714285714285,0.020731305703520775,0.02080717124044895,0.54
ibex_horns,1,8,random_inpainting,0.888,397.88800000000003,0.5,0.010707459412515163,0.03315919265151024,0.033410247415304184,0.032578274607658386,0.04167955368757248,0.040395162999629974,0.044651515781879425,1.0656442642211914,1.0694881677627563,1.056749701499939,64,0.14285714285714285,0.029359955340623856,0.029562493786215782,0.54
junco,1,8,random_inpainting,0.888,397.88800000000003,0.5,0.010707459412515163,0.008729740977287292,0.008627194911241531,0.00897007156163454,0.018151618540287018,0.017904968932271004,0.018729686737060547,1.0477092266082764,1.0444704294204712,1.0552996397018433,64,0.14285714285714285,0.012816643342375755,0.012967823073267937,0.54
lakeside_beach,1,8,random_inpainting,0.888,397.88800000000003,0.5,0.010707459412515163,0.003988899290561676,0.004107599146664143,0.0037044535856693983,0.008455267176032066,0.008341820910573006,0.008727123960852623,1.0482202768325806,1.049031376838684,1.046276569366455,64,0.14285714285714285,0.005965953692793846,0.006164215039461851,0.54
sea_anemone,1,8,random_inpainting,0.888,397.88800000000003,0.5,0.010707459412515163,0.009201709181070328,0.009427502751350403,0.008658075705170631,0.01987377181649208,0.019930612295866013,0.019736913964152336,1.0600144863128662,1.064794898033142,1.04850435256958,64,0.14285714285714285,0.014225980266928673,0.014491444453597069,0.54
shetland_sheepdog,1,8,random_inpainting,0.888,397.88800000000003,0.5,0.010707459412515163,0.006135222967714071,0.006072581745684147,0.006270558573305607,0.01854960434138775,0.01842019520699978,0.018829192966222763,1.0350911617279053,1.0371935367584229,1.0305485725402832,64,0.14285714285714285,0.013170711696147919,0.013283826410770416,0.54
breastplate_armor,1,8,gaussian_blur,0.888,397.88800000000003,0.5,0.010707459412515163,0.17425177991390228,,,0.013356922194361687,,,1.0724656581878662,,,64,0.14285714285714285,0.00953033845871687,0.009762266650795937,0.54
crane_structure,1,8,gaussian_blur,0.888,397.88800000000003,0.5,0.010707459412515163,0.1976018249988556,,,0.02971784397959709,,,1.0582298040390015,,,64,0.14285714285714285,0.020731305703520775,0.02080717124044895,0.54
ibex_horns,1,8,gaussian_blur,0.888,397.88800000000003,0.5,0.010707459412515163,0.18024426698684692,,,0.04167955368757248,,,1.0656442642211914,,,64,0.14285714285714285,0.029359955340623856,0.029562493786215782,0.54
junco,1,8,gaussian_blur,0.888,397.88800000000003,0.5,0.010707459412515163,0.17177268862724304,,,0.018151618540287018,,,1.0477092266082764,,,64,0.14285714285714285,0.012816643342375755,0.012967823073267937,0.54
lakeside_beach,1,8,gaussian_blur,0.888,397.88800000000003,0.5,0.010707459412515163,0.16648738086223602,,,0.008455267176032066,,,1.0482202768325806,,,64,0.14285714285714285,0.005965953692793846,0.006164215039461851,0.54
sea_anemone,1,8,gaussian_blur,0.888,397.88800000000003,0.5,0.010707459412515163,0.15954691171646118,,,0.01987377181649208,,,1.0600144863128662,,,64,0.14285714285714285,0.014225980266928673,0.014491444453597069,0.54
shetland_sheepdog,1,8,gaussian_blur,0.888,397.88800000000003,0.5,0.010707459412515163,0.1689678132534027,,,0.01854960434138775,,,1.0350911617279053,,,64,0.14285714285714285,0.013170711696147919,0.013283826410770416,0.54
breastplate_armor,1,8,motion_blur,0.888,397.88800000000003,0.5,0.010707459412515163,0.13540339469909668,,,0.013356922194361687,,,1.0724656581878662,,,64,0.14285714285714285,0.00953033845871687,0.009762266650795937,0.54
crane_structure,1,8,motion_blur,0.888,397.88800000000003,0.5,0.010707459412515163,0.1767771691083908,,,0.02971784397959709,,,1.0582298040390015,,,64,0.14285714285714285,0.020731305703520775,0.02080717124044895,0.54
ibex_horns,1,8,motion_blur,0.888,397.88800000000003,0.5,0.010707459412515163,0.15888875722885132,,,0.04167955368757248,,,1.0656442642211914,,,64,0.14285714285714285,0.029359955340623856,0.029562493786215782,0.54
junco,1,8,motion_blur,0.888,397.88800000000003,0.5,0.010707459412515163,0.13657037913799286,,,0.018151618540287018,,,1.0477092266082764,,,64,0.14285714285714285,0.012816643342375755,0.012967823073267937,0.54
lakeside_beach,1,8,motion_blur,0.888,397.88800000000003,0.5,0.010707459412515163,0.12998495995998383,,,0.008455267176032066,,,1.0482202768325806,,,64,0.14285714285714285,0.005965953692793846,0.006164215039461851,0.54
sea_anemone,1,8,motion_blur,0.888,397.88800000000003,0.5,0.010707459412515163,0.13814198970794678,,,0.01987377181649208,,,1.0600144863128662,,,64,0.14285714285714285,0.014225980266928673,0.014491444453597069,0.54
shetland_sheepdog,1,8,motion_blur,0.888,397.88800000000003,0.5,0.010707459412515163,0.13415871560573578,,,0.01854960434138775,,,1.0350911617279053,,,64,0.14285714285714285,0.013170711696147919,0.013283826410770416,0.54
breastplate_armor,1,8,superresolution,0.888,397.88800000000003,0.5,0.010707459412515163,0.01952984742820263,,,0.013356922194361687,,,1.0724656581878662,,,64,0.14285714285714285,0.00953033845871687,0.009762266650795937,0.54
crane_structure,1,8,superresolution,0.888,397.88800000000003,0.5,0.010707459412515163,0.04492945596575737,,,0.02971784397959709,,,1.0582298040390015,,,64,0.14285714285714285,0.020731305703520775,0.02080717124044895,0.54
ibex_horns,1,8,superresolution,0.888,397.88800000000003,0.5,0.010707459412515163,0.031565554440021515,,,0.04167955368757248,,,1.0656442642211914,,,64,0.14285714285714285,0.029359955340623856,0.029562493786215782,0.54
junco,1,8,superresolution,0.888,397.88800000000003,0.5,0.010707459412515163,0.020762767642736435,,,0.018151618540287018,,,1.0477092266082764,,,64,0.14285714285714285,0.012816643342375755,0.012967823073267937,0.54
lakeside_beach,1,8,superresolution,0.888,397.88800000000003,0.5,0.010707459412515163,0.01784251257777214,,,0.008455267176032066,,,1.0482202768325806,,,64,0.14285714285714285,0.005965953692793846,0.006164215039461851,0.54
sea_anemone,1,8,superresolution,0.888,397.88800000000003,0.5,0.010707459412515163,0.019174257293343544,,,0.01987377181649208,,,1.0600144863128662,,,64,0.14285714285714285,0.014225980266928673,0.014491444453597069,0.54
shetland_sheepdog,1,8,superresolution,0.888,397.88800000000003,0.5,0.010707459412515163,0.01981557160615921,,,0.01854960434138775,,,1.0350911617279053,,,64,0.14285714285714285,0.013170711696147919,0.013283826410770416,0.54
breastplate_armor,1,9,box_inpainting,0.999,425.749,0.5,0.010580291040241718,0.23362474143505096,0.9231385588645935,0.003786772023886442,0.011396966874599457,0.009595043957233429,0.011997606605291367,1.067427396774292,1.0479594469070435,1.0739166736602783,64,0.14285714285714285,0.011338872835040092,0.011705974116921425,0.5003571428571428
crane_structure,1,9,box_inpainting,0.999,425.749,0.5,0.010580291040241718,0.2541612982749939,0.946561872959137,0.02336108312010765,0.025158410891890526,0.031273484230041504,0.023120053112506866,1.0504344701766968,1.0797184705734253,1.0406731367111206,64,0.14285714285714285,0.025075629353523254,0.025301111862063408,0.5003571428571428
ibex_horns,1,9,box_inpainting,0.999,425.749,0.5,0.010580291040241718,0.25036734342575073,0.9557684063911438,0.01523364707827568,0.03513813391327858,0.03418930992484093,0.0354544073343277,1.0525989532470703,1.0099343061447144,1.0668203830718994,64,0.14285714285714285,0.034638844430446625,0.03501036763191223,0.5003571428571428
junco,1,9,box_inpainting,0.999,425.749,0.5,0.010580291040241718,0.2201613485813141,0.8665583729743958,0.004695669747889042,0.013772009871900082,0.014654119499027729,0.013477972708642483,1.0424984693527222,1.013907551765442,1.0520286560058594,64,0.14285714285714285,0.013598969206213951,0.013910038396716118,0.5003571428571428
lakeside_beach,1,9,box_inpainting,0.999,425.749,0.5,0.010580291040241718,0.20697824656963348,0.8238226771354675,0.0013634428614750504,0.007547101937234402,0.01114893238991499,0.006346492096781731,1.0452954769134521,0.9807820916175842,1.0667997598648071,64,0.14285714285714285,0.0074411677196621895,0.007720659486949444,0.5003571428571428
sea_anemone,1,9,box_inpainting,0.999,425.749,0.5,0.010580291040241718,0.22849850356578827,0.9026878476142883,0.0037687073927372694,0.017290262505412102,0.02409033291041851,0.015023572370409966,1.05266273021698,1.0270534753799438,1.0611991882324219,64,0.14285714285714285,0.017165491357445717,0.01753268763422966,0.5003571428571428
shetland_sheepdog,1,9,box_inpainting,0.999,425.749,0.5,0.010580291040241718,0.21725718677043915,0.8596075177192688,0.003140426008030772,0.016003184020519257,0.017711004242300987,0.015433911234140396,1.0303378105163574,1.0007805824279785,1.0401902198791504,64,0.14285714285714285,0.015827007591724396,0.01596592739224434,0.5003571428571428
breastplate_armor,1,9,random_inpainting,0.999,425.749,0.5,0.010580291040241718,0.011290181428194046,0.010825586505234241,0.012387963943183422,0.011396966874599457,0.011400971561670303,0.01138750184327364,1.067427396774292,1.0764989852905273,1.0459920167922974,64,0.14285714285714285,0.011338872835040092,0.011705974116921425,0.5003571428571428
crane_structure,1,9,random_inpainting,0.999,425.749,0.5,0.010580291040241718,0.058287978172302246,0.059717971831560135,0.054857175797224045,0.025158410891890526,0.024248674511909485,0.027341026812791824,1.0504344701766968,1.0468395948410034,1.0590589046478271,64,0.14285714285714285,0.025075629353523254,0.025301111862063408,0.5003571428571428
ibex_horns,1,9,random_inpainting,0.999,425.749,0.5,0.010580291040241718,0.03308744728565216,0.03333575278520584,0.03251289576292038,0.03513813391327858,0.0339367613196373,0.03791801258921623,1.0525989532470703,1.056886911392212,1.0426770448684692,64,0.14285714285714285,0.034638844430446625,0.03501036763191223,0.5003571428571428
junco,1,9,random_inpainting,0.999,425.749,0.5,0.010580291040241718,0.008713356219232082,0.008610387332737446,0.00895467959344387,0.013772009871900082,0.01348735298961401,0.014439153485000134,1.0424984693527222,1.0393879413604736,1.049788236618042,64,0.14285714285714285,0.013598969206213951,0.013910038396716118,0.5003571428571428
lakeside_beach,1,9,random_inpainting,0.999,425.749,0.5,0.010580291040241718,0.003983519040048122,0.004101125057786703,0.0037016929127275944,0.007547101937234402,0.007421224843710661,0.007848747074604034,1.0452954769134521,1.0461708307266235,1.0431976318359375,64,0.14285714285714285,0.0074411677196621895,0.007720659486949444,0.5003571428571428
sea_anemone,1,9,random_inpainting,0.999,425.749,0.5,0.010580291040241718,0.009183408692479134,0.00940792541950941,0.008642846718430519,0.017290262505412102,0.017305435612797737,0.017253732308745384,1.05266273021698,1.0575757026672363,1.0408340692520142,64,0.14285714285714285,0.017165491357445717,0.01753268763422966,0.5003571428571428
shetland_sheepdog,1,9,random_inpainting,0.999,425.749,0.5,0.010580291040241718,0.0061246780678629875,0.00605968851596117,0.006265086121857166,0.016003184020519257,0.015829147771000862,0.016379186883568764,1.0303378105163574,1.032306432723999,1.0260844230651855,64,0.14285714285714285,0.015827007591724396,0.01596592739224434,0.5003571428571428
breastplate_armor,1,9,gaussian_blur,0.999,425.749,0.5,0.010580291040241718,0.1408010721206665,,,0.011396966874599457,,,1.067427396774292,,,64,0.14285714285714285,0.011338872835040092,0.011705974116921425,0.5003571428571428
crane_structure,1,9,gaussian_blur,0.999,425.749,0.5,0.010580291040241718,0.1616877019405365,,,0.025158410891890526,,,1.0504344701766968,,,64,0.14285714285714285,0.025075629353523254,0.025301111862063408,0.5003571428571428
ibex_horns,1,9,gaussian_blur,0.999,425.749,0.5,0.010580291040241718,0.1473253220319748,,,0.03513813391327858,,,1.0525989532470703,,,64,0.14285714285714285,0.034638844430446625,0.03501036763191223,0.5003571428571428
junco,1,9,gaussian_blur,0.999,425.749,0.5,0.010580291040241718,0.13821299374103546,,,0.013772009871900082,,,1.0424984693527222,,,64,0.14285714285714285,0.013598969206213951,0.013910038396716118,0.5003571428571428
lakeside_beach,1,9,gaussian_blur,0.999,425.749,0.5,0.010580291040241718,0.13375288248062134,,,0.007547101937234402,,,1.0452954769134521,,,64,0.14285714285714285,0.0074411677196621895,0.007720659486949444,0.5003571428571428
sea_anemone,1,9,gaussian_blur,0.999,425.749,0.5,0.010580291040241718,0.1291588991880417,,,0.017290262505412102,,,1.05266273021698,,,64,0.14285714285714285,0.017165491357445717,0.01753268763422966,0.5003571428571428
shetland_sheepdog,1,9,gaussian_blur,0.999,425.749,0.5,0.010580291040241718,0.13619038462638855,,,0.016003184020519257,,,1.0303378105163574,,,64,0.14285714285714285,0.015827007591724396,0.01596592739224434,0.5003571428571428
breastplate_armor,1,9,motion_blur,0.999,425.749,0.5,0.010580291040241718,0.12218178808689117,,,0.011396966874599457,,,1.067427396774292,,,64,0.14285714285714285,0.011338872835040092,0.011705974116921425,0.5003571428571428
crane_structure,1,9,motion_blur,0.999,425.749,0.5,0.010580291040241718,0.1603078693151474,,,0.025158410891890526,,,1.0504344701766968,,,64,0.14285714285714285,0.025075629353523254,0.025301111862063408,0.5003571428571428
ibex_horns,1,9,motion_blur,0.999,425.749,0.5,0.010580291040241718,0.14412012696266174,,,0.03513813391327858,,,1.0525989532470703,,,64,0.14285714285714285,0.034638844430446625,0.03501036763191223,0.5003571428571428
junco,1,9,motion_blur,0.999,425.749,0.5,0.010580291040241718,0.12337109446525574,,,0.013772009871900082,,,1.0424984693527222,,,64,0.14285714285714285,0.013598969206213951,0.013910038396716118,0.5003571428571428
lakeside_beach,1,9,motion_blur,0.999,425.749,0.5,0.010580291040241718,0.11666585505008698,,,0.007547101937234402,,,1.0452954769134521,,,64,0.14285714285714285,0.0074411677196621895,0.007720659486949444,0.5003571428571428
sea_anemone,1,9,motion_blur,0.999,425.749,0.5,0.010580291040241718,0.124383345246315,,,0.017290262505412102,,,1.05266273021698,,,64,0.14285714285714285,0.017165491357445717,0.01753268763422966,0.5003571428571428
shetland_sheepdog,1,9,motion_blur,0.999,425.749,0.5,0.010580291040241718,0.1209811121225357,,,0.016003184020519257,,,1.0303378105163574,,,64,0.14285714285714285,0.015827007591724396,0.01596592739224434,0.5003571428571428
breastplate_armor,1,9,superresolution,0.999,425.749,0.5,0.010580291040241718,0.019304564222693443,,,0.011396966874599457,,,1.067427396774292,,,64,0.14285714285714285,0.011338872835040092,0.011705974116921425,0.5003571428571428
crane_structure,1,9,superresolution,0.999,425.749,0.5,0.010580291040241718,0.04426557943224907,,,0.025158410891890526,,,1.0504344701766968,,,64,0.14285714285714285,0.025075629353523254,0.025301111862063408,0.5003571428571428
ibex_horns,1,9,superresolution,0.999,425.749,0.5,0.010580291040241718,0.031194057315587997,,,0.03513813391327858,,,1.0525989532470703,,,64,0.14285714285714285,0.034638844430446625,0.03501036763191223,0.5003571428571428
junco,1,9,superresolution,0.999,425.749,0.5,0.010580291040241718,0.020500143989920616,,,0.013772009871900082,,,1.0424984693527222,,,64,0.14285714285714285,0.013598969206213951,0.013910038396716118,0.5003571428571428
lakeside_beach,1,9,superresolution,0.999,425.749,0.5,0.010580291040241718,0.017635829746723175,,,0.007547101937234402,,,1.0452954769134521,,,64,0.14285714285714285,0.0074411677196621895,0.007720659486949444,0.5003571428571428
sea_anemone,1,9,superresolution,0.999,425.749,0.5,0.010580291040241718,0.018963463604450226,,,0.017290262505412102,,,1.05266273021698,,,64,0.14285714285714285,0.017165491357445717,0.01753268763422966,0.5003571428571428
shetland_sheepdog,1,9,superresolution,0.999,425.749,0.5,0.010580291040241718,0.019590754061937332,,,0.016003184020519257,,,1.0303378105163574,,,64,0.14285714285714285,0.015827007591724396,0.01596592739224434,0.5003571428571428
breastplate_armor,2,0,box_inpainting,0.0,426.0,0.75,0.011577649042010307,0.26069876551628113,1.0209603309631348,0.007278223056346178,0.019854510203003883,0.020482441410422325,0.019645199179649353,0.13834114372730255,0.13877426087856293,0.13819676637649536,128,0.3333333333333333,0.003459157422184944,0.0034635632764548063,0.6666666666666667
crane_structure,2,0,box_inpainting,0.0,426.0,0.75,0.011577649042010307,0.2917099893093109,1.1080029010772705,0.01961236260831356,0.04571788012981415,0.06233086809515953,0.04018022119998932,0.1649666726589203,0.18241655826568604,0.15915003418922424,128,0.3333333333333333,0.006088196765631437,0.006092425435781479,0.6666666666666667
ibex_horns,2,0,box_inpainting,0.0,426.0,0.75,0.011577649042010307,0.2697346806526184,1.0401926040649414,0.01291535422205925,0.046352580189704895,0.056642401963472366,0.04292263463139534,0.1629515290260315,0.17054635286331177,0.16041991114616394,128,0.3333333333333333,0.00799886416643858,0.007996706292033195,0.6666666666666667
junco,2,0,box_inpainting,0.0,426.0,0.75,0.011577649042010307,0.28138723969459534,1.1143985986709595,0.003716778475791216,0.022843440994620323,0.021765567362308502,0.02320273220539093,0.14362937211990356,0.14161233603954315,0.14430171251296997,128,0.3333333333333333,0.00466293515637517,0.004685640335083008,0.6666666666666667
lakeside_beach,2,0,box_inpainting,0.0,426.0,0.75,0.011577649042010307,0.2763838768005371,1.101494312286377,0.0013470702106133103,0.00852771382778883,0.011912371963262558,0.007399494294077158,0.1263940930366516,0.1293838769197464,0.12539750337600708,128,0.3333333333333333,0.0015699721407145262,0.0015870662173256278,0.6666666666666667
sea_anemone,2,0,box_inpainting,0.0,426.0,0.75,0.011577649042010307,0.26546257734298706,1.0442363023757935,0.005871309898793697,0.020011618733406067,0.024116190150380135,0.01864342950284481,0.13852669298648834,0.1379549354314804,0.13871727883815765,128,0.3333333333333333,0.003998854197561741,0.0040000369772315025,0.6666666666666667
shetland_sheepdog,2,0,box_inpainting,0.0,426.0,0.75,0.011577649042010307,0.26378679275512695,1.046926498413086,0.002740203170105815,0.020644959062337875,0.022509528324007988,0.020023435354232788,0.13627097010612488,0.13742026686668396,0.13588787615299225,128,0.3333333333333333,0.0042679188773036,0.004278372973203659,0.6666666666666667
breastplate_armor,2,0,random_inpainting,0.0,426.0,0.75,0.011577649042010307,1.2204062938690186,1.6524726152420044,0.19258913397789001,0.019854510203003883,0.019947485998272896,0.0196333359926939,0.13834114372730255,0.13955487310886383,0.13545383512973785,128,0.3333333333333333,0.003459157422184944,0.0034635632764548063,0.6666666666666667
crane_structure,2,0,random_inpainting,0.0,426.0,0.75,0.011577649042010307,2.0975899696350098,2.8157713413238525,0.4060470759868622,0.04571788012981415,0.04563101753592491,0.04592246934771538,0.1649666726589203,0.16424313187599182,0.1666707992553711,128,0.3333333333333333,0.006088196765631437,0.006092425435781479,0.6666666666666667
ibex_horns,2,0,random_inpainting,0.0,426.0,0.75,0.011577649042010307,1.736926794052124,2.3602664470672607,0.2597324550151825,0.046352580189704895,0.046122387051582336,0.04689808189868927,0.1629515290260315,0.1634097695350647,0.16186559200286865,128,0.3333333333333333,0.00799886416643858,0.007996706292033195,0.6666666666666667
junco,2,0,random_inpainting,0.0,426.0,0.75,0.011577649042010307,0.7141057848930359,0.9830211400985718,0.0860527828335762,0.022843440994620323,0.022991610690951347,0.022497383877635002,0.14362937211990356,0.14333787560462952,0.1443101167678833,128,0.3333333333333333,0.00466293515637517,0.004685640335083008,0.6666666666666667
lakeside_beach,2,0,random_inpainting,0.0,426.0,0.75,0.011577649042010307,0.6895133852958679,0.9381292462348938,0.10343196243047714,0.00852771382778883,0.00846417248249054,0.008677505888044834,0.1263940930366516,0.12617067992687225,0.12692072987556458,128,0.3333333333333333,0.0015699721407145262,0.0015870662173256278,0.6666666666666667
sea_anemone,2,0,random_inpainting,0.0,426.0,0.75,0.011577649042010307,1.0437185764312744,1.4247082471847534,0.14058272540569305,0.020011618733406067,0.020005028694868088,0.020027244463562965,0.13852669298648834,0.13895250856876373,0.1375173032283783,128,0.3333333333333333,0.003998854197561741,0.0040000369772315025,0.6666666666666667
shetland_sheepdog,2,0,random_inpainting,0.0,426.0,0.75,0.011577649042010307,0.5226404666900635,0.7253289818763733,0.06590711325407028,0.020644959062337875,0.020484549924731255,0.02100641280412674,0.13627097010612488,0.1364365965127945,0.1358977109193802,128,0.3333333333333333,0.0042679188773036,0.004278372973203659,0.6666666666666667
breastplate_armor,2,0,gaussian_blur,0.0,426.0,0.75,0.011577649042010307,3.308332920074463,,,0.019854510203003883,,,0.13834114372730255,,,128,0.3333333333333333,0.003459157422184944,0.0034635632764548063,0.6666666666666667
crane_structure,2,0,gaussian_blur,0.0,426.0,0.75,0.011577649042010307,3.1671645641326904,,,0.04571788012981415,,,0.1649666726589203,,,128,0.3333333333333333,0.006088196765631437,0.006092425435781479,0.6666666666666667
ibex_horns,2,0,gaussian_blur,0.0,426.0,0.75,0.011577649042010307,3.2078940868377686,,,0.046352580189704895,,,0.1629515290260315,,,128,0.3333333333333333,0.00799886416643858,0.007996706292033195,0.6666666666666667
junco,2,0,gaussian_blur,0.0,426.0,0.75,0.011577649042010307,3.2897701263427734,,,0.022843440994620323,,,0.14362937211990356,,,128,0.3333333333333333,0.00466293515637517,0.004685640335083008,0.6666666666666667
lakeside_beach,2,0,gaussian_blur,0.0,426.0,0.75,0.011577649042010307,3.308408498764038,,,0.00852771382778883,,,0.1263940930366516,,,128,0.3333333333333333,0.0015699721407145262,0.0015870662173256278,0.6666666666666667
sea_anemone,2,0,gaussian_blur,0.0,426.0,0.75,0.011577649042010307,3.2538108825683594,,,0.020011618733406067,,,0.13852669298648834,,,128,0.3333333333333333,0.003998854197561741,0.0040000369772315025,0.6666666666666667
shetland_sheepdog,2,0,gaussian_blur,0.0,426.0,0.75,0.011577649042010307,3.276888608932495,,,0.020644959062337875,,,0.13627097010612488,,,128,0.3333333333333333,0.0042679188773036,0.004278372973203659,0.6666666666666667
breastplate_armor,2,0,motion_blur,0.0,426.0,0.75,0.011577649042010307,2.4249773025512695,,,0.019854510203003883,,,0.13834114372730255,,,128,0.3333333333333333,0.003459157422184944,0.0034635632764548063,0.6666666666666667
crane_structure,2,0,motion_blur,0.0,426.0,0.75,0.011577649042010307,2.441603660583496,,,0.04571788012981415,,,0.1649666726589203,,,128,0.3333333333333333,0.006088196765631437,0.006092425435781479,0.6666666666666667
ibex_horns,2,0,motion_blur,0.0,426.0,0.75,0.011577649042010307,2.425495147705078,,,0.046352580189704895,,,0.1629515290260315,,,128,0.3333333333333333,0.00799886416643858,0.007996706292033195,0.6666666666666667
junco,2,0,motion_blur,0.0,426.0,0.75,0.011577649042010307,2.4190003871917725,,,0.022843440994620323,,,0.14362937211990356,,,128,0.3333333333333333,0.00466293515637517,0.004685640335083008,0.6666666666666667
lakeside_beach,2,0,motion_blur,0.0,426.0,0.75,0.011577649042010307,2.4260594844818115,,,0.00852771382778883,,,0.1263940930366516,,,128,0.3333333333333333,0.0015699721407145262,0.0015870662173256278,0.6666666666666667
sea_anemone,2,0,motion_blur,0.0,426.0,0.75,0.011577649042010307,2.424457311630249,,,0.020011618733406067,,,0.13852669298648834,,,128,0.3333333333333333,0.003998854197561741,0.0040000369772315025,0.6666666666666667
shetland_sheepdog,2,0,motion_blur,0.0,426.0,0.75,0.011577649042010307,2.4198784828186035,,,0.020644959062337875,,,0.13627097010612488,,,128,0.3333333333333333,0.0042679188773036,0.004278372973203659,0.6666666666666667
breastplate_armor,2,0,superresolution,0.0,426.0,0.75,0.011577649042010307,15.173603057861328,,,0.019854510203003883,,,0.13834114372730255,,,128,0.3333333333333333,0.003459157422184944,0.0034635632764548063,0.6666666666666667
crane_structure,2,0,superresolution,0.0,426.0,0.75,0.011577649042010307,15.269710540771484,,,0.04571788012981415,,,0.1649666726589203,,,128,0.3333333333333333,0.006088196765631437,0.006092425435781479,0.6666666666666667
ibex_horns,2,0,superresolution,0.0,426.0,0.75,0.011577649042010307,14.251907348632812,,,0.046352580189704895,,,0.1629515290260315,,,128,0.3333333333333333,0.00799886416643858,0.007996706292033195,0.6666666666666667
junco,2,0,superresolution,0.0,426.0,0.75,0.011577649042010307,15.23687744140625,,,0.022843440994620323,,,0.14362937211990356,,,128,0.3333333333333333,0.00466293515637517,0.004685640335083008,0.6666666666666667
lakeside_beach,2,0,superresolution,0.0,426.0,0.75,0.011577649042010307,14.830092430114746,,,0.00852771382778883,,,0.1263940930366516,,,128,0.3333333333333333,0.0015699721407145262,0.0015870662173256278,0.6666666666666667
sea_anemone,2,0,superresolution,0.0,426.0,0.75,0.011577649042010307,15.224990844726562,,,0.020011618733406067,,,0.13852669298648834,,,128,0.3333333333333333,0.003998854197561741,0.0040000369772315025,0.6666666666666667
shetland_sheepdog,2,0,superresolution,0.0,426.0,0.75,0.011577649042010307,14.742030143737793,,,0.020644959062337875,,,0.13627097010612488,,,128,0.3333333333333333,0.0042679188773036,0.004278372973203659,0.6666666666666667
breastplate_armor,2,1,box_inpainting,0.111,458.523,0.75,0.011458246037364006,10.132331848144531,40.50749206542969,0.007277223747223616,0.01800214871764183,0.01844506897032261,0.017854508012533188,0.13592521846294403,0.13616089522838593,0.13584665954113007,128,0.3333333333333333,0.00460684671998024,0.004609251394867897,0.6204166666666668
crane_structure,2,1,box_inpainting,0.111,458.523,0.75,0.011458246037364006,10.20536994934082,40.76265335083008,0.019608965143561363,0.04020555317401886,0.05667459964752197,0.03471587225794792,0.15724429488182068,0.17469607293605804,0.1514270305633545,128,0.3333333333333333,0.007680191658437252,0.007687439676374197,0.6204166666666668
ibex_horns,2,1,box_inpainting,0.111,458.523,0.75,0.011458246037364006,10.22735595703125,40.87068557739258,0.012913420796394348,0.039630185812711716,0.04853397607803345,0.036662258207798004,0.15532582998275757,0.1618758887052536,0.15314248204231262,128,0.3333333333333333,0.010011188685894012,0.010013219900429249,0.6204166666666668
junco,2,1,box_inpainting,0.111,458.523,0.75,0.011458246037364006,10.029462814331055,40.1067008972168,0.0037159903440624475,0.015642626211047173,0.016170214861631393,0.015466762706637383,0.13571196794509888,0.13455481827259064,0.13609766960144043,128,0.3333333333333333,0.004571503959596157,0.004605726804584265,0.6204166666666668
lakeside_beach,2,1,box_inpainting,0.111,458.523,0.75,0.011458246037364006,9.84001636505127,39.356021881103516,0.0013475060695782304,0.007832556031644344,0.011640620417892933,0.006563200615346432,0.12625935673713684,0.1294078379869461,0.12520986795425415,128,0.3333333333333333,0.002143427962437272,0.0021713501773774624,0.6204166666666668
sea_anemone,2,1,box_inpainting,0.111,458.523,0.75,0.011458246037364006,10.140040397644043,40.54254913330078,0.005870855413377285,0.017138686031103134,0.020288631319999695,0.016088703647255898,0.1369848996400833,0.13578230142593384,0.1373857706785202,128,0.3333333333333333,0.005026009865105152,0.005040979944169521,0.6204166666666668
shetland_sheepdog,2,1,box_inpainting,0.111,458.523,0.75,0.011458246037364006,9.9992036819458,39.988590240478516,0.0027399626560509205,0.017165889963507652,0.018222732469439507,0.01681360974907875,0.133995920419693,0.1345013827085495,0.13382743299007416,128,0.3333333333333333,0.005208585411310196,0.005233108997344971,0.6204166666666668
breastplate_armor,2,1,random_inpainting,0.111,458.523,0.75,0.011458246037364006,1.008589506149292,1.3650039434432983,0.16073620319366455,0.01800214871764183,0.01811353676021099,0.017737168818712234,0.13592521846294403,0.13713982701301575,0.13303586840629578,128,0.3333333333333333,0.00460684671998024,0.004609251394867897,0.6204166666666668
crane_structure,2,1,random_inpainting,0.111,458.523,0.75,0.011458246037364006,1.6624374389648438,2.2320713996887207,0.3207707107067108,0.04020555317401886,0.04020373523235321,0.040209829807281494,0.15724429488182068,0.15669207274913788,0.15854491293430328,128,0.3333333333333333,0.007680191658437252,0.007687439676374197,0.6204166666666668
ibex_horns,2,1,random_inpainting,0.111,458.523,0.75,0.011458246037364006,1.3270695209503174,1.799699068069458,0.20702877640724182,0.039630185812711716,0.03950580209493637,0.03992496058344841,0.15532582998275757,0.1558695286512375,0.15403740108013153,128,0.3333333333333333,0.010011188685894012,0.010013219900429249,0.6204166666666668
junco,2,1,random_inpainting,0.111,458.523,0.75,0.011458246037364006,0.5891776084899902,0.809194028377533,0.07532820105552673,0.015642626211047173,0.015968844294548035,0.014880742877721786,0.13571196794509888,0.1356225460767746,0.13592080771923065,128,0.3333333333333333,0.004571503959596157,0.004605726804584265,0.6204166666666668
lakeside_beach,2,1,random_inpainting,0.111,458.523,0.75,0.011458246037364006,0.5890921950340271,0.8034623861312866,0.08374092727899551,0.007832556031644344,0.0077803959138691425,0.007955514825880527,0.12625935673713684,0.12607310712337494,0.12669840455055237,128,0.3333333333333333,0.002143427962437272,0.0021713501773774624,0.6204166666666668
sea_anemone,2,1,random_inpainting,0.111,458.523,0.75,0.011458246037364006,0.8571641445159912,1.1678744554519653,0.12062519043684006,0.017138686031103134,0.017142776399850845,0.017128990963101387,0.1369848996400833,0.13739553093910217,0.13601146638393402,128,0.3333333333333333,0.005026009865105152,0.005040979944169521,0.6204166666666668
shetland_sheepdog,2,1,random_inpainting,0.111,458.523,0.75,0.011458246037364006,0.47964584827423096,0.6647144556045532,0.06261679530143738,0.017165889963507652,0.017004279419779778,0.017530057579278946,0.133995920419693,0.13407158851623535,0.13382546603679657,128,0.3333333333333333,0.005208585411310196,0.005233108997344971,0.6204166666666668
breastplate_armor,2,1,gaussian_blur,0.111,458.523,0.75,0.011458246037364006,12.320404052734375,,,0.01800214871764183,,,0.13592521846294403,,,128,0.3333333333333333,0.00460684671998024,0.004609251394867897,0.6204166666666668
crane_structure,2,1,gaussian_blur,0.111,458.523,0.75,0.011458246037364006,11.876228332519531,,,0.04020555317401886,,,0.15724429488182068,,,128,0.3333333333333333,0.007680191658437252,0.007687439676374197,0.6204166666666668
ibex_horns,2,1,gaussian_blur,0.111,458.523,0.75,0.011458246037364006,11.9954833984375,,,0.039630185812711716,,,0.15532582998275757,,,128,0.3333333333333333,0.010011188685894012,0.010013219900429249,0.6204166666666668
junco,2,1,gaussian_blur,0.111,458.523,0.75,0.011458246037364006,12.341413497924805,,,0.015642626211047173,,,0.13571196794509888,,,128,0.3333333333333333,0.004571503959596157,0.004605726804584265,0.6204166666666668
lakeside_beach,2,1,gaussian_blur,0.111,458.523,0.75,0.011458246037364006,12.295236587524414,,,0.007832556031644344,,,0.12625935673713684,,,128,0.3333333333333333,0.002143427962437272,0.0021713501773774624,0.6204166666666668
sea_anemone,2,1,gaussian_blur,0.111,458.523,0.75,0.011458246037364006,12.342061996459961,,,0.017138686031103134,,,0.1369848996400833,,,128,0.3333333333333333,0.005026009865105152,0.005040979944169521,0.6204166666666668
shetland_sheepdog,2,1,gaussian_blur,0.111,458.523,0.75,0.011458246037364006,12.10205364227295,,,0.017165889963507652,,,0.133995920419693,,,128,0.3333333333333333,0.005208585411310196,0.005233108997344971,0.6204166666666668
breastplate_armor,2,1,motion_blur,0.111,458.523,0.75,0.011458246037364006,2.273327350616455,,,0.01800214871764183,,,0.13592521846294403,,,128,0.3333333333333333,0.00460684671998024,0.004609251394867897,0.6204166666666668
crane_structure,2,1,motion_blur,0.111,458.523,0.75,0.011458246037364006,2.267479658126831,,,0.04020555317401886,,,0.15724429488182068,,,128,0.3333333333333333,0.007680191658437252,0.007687439676374197,0.6204166666666668
ibex_horns,2,1,motion_blur,0.111,458.523,0.75,0.011458246037364006,2.2774527072906494,,,0.039630185812711716,,,0.15532582998275757,,,128,0.3333333333333333,0.010011188685894012,0.010013219900429249,0.6204166666666668
junco,2,1,motion_blur,0.111,458.523,0.75,0.011458246037364006,2.2512125968933105,,,0.015642626211047173,,,0.13571196794509888,,,128,0.3333333333333333,0.004571503959596157,0.004605726804584265,0.6204166666666668
lakeside_beach,2,1,motion_blur,0.111,458.523,0.75,0.011458246037364006,2.2330987453460693,,,0.007832556031644344,,,0.12625935673713684,,,128,0.3333333333333333,0.002143427962437272,0.0021713501773774624,0.6204166666666668
sea_anemone,2,1,motion_blur,0.111,458.523,0.75,0.011458246037364006,2.2558703422546387,,,0.017138686031103134,,,0.1369848996400833,,,128,0.3333333333333333,0.005026009865105152,0.005040979944169521,0.6204166666666668
shetland_sheepdog,2,1,motion_blur,0.111,458.523,0.75,0.011458246037364006,2.255148410797119,,,0.017165889963507652,,,0.133995920419693,,,128,0.3333333333333333,0.005208585411310196,0.005233108997344971,0.6204166666666668
breastplate_armor,2,1,superresolution,0.111,458.523,0.75,0.011458246037364006,32.806026458740234,,,0.01800214871764183,,,0.13592521846294403,,,128,0.3333333333333333,0.00460684671998024,0.004609251394867897,0.6204166666666668
crane_structure,2,1,superresolution,0.111,458.523,0.75,0.011458246037364006,32.741973876953125,,,0.04020555317401886,,,0.15724429488182068,,,128,0.3333333333333333,0.007680191658437252,0.007687439676374197,0.6204166666666668
ibex_horns,2,1,superresolution,0.111,458.523,0.75,0.011458246037364006,32.500038146972656,,,0.039630185812711716,,,0.15532582998275757,,,128,0.3333333333333333,0.010011188685894012,0.010013219900429249,0.6204166666666668
junco,2,1,superresolution,0.111,458.523,0.75,0.011458246037364006,32.909912109375,,,0.015642626211047173,,,0.13571196794509888,,,128,0.3333333333333333,0.004571503959596157,0.004605726804584265,0.6204166666666668
lakeside_beach,2,1,superresolution,0.111,458.523,0.75,0.011458246037364006,32.26044845581055,,,0.007832556031644344,,,0.12625935673713684,,,128,0.3333333333333333,0.002143427962437272,0.0021713501773774624,0.6204166666666668
sea_anemone,2,1,superresolution,0.111,458.523,0.75,0.011458246037364006,32.84025192260742,,,0.017138686031103134,,,0.1369848996400833,,,128,0.3333333333333333,0.005026009865105152,0.005040979944169521,0.6204166666666668
shetland_sheepdog,2,1,superresolution,0.111,458.523,0.75,0.011458246037364006,32.105045318603516,,,0.017165889963507652,,,0.133995920419693,,,128,0.3333333333333333,0.005208585411310196,0.005233108997344971,0.6204166666666668
breastplate_armor,2,2,box_inpainting,0.222,491.046,0.75,0.011648545041680336,2.2528693675994873,8.989656448364258,0.007273570634424686,0.016539661213755608,0.01670811139047146,0.01648350991308689,0.13397543132305145,0.1340426206588745,0.1339530199766159,128,0.3333333333333333,0.006263568997383118,0.0062646931037306786,0.5741666666666667
crane_structure,2,2,box_inpainting,0.222,491.046,0.75,0.011648545041680336,2.2862813472747803,9.086344718933105,0.019593510776758194,0.03439756855368614,0.05098164081573486,0.028869539499282837,0.15138950943946838,0.1686747521162033,0.14562773704528809,128,0.3333333333333333,0.010065102949738503,0.01008923165500164,0.5741666666666667
ibex_horns,2,2,box_inpainting,0.222,491.046,0.75,0.011648545041680336,2.2780978679656982,9.073670387268066,0.012907188385725021,0.03428129851818085,0.04206681251525879,0.03168612718582153,0.14974910020828247,0.15544556081295013,0.14785027503967285,128,0.3333333333333333,0.012822439894080162,0.012833505868911743,0.5741666666666667
junco,2,2,box_inpainting,0.222,491.046,0.75,0.011648545041680336,2.237109661102295,8.937301635742188,0.0037126068491488695,0.012854047119617462,0.013728008605539799,0.012562725692987442,0.13225093483924866,0.13186882436275482,0.13237828016281128,128,0.3333333333333333,0.005485976114869118,0.0055254134349524975,0.5741666666666667
lakeside_beach,2,2,box_inpainting,0.222,491.046,0.75,0.011648545041680336,2.1932437419891357,8.768932342529297,0.0013477092143148184,0.007099456619471312,0.010951492935419083,0.005815444048494101,0.12558093667030334,0.12846125662326813,0.12462081015110016,128,0.3333333333333333,0.0029207365587353706,0.0029645327012985945,0.5741666666666667
sea_anemone,2,2,box_inpainting,0.222,491.046,0.75,0.011648545041680336,2.25935697555542,9.019821166992188,0.005868475418537855,0.01485985703766346,0.016773832961916924,0.014221863821148872,0.13458150625228882,0.13281457126140594,0.13517047464847565,128,0.3333333333333333,0.006393273826688528,0.006423204205930233,0.5741666666666667
shetland_sheepdog,2,2,box_inpainting,0.222,491.046,0.75,0.011648545041680336,2.2238409519195557,8.88714599609375,0.0027392974589020014,0.01441871002316475,0.015106968581676483,0.014189289882779121,0.13126742839813232,0.13158448040485382,0.13116174936294556,128,0.3333333333333333,0.006399678997695446,0.006439833901822567,0.5741666666666667
breastplate_armor,2,2,random_inpainting,0.222,491.046,0.75,0.011648545041680336,0.6146416664123535,0.8283484578132629,0.10626725107431412,0.016539661213755608,0.016661792993545532,0.016249127686023712,0.13397543132305145,0.13516360521316528,0.13114893436431885,128,0.3333333333333333,0.006263568997383118,0.0062646931037306786,0.5741666666666667
crane_structure,2,2,random_inpainting,0.222,491.046,0.75,0.011648545041680336,1.035992980003357,1.3864880800247192,0.210466668009758,0.03439756855368614,0.03429438918828964,0.03464057669043541,0.15138950943946838,0.15086771547794342,0.15261845290660858,128,0.3333333333333333,0.010065102949738503,0.01008923165500164,0.5741666666666667
ibex_horns,2,2,random_inpainting,0.222,491.046,0.75,0.011648545041680336,0.8010756373405457,1.080065369606018,0.13992390036582947,0.03428129851818085,0.03415284305810928,0.034585706889629364,0.14974910020828247,0.15029233694076538,0.1484616994857788,128,0.3333333333333333,0.012822439894080162,0.012833505868911743,0.5741666666666667
junco,2,2,random_inpainting,0.222,491.046,0.75,0.011648545041680336,0.3479101359844208,0.47578099370002747,0.04926714301109314,0.012854047119617462,0.013135584071278572,0.012196516618132591,0.13225093483924866,0.1321985125541687,0.13237331807613373,128,0.3333333333333333,0.005485976114869118,0.0055254134349524975,0.5741666666666667
lakeside_beach,2,2,random_inpainting,0.222,491.046,0.75,0.011648545041680336,0.35199737548828125,0.480119913816452,0.04996424540877342,0.007099456619471312,0.007066417019814253,0.007177341263741255,0.12558093667030334,0.12541568279266357,0.12597042322158813,128,0.3333333333333333,0.0029207365587353706,0.0029645327012985945,0.5741666666666667
sea_anemone,2,2,random_inpainting,0.222,491.046,0.75,0.011648545041680336,0.5249075293540955,0.7111274600028992,0.0834730938076973,0.01485985703766346,0.01489208359271288,0.014783462509512901,0.13458150625228882,0.1349792778491974,0.13363859057426453,128,0.3333333333333333,0.006393273826688528,0.006423204205930233,0.5741666666666667
shetland_sheepdog,2,2,random_inpainting,0.222,491.046,0.75,0.011648545041680336,0.29218789935112,0.40371474623680115,0.040875982493162155,0.01441871002316475,0.014254901558160782,0.014787832275032997,0.13126742839813232,0.13132260739803314,0.13114304840564728,128,0.3333333333333333,0.006399678997695446,0.006439833901822567,0.5741666666666667
breastplate_armor,2,2,gaussian_blur,0.222,491.046,0.75,0.011648545041680336,6.731168270111084,,,0.016539661213755608,,,0.13397543132305145,,,128,0.3333333333333333,0.006263568997383118,0.0062646931037306786,0.5741666666666667
crane_structure,2,2,gaussian_blur,0.222,491.046,0.75,0.011648545041680336,6.702780723571777,,,0.03439756855368614,,,0.15138950943946838,,,128,0.3333333333333333,0.010065102949738503,0.01008923165500164,0.5741666666666667
ibex_horns,2,2,gaussian_blur,0.222,491.046,0.75,0.011648545041680336,6.684152126312256,,,0.03428129851818085,,,0.14974910020828247,,,128,0.3333333333333333,0.012822439894080162,0.012833505868911743,0.5741666666666667
junco,2,2,gaussian_blur,0.222,491.046,0.75,0.011648545041680336,6.744552135467529,,,0.012854047119617462,,,0.13225093483924866,,,128,0.3333333333333333,0.005485976114869118,0.0055254134349524975,0.5741666666666667
lakeside_beach,2,2,gaussian_blur,0.222,491.046,0.75,0.011648545041680336,6.6514892578125,,,0.007099456619471312,,,0.12558093667030334,,,128,0.3333333333333333,0.0029207365587353706,0.0029645327012985945,0.5741666666666667
sea_anemone,2,2,gaussian_blur,0.222,491.046,0.75,0.011648545041680336,6.74154806137085,,,0.01485985703766346,,,0.13458150625228882,,,128,0.3333333333333333,0.006393273826688528,0.006423204205930233,0.5741666666666667
shetland_sheepdog,2,2,gaussian_blur,0.222,491.046,0.75,0.011648545041680336,6.615607261657715,,,0.01441871002316475,,,0.13126742839813232,,,128,0.3333333333333333,0.006399678997695446,0.006439833901822567,0.5741666666666667
breastplate_armor,2,2,motion_blur,0.222,491.046,0.75,0.011648545041680336,1.6933255195617676,,,0.016539661213755608,,,0.13397543132305145,,,128,0.3333333333333333,0.006263568997383118,0.0062646931037306786,0.5741666666666667
crane_structure,2,2,motion_blur,0.222,491.046,0.75,0.011648545041680336,1.6917047500610352,,,0.03439756855368614,,,0.15138950943946838,,,128,0.3333333333333333,0.010065102949738503,0.01008923165500164,0.5741666666666667
ibex_horns,2,2,motion_blur,0.222,491.046,0.75,0.011648545041680336,1.6994894742965698,,,0.03428129851818085,,,0.14974910020828247,,,128,0.3333333333333333,0.012822439894080162,0.012833505868911743,0.5741666666666667
junco,2,2,motion_blur,0.222,491.046,0.75,0.011648545041680336,1.6874403953552246,,,0.012854047119617462,,,0.13225093483924866,,,128,0.3333333333333333,0.005485976114869118,0.0055254134349524975,0.5741666666666667
lakeside_beach,2,2,motion_blur,0.222,491.046,0.75,0.011648545041680336,1.6619908809661865,,,0.007099456619471312,,,0.12558093667030334,,,128,0.3333333333333333,0.0029207365587353706,0.0029645327012985945,0.5741666666666667
sea_anemone,2,2,motion_blur,0.222,491.046,0.75,0.011648545041680336,1.676467776298523,,,0.01485985703766346,,,0.13458150625228882,,,128,0.3333333333333333,0.006393273826688528,0.006423204205930233,0.5741666666666667
shetland_sheepdog,2,2,motion_blur,0.222,491.046,0.75,0.011648545041680336,1.6782653331756592,,,0.01441871002316475,,,0.13126742839813232,,,128,0.3333333333333333,0.006399678997695446,0.006439833901822567,0.5741666666666667
breastplate_armor,2,2,superresolution,0.222,491.046,0.75,0.011648545041680336,7.848868370056152,,,0.016539661213755608,,,0.13397543132305145,,,128,0.3333333333333333,0.006263568997383118,0.0062646931037306786,0.5741666666666667
crane_structure,2,2,superresolution,0.222,491.046,0.75,0.011648545041680336,7.841411113739014,,,0.03439756855368614,,,0.15138950943946838,,,128,0.3333333333333333,0.010065102949738503,0.01008923165500164,0.5741666666666667
ibex_horns,2,2,superresolution,0.222,491.046,0.75,0.011648545041680336,7.777537822723389,,,0.03428129851818085,,,0.14974910020828247,,,128,0.3333333333333333,0.012822439894080162,0.012833505868911743,0.5741666666666667
junco,2,2,superresolution,0.222,491.046,0.75,0.011648545041680336,7.894223690032959,,,0.012854047119617462,,,0.13225093483924866,,,128,0.3333333333333333,0.005485976114869118,0.0055254134349524975,0.5741666666666667
lakeside_beach,2,2,superresolution,0.222,491.046,0.75,0.011648545041680336,7.717657089233398,,,0.007099456619471312,,,0.12558093667030334,,,128,0.3333333333333333,0.0029207365587353706,0.0029645327012985945,0.5741666666666667
sea_anemone,2,2,superresolution,0.222,491.046,0.75,0.011648545041680336,7.8578925132751465,,,0.01485985703766346,,,0.13458150625228882,,,128,0.3333333333333333,0.006393273826688528,0.006423204205930233,0.5741666666666667
shetland_sheepdog,2,2,superresolution,0.222,491.046,0.75,0.011648545041680336,7.683096885681152,,,0.01441871002316475,,,0.13126742839813232,,,128,0.3333333333333333,0.006399678997695446,0.006439833901822567,0.5741666666666667
breastplate_armor,2,3,box_inpainting,0.333,523.569,0.75,0.011883500963449478,0.8857356905937195,3.5211455821990967,0.007265615742653608,0.015165600925683975,0.0150598781183362,0.015200842171907425,0.1320287436246872,0.13206042349338531,0.13201816380023956,128,0.3333333333333333,0.008608441799879074,0.0086087416857481,0.5279166666666668
crane_structure,2,3,box_inpainting,0.333,523.569,0.75,0.011883500963449478,0.9115998148918152,3.5877151489257812,0.019561324268579483,0.028408503159880638,0.04362105205655098,0.023337652906775475,0.14498135447502136,0.16095221042633057,0.13965770602226257,128,0.3333333333333333,0.013308487832546234,0.01335006020963192,0.5279166666666668
ibex_horns,2,3,box_inpainting,0.333,523.569,0.75,0.011883500963449478,0.8973302841186523,3.5506372451782227,0.012894699349999428,0.029236286878585815,0.034793153405189514,0.027383998036384583,0.14429353177547455,0.14827583730220795,0.1429661065340042,128,0.3333333333333333,0.016407448798418045,0.016432765871286392,0.5279166666666668
junco,2,3,box_inpainting,0.333,523.569,0.75,0.011883500963449478,0.8815186023712158,3.514953851699829,0.003706744872033596,0.010563666000962257,0.011654992587864399,0.010199889540672302,0.1302201896905899,0.13052359223365784,0.13011904060840607,128,0.3333333333333333,0.006590751465409994,0.006675874348729849,0.5279166666666668
lakeside_beach,2,3,box_inpainting,0.333,523.569,0.75,0.011883500963449478,0.8631496429443359,3.4485559463500977,0.001347529236227274,0.006312207784503698,0.009893478825688362,0.005118450149893761,0.12479148805141449,0.12719710171222687,0.12398959696292877,128,0.3333333333333333,0.0039256662130355835,0.003998469561338425,0.5279166666666668
sea_anemone,2,3,box_inpainting,0.333,523.569,0.75,0.011883500963449478,0.8882120847702026,3.5352582931518555,0.00586329773068428,0.012901045382022858,0.014046039432287216,0.012519381009042263,0.13248074054718018,0.1306285709142685,0.13309812545776367,128,0.3333333333333333,0.008151980116963387,0.008210143074393272,0.5279166666666668
shetland_sheepdog,2,3,box_inpainting,0.333,523.569,0.75,0.011883500963449478,0.8729740381240845,3.4836816787719727,0.0027380739338696003,0.012262774631381035,0.012600096873939037,0.01215033233165741,0.12888231873512268,0.12905475497245789,0.12882483005523682,128,0.3333333333333333,0.007992490194737911,0.008054586127400398,0.5279166666666668
breastplate_armor,2,3,random_inpainting,0.333,523.569,0.75,0.011883500963449478,0.3755090832710266,0.5028052926063538,0.07269156724214554,0.015165600925683975,0.015275326557457447,0.01490457821637392,0.1320287436246872,0.13315339386463165,0.1293533742427826,128,0.3333333333333333,0.008608441799879074,0.0086087416857481,0.5279166666666668
crane_structure,2,3,random_inpainting,0.333,523.569,0.75,0.011883500963449478,0.649434506893158,0.8624848127365112,0.14763396978378296,0.028408503159880638,0.028334839269518852,0.02858198992908001,0.14498135447502136,0.14452224969863892,0.14606262743473053,128,0.3333333333333333,0.013308487832546234,0.01335006020963192,0.5279166666666668
ibex_horns,2,3,random_inpainting,0.333,523.569,0.75,0.011883500963449478,0.5064616799354553,0.6771435141563416,0.10197865962982178,0.029236286878585815,0.029112063348293304,0.029530666768550873,0.14429353177547455,0.14481253921985626,0.14306357502937317,128,0.3333333333333333,0.016407448798418045,0.016432765871286392,0.5279166666666668
junco,2,3,random_inpainting,0.333,523.569,0.75,0.011883500963449478,0.20544898509979248,0.2792406976222992,0.033108148723840714,0.010563666000962257,0.010803628712892532,0.010003231465816498,0.1302201896905899,0.13010793924331665,0.13048231601715088,128,0.3333333333333333,0.006590751465409994,0.006675874348729849,0.5279166666666668
lakeside_beach,2,3,random_inpainting,0.333,523.569,0.75,0.011883500963449478,0.20743781328201294,0.28211015462875366,0.03140697255730629,0.006312207784503698,0.006291091907769442,0.0063619851134717464,0.12479148805141449,0.12462940067052841,0.12517353892326355,128,0.3333333333333333,0.0039256662130355835,0.003998469561338425,0.5279166666666668
sea_anemone,2,3,random_inpainting,0.333,523.569,0.75,0.011883500963449478,0.3170344829559326,0.4264826774597168,0.05758753791451454,0.012901045382022858,0.012912595644593239,0.012873667292296886,0.13248074054718018,0.13284191489219666,0.13162454962730408,128,0.3333333333333333,0.008151980116963387,0.008210143074393272,0.5279166666666668
shetland_sheepdog,2,3,random_inpainting,0.333,523.569,0.75,0.011883500963449478,0.17202363908290863,0.2364940643310547,0.026747502386569977,0.012262774631381035,0.01211596466600895,0.012593589723110199,0.12888231873512268,0.12894520163536072,0.12874062359333038,128,0.3333333333333333,0.007992490194737911,0.008054586127400398,0.5279166666666668
breastplate_armor,2,3,gaussian_blur,0.333,523.569,0.75,0.011883500963449478,2.8641862869262695,,,0.015165600925683975,,,0.1320287436246872,,,128,0.3333333333333333,0.008608441799879074,0.0086087416857481,0.5279166666666668
crane_structure,2,3,gaussian_blur,0.333,523.569,0.75,0.011883500963449478,2.8645973205566406,,,0.028408503159880638,,,0.14498135447502136,,,128,0.3333333333333333,0.013308487832546234,0.01335006020963192,0.5279166666666668
ibex_horns,2,3,gaussian_blur,0.333,523.569,0.75,0.011883500963449478,2.844433546066284,,,0.029236286878585815,,,0.14429353177547455,,,128,0.3333333333333333,0.016407448798418045,0.016432765871286392,0.5279166666666668
junco,2,3,gaussian_blur,0.333,523.569,0.75,0.011883500963449478,2.8692121505737305,,,0.010563666000962257,,,0.1302201896905899,,,128,0.3333333333333333,0.006590751465409994,0.006675874348729849,0.5279166666666668
lakeside_beach,2,3,gaussian_blur,0.333,523.569,0.75,0.011883500963449478,2.8266379833221436,,,0.006312207784503698,,,0.12479148805141449,,,128,0.3333333333333333,0.0039256662130355835,0.003998469561338425,0.5279166666666668
sea_anemone,2,3,gaussian_blur,0.333,523.569,0.75,0.011883500963449478,2.868854522705078,,,0.012901045382022858,,,0.13248074054718018,,,128,0.3333333333333333,0.008151980116963387,0.008210143074393272,0.5279166666666668
shetland_sheepdog,2,3,gaussian_blur,0.333,523.569,0.75,0.011883500963449478,2.8115711212158203,,,0.012262774631381035,,,0.12888231873512268,,,128,0.3333333333333333,0.007992490194737911,0.008054586127400398,0.5279166666666668
breastplate_armor,2,3,motion_blur,0.333,523.569,0.75,0.011883500963449478,1.120774269104004,,,0.015165600925683975,,,0.1320287436246872,,,128,0.3333333333333333,0.008608441799879074,0.0086087416857481,0.5279166666666668
crane_structure,2,3,motion_blur,0.333,523.569,0.75,0.011883500963449478,1.122606873512268,,,0.028408503159880638,,,0.14498135447502136,,,128,0.3333333333333333,0.013308487832546234,0.01335006020963192,0.5279166666666668
ibex_horns,2,3,motion_blur,0.333,523.569,0.75,0.011883500963449478,1.1232490539550781,,,0.029236286878585815,,,0.14429353177547455,,,128,0.3333333333333333,0.016407448798418045,0.016432765871286392,0.5279166666666668
junco,2,3,motion_blur,0.333,523.569,0.75,0.011883500963449478,1.122079849243164,,,0.010563666000962257,,,0.1302201896905899,,,128,0.3333333333333333,0.006590751465409994,0.006675874348729849,0.5279166666666668
lakeside_beach,2,3,motion_blur,0.333,523.569,0.75,0.011883500963449478,1.1032263040542603,,,0.006312207784503698,,,0.12479148805141449,,,128,0.3333333333333333,0.0039256662130355835,0.003998469561338425,0.5279166666666668
sea_anemone,2,3,motion_blur,0.333,523.569,0.75,0.011883500963449478,1.110771656036377,,,0.012901045382022858,,,0.13248074054718018,,,128,0.3333333333333333,0.008151980116963387,0.008210143074393272,0.5279166666666668
shetland_sheepdog,2,3,motion_blur,0.333,523.569,0.75,0.011883500963449478,1.1066889762878418,,,0.012262774631381035,,,0.12888231873512268,,,128,0.3333333333333333,0.007992490194737911,0.008054586127400398,0.5279166666666668
breastplate_armor,2,3,superresolution,0.333,523.569,0.75,0.011883500963449478,3.121631145477295,,,0.015165600925683975,,,0.1320287436246872,,,128,0.3333333333333333,0.008608441799879074,0.0086087416857481,0.5279166666666668
crane_structure,2,3,superresolution,0.333,523.569,0.75,0.011883500963449478,3.124049663543701,,,0.028408503159880638,,,0.14498135447502136,,,128,0.3333333333333333,0.013308487832546234,0.01335006020963192,0.5279166666666668
ibex_horns,2,3,superresolution,0.333,523.569,0.75,0.011883500963449478,3.0951199531555176,,,0.029236286878585815,,,0.14429353177547455,,,128,0.3333333333333333,0.016407448798418045,0.016432765871286392,0.5279166666666668
junco,2,3,superresolution,0.333,523.569,0.75,0.011883500963449478,3.144885778427124,,,0.010563666000962257,,,0.1302201896905899,,,128,0.3333333333333333,0.006590751465409994,0.006675874348729849,0.5279166666666668
lakeside_beach,2,3,superresolution,0.333,523.569,0.75,0.011883500963449478,3.0717227458953857,,,0.006312207784503698,,,0.12479148805141449,,,128,0.3333333333333333,0.0039256662130355835,0.003998469561338425,0.5279166666666668
sea_anemone,2,3,superresolution,0.333,523.569,0.75,0.011883500963449478,3.129664897918701,,,0.012901045382022858,,,0.13248074054718018,,,128,0.3333333333333333,0.008151980116963387,0.008210143074393272,0.5279166666666668
shetland_sheepdog,2,3,superresolution,0.333,523.569,0.75,0.011883500963449478,3.0587663650512695,,,0.012262774631381035,,,0.12888231873512268,,,128,0.3333333333333333,0.007992490194737911,0.008054586127400398,0.5279166666666668
breastplate_armor,2,4,box_inpainting,0.444,556.092,0.75,0.01197701133787632,0.4352717399597168,1.71933114528656,0.007251957431435585,0.012401465326547623,0.011781732551753521,0.012608042918145657,0.12950138747692108,0.1293693631887436,0.1295453906059265,128,0.3333333333333333,0.010632580146193504,0.010672638192772865,0.48166666666666674
crane_structure,2,4,box_inpainting,0.444,556.092,0.75,0.01197701133787632,0.4580361843109131,1.7736320495605469,0.019504226744174957,0.021928664296865463,0.03475207835435867,0.017654189839959145,0.13834363222122192,0.15172700583934784,0.13388249278068542,128,0.3333333333333333,0.016526322811841965,0.016603315249085426,0.48166666666666674
ibex_horns,2,4,box_inpainting,0.444,556.092,0.75,0.01197701133787632,0.4423895478248596,1.7309402227401733,0.012872638180851936,0.02520909160375595,0.029648469761013985,0.023729296401143074,0.13966378569602966,0.1426858901977539,0.1386564075946808,128,0.3333333333333333,0.02152368240058422,0.021571192890405655,0.48166666666666674
junco,2,4,box_inpainting,0.444,556.092,0.75,0.01197701133787632,0.4334688186645508,1.7227840423583984,0.0036971229128539562,0.008797843009233475,0.010072599165141582,0.008372924290597439,0.12807443737983704,0.12895233929157257,0.12778180837631226,128,0.3333333333333333,0.00816267915070057,0.008298072032630444,0.48166666666666674
lakeside_beach,2,4,box_inpainting,0.444,556.092,0.75,0.01197701133787632,0.42350244522094727,1.6899694204330444,0.0013467452954500914,0.005491900257766247,0.008841369301080704,0.004375410731881857,0.12366779893636703,0.12561576068401337,0.12301847338676453,128,0.3333333333333333,0.005117927677929401,0.005232283845543861,0.48166666666666674
sea_anemone,2,4,box_inpainting,0.444,556.092,0.75,0.01197701133787632,0.43593794107437134,1.7261899709701538,0.00585385225713253,0.011066917330026627,0.011330538429319859,0.010979043319821358,0.1299896240234375,0.12795671820640564,0.13066726922988892,128,0.3333333333333333,0.010310493409633636,0.010396011173725128,0.48166666666666674
shetland_sheepdog,2,4,box_inpainting,0.444,556.092,0.75,0.01197701133787632,0.4273614287376404,1.7012380361557007,0.0027359414380043745,0.010814632289111614,0.01090988889336586,0.010782877914607525,0.12684231996536255,0.12685884535312653,0.12683680653572083,128,0.3333333333333333,0.010439987294375896,0.01052468828856945,0.48166666666666674
breastplate_armor,2,4,random_inpainting,0.444,556.092,0.75,0.01197701133787632,0.2459835261106491,0.3266778886318207,0.05402444303035736,0.012401465326547623,0.012486317194998264,0.012199614197015762,0.12950138747692108,0.13054431974887848,0.12702041864395142,128,0.3333333333333333,0.010632580146193504,0.010672638192772865,0.48166666666666674
crane_structure,2,4,random_inpainting,0.444,556.092,0.75,0.01197701133787632,0.4346054196357727,0.5710982084274292,0.11312180757522583,0.021928664296865463,0.021855181083083153,0.02210173010826111,0.13834363222122192,0.1379077285528183,0.13937029242515564,128,0.3333333333333333,0.016526322811841965,0.016603315249085426,0.48166666666666674
ibex_horns,2,4,random_inpainting,0.444,556.092,0.75,0.01197701133787632,0.34309840202331543,0.4542573392391205,0.07967327535152435,0.02520909160375595,0.025092052295804024,0.025486445054411888,0.13966378569602966,0.14014136791229248,0.13853196799755096,128,0.3333333333333333,0.02152368240058422,0.021571192890405655,0.48166666666666674
junco,2,4,random_inpainting,0.444,556.092,0.75,0.01197701133787632,0.13331644237041473,0.1799742877483368,0.024346811696887016,0.008797843009233475,0.009026126936078072,0.008264686912298203,0.12807443737983704,0.12795023620128632,0.12836451828479767,128,0.3333333333333333,0.00816267915070057,0.008298072032630444,0.48166666666666674
lakeside_beach,2,4,random_inpainting,0.444,556.092,0.75,0.01197701133787632,0.13437475264072418,0.1819455772638321,0.022232364863157272,0.005491900257766247,0.0054922266863286495,0.00549113005399704,0.12366779893636703,0.12350734323263168,0.12404602020978928,128,0.3333333333333333,0.005117927677929401,0.005232283845543861,0.48166666666666674
sea_anemone,2,4,random_inpainting,0.444,556.092,0.75,0.01197701133787632,0.2053605318069458,0.2740798592567444,0.0424613319337368,0.011066917330026627,0.011033909395337105,0.011145160533487797,0.1299896240234375,0.13033056259155273,0.129181370139122,128,0.3333333333333333,0.010310493409633636,0.010396011173725128,0.48166666666666674
shetland_sheepdog,2,4,random_inpainting,0.444,556.092,0.75,0.01197701133787632,0.11123649775981903,0.15206556022167206,0.01923326589167118,0.010814632289111614,0.010686900466680527,0.011102455668151379,0.12684231996536255,0.12692895531654358,0.12664707005023956,128,0.3333333333333333,0.010439987294375896,0.01052468828856945,0.48166666666666674
breastplate_armor,2,4,gaussian_blur,0.444,556.092,0.75,0.01197701133787632,1.431140661239624,,,0.012401465326547623,,,0.12950138747692108,,,128,0.3333333333333333,0.010632580146193504,0.010672638192772865,0.48166666666666674
crane_structure,2,4,gaussian_blur,0.444,556.092,0.75,0.01197701133787632,1.434100866317749,,,0.021928664296865463,,,0.13834363222122192,,,128,0.3333333333333333,0.016526322811841965,0.016603315249085426,0.48166666666666674
ibex_horns,2,4,gaussian_blur,0.444,556.092,0.75,0.01197701133787632,1.420067548751831,,,0.02520909160375595,,,0.13966378569602966,,,128,0.3333333333333333,0.02152368240058422,0.021571192890405655,0.48166666666666674
junco,2,4,gaussian_blur,0.444,556.092,0.75,0.01197701133787632,1.4337399005889893,,,0.008797843009233475,,,0.12807443737983704,,,128,0.3333333333333333,0.00816267915070057,0.008298072032630444,0.48166666666666674
lakeside_beach,2,4,gaussian_blur,0.444,556.092,0.75,0.01197701133787632,1.4120843410491943,,,0.005491900257766247,,,0.12366779893636703,,,128,0.3333333333333333,0.005117927677929401,0.005232283845543861,0.48166666666666674
sea_anemone,2,4,gaussian_blur,0.444,556.092,0.75,0.01197701133787632,1.4343751668930054,,,0.011066917330026627,,,0.1299896240234375,,,128,0.3333333333333333,0.010310493409633636,0.010396011173725128,0.48166666666666674
shetland_sheepdog,2,4,gaussian_blur,0.444,556.092,0.75,0.01197701133787632,1.4046399593353271,,,0.010814632289111614,,,0.12684231996536255,,,128,0.3333333333333333,0.010439987294375896,0.01052468828856945,0.48166666666666674
breastplate_armor,2,4,motion_blur,0.444,556.092,0.75,0.01197701133787632,0.7353183031082153,,,0.012401465326547623,,,0.12950138747692108,,,128,0.3333333333333333,0.010632580146193504,0.010672638192772865,0.48166666666666674
crane_structure,2,4,motion_blur,0.444,556.092,0.75,0.01197701133787632,0.7373710870742798,,,0.021928664296865463,,,0.13834363222122192,,,128,0.3333333333333333,0.016526322811841965,0.016603315249085426,0.48166666666666674
ibex_horns,2,4,motion_blur,0.444,556.092,0.75,0.01197701133787632,0.7346338033676147,,,0.02520909160375595,,,0.13966378569602966,,,128,0.3333333333333333,0.02152368240058422,0.021571192890405655,0.48166666666666674
junco,2,4,motion_blur,0.444,556.092,0.75,0.01197701133787632,0.7360479235649109,,,0.008797843009233475,,,0.12807443737983704,,,128,0.3333333333333333,0.00816267915070057,0.008298072032630444,0.48166666666666674
lakeside_beach,2,4,motion_blur,0.444,556.092,0.75,0.01197701133787632,0.7232522964477539,,,0.005491900257766247,,,0.12366779893636703,,,128,0.3333333333333333,0.005117927677929401,0.005232283845543861,0.48166666666666674
sea_anemone,2,4,motion_blur,0.444,556.092,0.75,0.01197701133787632,0.7291140556335449,,,0.011066917330026627,,,0.1299896240234375,,,128,0.3333333333333333,0.010310493409633636,0.010396011173725128,0.48166666666666674
shetland_sheepdog,2,4,motion_blur,0.444,556.092,0.75,0.01197701133787632,0.7220179438591003,,,0.010814632289111614,,,0.12684231996536255,,,128,0.3333333333333333,0.010439987294375896,0.01052468828856945,0.48166666666666674
breastplate_armor,2,4,superresolution,0.444,556.092,0.75,0.01197701133787632,1.5105400085449219,,,0.012401465326547623,,,0.12950138747692108,,,128,0.3333333333333333,0.010632580146193504,0.010672638192772865,0.48166666666666674
crane_structure,2,4,superresolution,0.444,556.092,0.75,0.01197701133787632,1.514074683189392,,,0.021928664296865463,,,0.13834363222122192,,,128,0.3333333333333333,0.016526322811841965,0.016603315249085426,0.48166666666666674
ibex_horns,2,4,superresolution,0.444,556.092,0.75,0.01197701133787632,1.4987666606903076,,,0.02520909160375595,,,0.13966378569602966,,,128,0.3333333333333333,0.02152368240058422,0.021571192890405655,0.48166666666666674
junco,2,4,superresolution,0.444,556.092,0.75,0.01197701133787632,1.5231690406799316,,,0.008797843009233475,,,0.12807443737983704,,,128,0.3333333333333333,0.00816267915070057,0.008298072032630444,0.48166666666666674
lakeside_beach,2,4,superresolution,0.444,556.092,0.75,0.01197701133787632,1.4874143600463867,,,0.005491900257766247,,,0.12366779893636703,,,128,0.3333333333333333,0.005117927677929401,0.005232283845543861,0.48166666666666674
sea_anemone,2,4,superresolution,0.444,556.092,0.75,0.01197701133787632,1.5161231756210327,,,0.011066917330026627,,,0.1299896240234375,,,128,0.3333333333333333,0.010310493409633636,0.010396011173725128,0.48166666666666674
shetland_sheepdog,2,4,superresolution,0.444,556.092,0.75,0.01197701133787632,1.4813730716705322,,,0.010814632289111614,,,0.12684231996536255,,,128,0.3333333333333333,0.010439987294375896,0.01052468828856945,0.48166666666666674
breastplate_armor,2,5,box_inpainting,0.555,588.615,0.75,0.012359649874269962,0.2393876314163208,0.9358634948730469,0.00722900778055191,0.010487483814358711,0.010424163192510605,0.010508589446544647,0.12740039825439453,0.12750186026096344,0.1273665726184845,128,0.3333333333333333,0.013797703199088573,0.013885712251067162,0.4354166666666667
crane_structure,2,5,box_inpainting,0.555,588.615,0.75,0.012359649874269962,0.2601280212402344,0.9822786450386047,0.019411146640777588,0.016833966597914696,0.026755323633551598,0.013526848517358303,0.13315963745117188,0.1435667872428894,0.12969058752059937,128,0.3333333333333333,0.020220935344696045,0.020368661731481552,0.4354166666666667
ibex_horns,2,5,box_inpainting,0.555,588.615,0.75,0.012359649874269962,0.2446674108505249,0.9401631355285645,0.012835475616157055,0.021518811583518982,0.02522524632513523,0.020283333957195282,0.13532373309135437,0.1379237025976181,0.1344570517539978,128,0.3333333333333333,0.02807503566145897,0.02817949652671814,0.4354166666666667
junco,2,5,box_inpainting,0.555,588.615,0.75,0.012359649874269962,0.238045334815979,0.9411353468894958,0.003682018257677555,0.007505486719310284,0.00878179632127285,0.007080049254000187,0.12641340494155884,0.12766391038894653,0.12599655985832214,128,0.3333333333333333,0.010454138740897179,0.010674433782696724,0.4354166666666667
lakeside_beach,2,5,box_inpainting,0.555,588.615,0.75,0.012359649874269962,0.2317523956298828,0.9229733347892761,0.0013453987194225192,0.004720722790807486,0.007848045788705349,0.0036782813258469105,0.12268349528312683,0.12429561465978622,0.1221461296081543,128,0.3333333333333333,0.006594161503016949,0.006788003258407116,0.4354166666666667
sea_anemone,2,5,box_inpainting,0.555,588.615,0.75,0.012359649874269962,0.2391175925731659,0.9389575123786926,0.005837629083544016,0.009667802602052689,0.009916444309055805,0.009584922343492508,0.1282472163438797,0.12639197707176208,0.12886564433574677,128,0.3333333333333333,0.013479501008987427,0.013633373193442822,0.4354166666666667
shetland_sheepdog,2,5,box_inpainting,0.555,588.615,0.75,0.012359649874269962,0.23342326283454895,0.9254958033561707,0.0027324308175593615,0.009621669538319111,0.0095820939168334,0.009634860791265965,0.12535487115383148,0.12514770030975342,0.12542393803596497,128,0.3333333333333333,0.013872216455638409,0.014016885310411453,0.4354166666666667
breastplate_armor,2,5,random_inpainting,0.555,588.615,0.75,0.012359649874269962,0.16906170547008514,0.22218762338161469,0.04268355295062065,0.010487483814358711,0.010548961348831654,0.01034123357385397,0.12740039825439453,0.1284075677394867,0.12500451505184174,128,0.3333333333333333,0.013797703199088573,0.013885712251067162,0.4354166666666667
crane_structure,2,5,random_inpainting,0.555,588.615,0.75,0.012359649874269962,0.3044551610946655,0.39486101269721985,0.09152091294527054,0.016833966597914696,0.01681414432823658,0.01688065379858017,0.13315963745117188,0.13278159499168396,0.13405008614063263,128,0.3333333333333333,0.020220935344696045,0.020368661731481552,0.4354166666666667
ibex_horns,2,5,random_inpainting,0.555,588.615,0.75,0.012359649874269962,0.24124763906002045,0.31572696566581726,0.06474609673023224,0.021518811583518982,0.02139442414045334,0.021813590079545975,0.13532373309135437,0.13576219975948334,0.1342845857143402,128,0.3333333333333333,0.02807503566145897,0.02817949652671814,0.4354166666666667
junco,2,5,random_inpainting,0.555,588.615,0.75,0.012359649874269962,0.09192779660224915,0.12316305935382843,0.0189776960760355,0.007505486719310284,0.007705120835453272,0.007039237767457962,0.12641340494155884,0.12623843550682068,0.12682203948497772,128,0.3333333333333333,0.010454138740897179,0.010674433782696724,0.4354166666666667
lakeside_beach,2,5,random_inpainting,0.555,588.615,0.75,0.012359649874269962,0.09214451164007187,0.12407024204730988,0.016883553937077522,0.004720722790807486,0.004748092498630285,0.0046562012284994125,0.12268349528312683,0.12252824753522873,0.12304947525262833,128,0.3333333333333333,0.006594161503016949,0.006788003258407116,0.4354166666666667
sea_anemone,2,5,random_inpainting,0.555,588.615,0.75,0.012359649874269962,0.13981375098228455,0.18487529456615448,0.0329953208565712,0.009667802602052689,0.009624138474464417,0.009771308861672878,0.1282472163438797,0.12857043743133545,0.12748102843761444,128,0.3333333333333333,0.013479501008987427,0.013633373193442822,0.4354166666666667
shetland_sheepdog,2,5,random_inpainting,0.555,588.615,0.75,0.012359649874269962,0.07647045701742172,0.10387427359819412,0.014719358645379543,0.009621669538319111,0.009510917589068413,0.009871233254671097,0.12535487115383148,0.12546555697917938,0.12510541081428528,128,0.3333333333333333,0.013872216455638409,0.014016885310411453,0.4354166666666667
breastplate_armor,2,5,gaussian_blur,0.555,588.615,0.75,0.012359649874269962,0.786775529384613,,,0.010487483814358711,,,0.12740039825439453,,,128,0.3333333333333333,0.013797703199088573,0.013885712251067162,0.4354166666666667
crane_structure,2,5,gaussian_blur,0.555,588.615,0.75,0.012359649874269962,0.789629340171814,,,0.016833966597914696,,,0.13315963745117188,,,128,0.3333333333333333,0.020220935344696045,0.020368661731481552,0.4354166666666667
ibex_horns,2,5,gaussian_blur,0.555,588.615,0.75,0.012359649874269962,0.7806104421615601,,,0.021518811583518982,,,0.13532373309135437,,,128,0.3333333333333333,0.02807503566145897,0.02817949652671814,0.4354166666666667
junco,2,5,gaussian_blur,0.555,588.615,0.75,0.012359649874269962,0.7884825468063354,,,0.007505486719310284,,,0.12641340494155884,,,128,0.3333333333333333,0.010454138740897179,0.010674433782696724,0.4354166666666667
lakeside_beach,2,5,gaussian_blur,0.555,588.615,0.75,0.012359649874269962,0.7762982249259949,,,0.004720722790807486,,,0.12268349528312683,,,128,0.3333333333333333,0.006594161503016949,0.006788003258407116,0.4354166666666667
sea_anemone,2,5,gaussian_blur,0.555,588.615,0.75,0.012359649874269962,0.7892855405807495,,,0.009667802602052689,,,0.1282472163438797,,,128,0.3333333333333333,0.013479501008987427,0.013633373193442822,0.4354166666666667
shetland_sheepdog,2,5,gaussian_blur,0.555,588.615,0.75,0.012359649874269962,0.7723271250724792,,,0.009621669538319111,,,0.12535487115383148,,,128,0.3333333333333333,0.013872216455638409,0.014016885310411453,0.4354166666666667
breastplate_armor,2,5,motion_blur,0.555,588.615,0.75,0.012359649874269962,0.4862848222255707,,,0.010487483814358711,,,0.12740039825439453,,,128,0.3333333333333333,0.013797703199088573,0.013885712251067162,0.4354166666666667
crane_structure,2,5,motion_blur,0.555,588.615,0.75,0.012359649874269962,0.4881347417831421,,,0.016833966597914696,,,0.13315963745117188,,,128,0.3333333333333333,0.020220935344696045,0.020368661731481552,0.4354166666666667
ibex_horns,2,5,motion_blur,0.555,588.615,0.75,0.012359649874269962,0.4844838082790375,,,0.021518811583518982,,,0.13532373309135437,,,128,0.3333333333333333,0.02807503566145897,0.02817949652671814,0.4354166666666667
junco,2,5,motion_blur,0.555,588.615,0.75,0.012359649874269962,0.48579514026641846,,,0.007505486719310284,,,0.12641340494155884,,,128,0.3333333333333333,0.010454138740897179,0.010674433782696724,0.4354166666666667
lakeside_beach,2,5,motion_blur,0.555,588.615,0.75,0.012359649874269962,0.4770316481590271,,,0.004720722790807486,,,0.12268349528312683,,,128,0.3333333333333333,0.006594161503016949,0.006788003258407116,0.4354166666666667
sea_anemone,2,5,motion_blur,0.555,588.615,0.75,0.012359649874269962,0.48214682936668396,,,0.009667802602052689,,,0.1282472163438797,,,128,0.3333333333333333,0.013479501008987427,0.013633373193442822,0.4354166666666667
shetland_sheepdog,2,5,motion_blur,0.555,588.615,0.75,0.012359649874269962,0.4751998782157898,,,0.009621669538319111,,,0.12535487115383148,,,128,0.3333333333333333,0.013872216455638409,0.014016885310411453,0.4354166666666667
breastplate_armor,2,5,superresolution,0.555,588.615,0.75,0.012359649874269962,0.807823657989502,,,0.010487483814358711,,,0.12740039825439453,,,128,0.3333333333333333,0.013797703199088573,0.013885712251067162,0.4354166666666667
crane_structure,2,5,superresolution,0.555,588.615,0.75,0.012359649874269962,0.810962438583374,,,0.016833966597914696,,,0.13315963745117188,,,128,0.3333333333333333,0.020220935344696045,0.020368661731481552,0.4354166666666667
ibex_horns,2,5,superresolution,0.555,588.615,0.75,0.012359649874269962,0.8021550178527832,,,0.021518811583518982,,,0.13532373309135437,,,128,0.3333333333333333,0.02807503566145897,0.02817949652671814,0.4354166666666667
junco,2,5,superresolution,0.555,588.615,0.75,0.012359649874269962,0.8149604797363281,,,0.007505486719310284,,,0.12641340494155884,,,128,0.3333333333333333,0.010454138740897179,0.010674433782696724,0.4354166666666667
lakeside_beach,2,5,superresolution,0.555,588.615,0.75,0.012359649874269962,0.7958626747131348,,,0.004720722790807486,,,0.12268349528312683,,,128,0.3333333333333333,0.006594161503016949,0.006788003258407116,0.4354166666666667
sea_anemone,2,5,superresolution,0.555,588.615,0.75,0.012359649874269962,0.8114246726036072,,,0.009667802602052689,,,0.1282472163438797,,,128,0.3333333333333333,0.013479501008987427,0.013633373193442822,0.4354166666666667
shetland_sheepdog,2,5,superresolution,0.555,588.615,0.75,0.012359649874269962,0.7927384376525879,,,0.009621669538319111,,,0.12535487115383148,,,128,0.3333333333333333,0.013872216455638409,0.014016885310411453,0.4354166666666667
breastplate_armor,2,6,box_inpainting,0.666,621.138,0.75,0.012831875123083591,0.140157550573349,0.5390575528144836,0.0071908556856215,0.00884244404733181,0.00881484616547823,0.008851642720401287,0.1257086545228958,0.1260538101196289,0.12559360265731812,128,0.3333333333333333,0.01807759515941143,0.018280956894159317,0.38916666666666666
crane_structure,2,6,box_inpainting,0.666,621.138,0.75,0.012831875123083591,0.1590735763311386,0.5784940719604492,0.01926674135029316,0.012670177966356277,0.0193804819136858,0.010433409363031387,0.12872397899627686,0.13606081902980804,0.1262783408164978,128,0.3333333333333333,0.02412831410765648,0.02439124509692192,0.38916666666666666
ibex_horns,2,6,box_inpainting,0.666,621.138,0.75,0.012831875123083591,0.1445693075656891,0.5399549007415771,0.012774086557328701,0.0178986769169569,0.02096272073686123,0.016877328976988792,0.13079063594341278,0.1329048126935959,0.13008588552474976,128,0.3333333333333333,0.035940077155828476,0.036142196506261826,0.38916666666666666
junco,2,6,box_inpainting,0.666,621.138,0.75,0.012831875123083591,0.13874661922454834,0.5440108180046082,0.0036585628986358643,0.006281034555286169,0.007340724114328623,0.005927804857492447,0.1245313286781311,0.1257147341966629,0.12413684278726578,128,0.3333333333333333,0.013331334106624126,0.01366184651851654,0.38916666666666666
lakeside_beach,2,6,box_inpainting,0.666,621.138,0.75,0.012831875123083591,0.13435116410255432,0.533375084400177,0.0013431704137474298,0.004043685272336006,0.00666349520906806,0.0031704152934253216,0.12152393907308578,0.12274163961410522,0.12111803889274597,128,0.3333333333333333,0.008628947660326958,0.008929709903895855,0.38916666666666666
sea_anemone,2,6,box_inpainting,0.666,621.138,0.75,0.012831875123083591,0.13934457302093506,0.5399466156959534,0.005810546688735485,0.008284809067845345,0.008294357918202877,0.008281625807285309,0.12624409794807434,0.12454715371131897,0.1268097311258316,128,0.3333333333333333,0.01754632405936718,0.017812997102737427,0.38916666666666666
shetland_sheepdog,2,6,box_inpainting,0.666,621.138,0.75,0.012831875123083591,0.13510926067829132,0.5322570204734802,0.0027266903780400753,0.008525620214641094,0.008411659859120846,0.00856360699981451,0.12367244064807892,0.12324133515357971,0.12381614744663239,128,0.3333333333333333,0.01858597621321678,0.018820447847247124,0.38916666666666666
breastplate_armor,2,6,random_inpainting,0.666,621.138,0.75,0.012831875123083591,0.11985203623771667,0.15548290312290192,0.035091888159513474,0.00884244404733181,0.008837908506393433,0.008853230625391006,0.1257086545228958,0.12662707269191742,0.12352391332387924,128,0.3333333333333333,0.01807759515941143,0.018280956894159317,0.38916666666666666
crane_structure,2,6,random_inpainting,0.666,621.138,0.75,0.012831875123083591,0.21931153535842896,0.27992498874664307,0.07654780894517899,0.012670177966356277,0.012699855491518974,0.012600274756550789,0.12872397899627686,0.128342404961586,0.12962263822555542,128,0.3333333333333333,0.02412831410765648,0.02439124509692192,0.38916666666666666
ibex_horns,2,6,random_inpainting,0.666,621.138,0.75,0.012831875123083591,0.17298273742198944,0.22320181131362915,0.05397321283817291,0.0178986769169569,0.01783165894448757,0.01805749163031578,0.13079063594341278,0.13119785487651825,0.12982559204101562,128,0.3333333333333333,0.035940077155828476,0.036142196506261826,0.38916666666666666
junco,2,6,random_inpainting,0.666,621.138,0.75,0.012831875123083591,0.0656527578830719,0.08717869222164154,0.015378846786916256,0.006281034555286169,0.0064282543025910854,0.005937202367931604,0.1245313286781311,0.12429328262805939,0.12508726119995117,128,0.3333333333333333,0.013331334106624126,0.01366184651851654,0.38916666666666666
lakeside_beach,2,6,random_inpainting,0.666,621.138,0.75,0.012831875123083591,0.06511105597019196,0.08706209808588028,0.013364178128540516,0.004043685272336006,0.004076847806572914,0.003965509589761496,0.12152393907308578,0.12137550860643387,0.12187384814023972,128,0.3333333333333333,0.008628947660326958,0.008929709903895855,0.38916666666666666
sea_anemone,2,6,random_inpainting,0.666,621.138,0.75,0.012831875123083591,0.0982980728149414,0.12852555513381958,0.026643866673111916,0.008284809067845345,0.008246402256190777,0.008375851437449455,0.12624409794807434,0.12657511234283447,0.12545935809612274,128,0.3333333333333333,0.01754632405936718,0.017812997102737427,0.38916666666666666
shetland_sheepdog,2,6,random_inpainting,0.666,621.138,0.75,0.012831875123083591,0.054428793489933014,0.07336926460266113,0.011748808436095715,0.008525620214641094,0.008429751731455326,0.008741648867726326,0.12367244064807892,0.12381193786859512,0.12335807830095291,128,0.3333333333333333,0.01858597621321678,0.018820447847247124,0.38916666666666666
breastplate_armor,2,6,gaussian_blur,0.666,621.138,0.75,0.012831875123083591,0.4552249312400818,,,0.00884244404733181,,,0.1257086545228958,,,128,0.3333333333333333,0.01807759515941143,0.018280956894159317,0.38916666666666666
crane_structure,2,6,gaussian_blur,0.666,621.138,0.75,0.012831875123083591,0.4574299454689026,,,0.012670177966356277,,,0.12872397899627686,,,128,0.3333333333333333,0.02412831410765648,0.02439124509692192,0.38916666666666666
ibex_horns,2,6,gaussian_blur,0.666,621.138,0.75,0.012831875123083591,0.45186084508895874,,,0.0178986769169569,,,0.13079063594341278,,,128,0.3333333333333333,0.035940077155828476,0.036142196506261826,0.38916666666666666
junco,2,6,gaussian_blur,0.666,621.138,0.75,0.012831875123083591,0.45637863874435425,,,0.006281034555286169,,,0.1245313286781311,,,128,0.3333333333333333,0.013331334106624126,0.01366184651851654,0.38916666666666666
lakeside_beach,2,6,gaussian_blur,0.666,621.138,0.75,0.012831875123083591,0.4491347670555115,,,0.004043685272336006,,,0.12152393907308578,,,128,0.3333333333333333,0.008628947660326958,0.008929709903895855,0.38916666666666666
sea_anemone,2,6,gaussian_blur,0.666,621.138,0.75,0.012831875123083591,0.45713257789611816,,,0.008284809067845345,,,0.12624409794807434,,,128,0.3333333333333333,0.01754632405936718,0.017812997102737427,0.38916666666666666
shetland_sheepdog,2,6,gaussian_blur,0.666,621.138,0.75,0.012831875123083591,0.4469362199306488,,,0.008525620214641094,,,0.12367244064807892,,,128,0.3333333333333333,0.01858597621321678,0.018820447847247124,0.38916666666666666
breastplate_armor,2,6,motion_blur,0.666,621.138,0.75,0.012831875123083591,0.3219338655471802,,,0.00884244404733181,,,0.1257086545228958,,,128,0.3333333333333333,0.01807759515941143,0.018280956894159317,0.38916666666666666
crane_structure,2,6,motion_blur,0.666,621.138,0.75,0.012831875123083591,0.3236074149608612,,,0.012670177966356277,,,0.12872397899627686,,,128,0.3333333333333333,0.02412831410765648,0.02439124509692192,0.38916666666666666
ibex_horns,2,6,motion_blur,0.666,621.138,0.75,0.012831875123083591,0.32014018297195435,,,0.0178986769169569,,,0.13079063594341278,,,128,0.3333333333333333,0.035940077155828476,0.036142196506261826,0.38916666666666666
junco,2,6,motion_blur,0.666,621.138,0.75,0.012831875123083591,0.320919007062912,,,0.006281034555286169,,,0.1245313286781311,,,128,0.3333333333333333,0.013331334106624126,0.01366184651851654,0.38916666666666666
lakeside_beach,2,6,motion_blur,0.666,621.138,0.75,0.012831875123083591,0.3149570822715759,,,0.004043685272336006,,,0.12152393907308578,,,128,0.3333333333333333,0.008628947660326958,0.008929709903895855,0.38916666666666666
sea_anemone,2,6,motion_blur,0.666,621.138,0.75,0.012831875123083591,0.31918346881866455,,,0.008284809067845345,,,0.12624409794807434,,,128,0.3333333333333333,0.01754632405936718,0.017812997102737427,0.38916666666666666
shetland_sheepdog,2,6,motion_blur,0.666,621.138,0.75,0.012831875123083591,0.3136013150215149,,,0.008525620214641094,,,0.12367244064807892,,,128,0.3333333333333333,0.01858597621321678,0.018820447847247124,0.38916666666666666
breastplate_armor,2,6,superresolution,0.666,621.138,0.75,0.012831875123083591,0.45636481046676636,,,0.00884244404733181,,,0.1257086545228958,,,128,0.3333333333333333,0.01807759515941143,0.018280956894159317,0.38916666666666666
crane_structure,2,6,superresolution,0.666,621.138,0.75,0.012831875123083591,0.4589226245880127,,,0.012670177966356277,,,0.12872397899627686,,,128,0.3333333333333333,0.02412831410765648,0.02439124509692192,0.38916666666666666
ibex_horns,2,6,superresolution,0.666,621.138,0.75,0.012831875123083591,0.4535819888114929,,,0.0178986769169569,,,0.13079063594341278,,,128,0.3333333333333333,0.035940077155828476,0.036142196506261826,0.38916666666666666
junco,2,6,superresolution,0.666,621.138,0.75,0.012831875123083591,0.46047818660736084,,,0.006281034555286169,,,0.1245313286781311,,,128,0.3333333333333333,0.013331334106624126,0.01366184651851654,0.38916666666666666
lakeside_beach,2,6,superresolution,0.666,621.138,0.75,0.012831875123083591,0.4497569501399994,,,0.004043685272336006,,,0.12152393907308578,,,128,0.3333333333333333,0.008628947660326958,0.008929709903895855,0.38916666666666666
sea_anemone,2,6,superresolution,0.666,621.138,0.75,0.012831875123083591,0.45861321687698364,,,0.008284809067845345,,,0.12624409794807434,,,128,0.3333333333333333,0.01754632405936718,0.017812997102737427,0.38916666666666666
shetland_sheepdog,2,6,superresolution,0.666,621.138,0.75,0.012831875123083591,0.44806140661239624,,,0.008525620214641094,,,0.12367244064807892,,,128,0.3333333333333333,0.01858597621321678,0.018820447847247124,0.38916666666666666
breastplate_armor,2,7,box_inpainting,0.777,653.6610000000001,0.75,0.013585136272013187,0.08496519178152084,0.3184736669063568,0.0071290358901023865,0.007299130782485008,0.007358542177826166,0.007279327139258385,0.12376312911510468,0.1243840754032135,0.12355613708496094,128,0.3333333333333333,0.023563753813505173,0.023953422904014587,0.34291666666666665
crane_structure,2,7,box_inpainting,0.777,653.6610000000001,0.75,0.013585136272013187,0.10194969177246094,0.35065698623657227,0.019047267735004425,0.009713965468108654,0.01467034500092268,0.008061837404966354,0.125180184841156,0.13027043640613556,0.12348341941833496,128,0.3333333333333333,0.029106616973876953,0.02958008274435997,0.34291666666666665
ibex_horns,2,7,box_inpainting,0.777,653.6610000000001,0.75,0.013585136272013187,0.08899464458227158,0.31796184182167053,0.012672237120568752,0.014715127646923065,0.01764284446835518,0.013739220798015594,0.12650176882743835,0.1280161589384079,0.12599696218967438,128,0.3333333333333333,0.0461905263364315,0.04656343162059784,0.34291666666666665
junco,2,7,box_inpainting,0.777,653.6610000000001,0.75,0.013585136272013187,0.08335854858160019,0.32256361842155457,0.0036235004663467407,0.005263419821858406,0.006246060598641634,0.004935873206704855,0.12282731384038925,0.12377110123634338,0.12251271307468414,128,0.3333333333333333,0.0172724649310112,0.017786219716072083,0.34291666666666665
lakeside_beach,2,7,box_inpainting,0.777,653.6610000000001,0.75,0.013585136272013187,0.08007963001728058,0.3162992298603058,0.0013397597940638661,0.003344861324876547,0.005267525557428598,0.0027039730921387672,0.12043580412864685,0.12126550823450089,0.12015923112630844,128,0.3333333333333333,0.011122507974505424,0.011616922914981842,0.34291666666666665
sea_anemone,2,7,box_inpainting,0.777,653.6610000000001,0.75,0.013585136272013187,0.08389019966125488,0.318264901638031,0.005765292327851057,0.007117375265806913,0.006993092596530914,0.007158802822232246,0.12436003983020782,0.12260284274816513,0.12494577467441559,128,0.3333333333333333,0.023403670638799667,0.023875078186392784,0.34291666666666665
shetland_sheepdog,2,7,box_inpainting,0.777,653.6610000000001,0.75,0.013585136272013187,0.08048059791326523,0.31377092003822327,0.0027171485126018524,0.007436607964336872,0.007329266052693129,0.007472388446331024,0.12172975391149521,0.12123837321996689,0.12189355492591858,128,0.3333333333333333,0.024897217750549316,0.025266077369451523,0.34291666666666665
breastplate_armor,2,7,random_inpainting,0.777,653.6610000000001,0.75,0.013585136272013187,0.08626701682806015,0.1101314052939415,0.029497450217604637,0.007299130782485008,0.007238397840410471,0.007443604525178671,0.12376312911510468,0.12461087107658386,0.1217464879155159,128,0.3333333333333333,0.023563753813505173,0.023953422904014587,0.34291666666666665
crane_structure,2,7,random_inpainting,0.777,653.6610000000001,0.75,0.013585136272013187,0.15983745455741882,0.20002305507659912,0.0651877298951149,0.009713965468108654,0.009705895557999611,0.009732970036566257,0.125180184841156,0.12477710843086243,0.12612950801849365,128,0.3333333333333333,0.029106616973876953,0.02958008274435997,0.34291666666666665
ibex_horns,2,7,random_inpainting,0.777,653.6610000000001,0.75,0.013585136272013187,0.12482666969299316,0.15819253027439117,0.04575603827834129,0.014715127646923065,0.014743197709321976,0.014648602344095707,0.12650176882743835,0.1269068717956543,0.12554170191287994,128,0.3333333333333333,0.0461905263364315,0.04656343162059784,0.34291666666666665
junco,2,7,random_inpainting,0.777,653.6610000000001,0.75,0.013585136272013187,0.04767240211367607,0.06261583417654037,0.012771956622600555,0.005263419821858406,0.0053490279242396355,0.005063481163233519,0.12282731384038925,0.12254646420478821,0.12348324805498123,128,0.3333333333333333,0.0172724649310112,0.017786219716072083,0.34291666666666665
lakeside_beach,2,7,random_inpainting,0.777,653.6610000000001,0.75,0.013585136272013187,0.0465640053153038,0.06171620637178421,0.01084453146904707,0.003344861324876547,0.0033455435186624527,0.0033432533964514732,0.12043580412864685,0.1202971413731575,0.1207626685500145,128,0.3333333333333333,0.011122507974505424,0.011616922914981842,0.34291666666666665
sea_anemone,2,7,random_inpainting,0.777,653.6610000000001,0.75,0.013585136272013187,0.0702124834060669,0.09052933752536774,0.02205139398574829,0.007117375265806913,0.007091104984283447,0.007179650012403727,0.12436003983020782,0.12469679862260818,0.12356171756982803,128,0.3333333333333333,0.023403670638799667,0.023875078186392784,0.34291666666666665
shetland_sheepdog,2,7,random_inpainting,0.777,653.6610000000001,0.75,0.013585136272013187,0.03939710557460785,0.05259660631418228,0.009653668850660324,0.007436607964336872,0.007357032969594002,0.007615921087563038,0.12172975391149521,0.12189670652151108,0.12135355919599533,128,0.3333333333333333,0.024897217750549316,0.025266077369451523,0.34291666666666665
breastplate_armor,2,7,gaussian_blur,0.777,653.6610000000001,0.75,0.013585136272013187,0.2696740925312042,,,0.007299130782485008,,,0.12376312911510468,,,128,0.3333333333333333,0.023563753813505173,0.023953422904014587,0.34291666666666665
crane_structure,2,7,gaussian_blur,0.777,653.6610000000001,0.75,0.013585136272013187,0.27120018005371094,,,0.009713965468108654,,,0.125180184841156,,,128,0.3333333333333333,0.029106616973876953,0.02958008274435997,0.34291666666666665
ibex_horns,2,7,gaussian_blur,0.777,653.6610000000001,0.75,0.013585136272013187,0.2678908109664917,,,0.014715127646923065,,,0.12650176882743835,,,128,0.3333333333333333,0.0461905263364315,0.04656343162059784,0.34291666666666665
junco,2,7,gaussian_blur,0.777,653.6610000000001,0.75,0.013585136272013187,0.2704172432422638,,,0.005263419821858406,,,0.12282731384038925,,,128,0.3333333333333333,0.0172724649310112,0.017786219716072083,0.34291666666666665
lakeside_beach,2,7,gaussian_blur,0.777,653.6610000000001,0.75,0.013585136272013187,0.2660059928894043,,,0.003344861324876547,,,0.12043580412864685,,,128,0.3333333333333333,0.011122507974505424,0.011616922914981842,0.34291666666666665
sea_anemone,2,7,gaussian_blur,0.777,653.6610000000001,0.75,0.013585136272013187,0.271051287651062,,,0.007117375265806913,,,0.12436003983020782,,,128,0.3333333333333333,0.023403670638799667,0.023875078186392784,0.34291666666666665
shetland_sheepdog,2,7,gaussian_blur,0.777,653.6610000000001,0.75,0.013585136272013187,0.26478737592697144,,,0.007436607964336872,,,0.12172975391149521,,,128,0.3333333333333333,0.024897217750549316,0.025266077369451523,0.34291666666666665
breastplate_armor,2,7,motion_blur,0.777,653.6610000000001,0.75,0.013585136272013187,0.2113226354122162,,,0.007299130782485008,,,0.12376312911510468,,,128,0.3333333333333333,0.023563753813505173,0.023953422904014587,0.34291666666666665
crane_structure,2,7,motion_blur,0.777,653.6610000000001,0.75,0.013585136272013187,0.21283555030822754,,,0.009713965468108654,,,0.125180184841156,,,128,0.3333333333333333,0.029106616973876953,0.02958008274435997,0.34291666666666665
ibex_horns,2,7,motion_blur,0.777,653.6610000000001,0.75,0.013585136272013187,0.20995134115219116,,,0.014715127646923065,,,0.12650176882743835,,,128,0.3333333333333333,0.0461905263364315,0.04656343162059784,0.34291666666666665
junco,2,7,motion_blur,0.777,653.6610000000001,0.75,0.013585136272013187,0.2102855145931244,,,0.005263419821858406,,,0.12282731384038925,,,128,0.3333333333333333,0.0172724649310112,0.017786219716072083,0.34291666666666665
lakeside_beach,2,7,motion_blur,0.777,653.6610000000001,0.75,0.013585136272013187,0.20635414123535156,,,0.003344861324876547,,,0.12043580412864685,,,128,0.3333333333333333,0.011122507974505424,0.011616922914981842,0.34291666666666665
sea_anemone,2,7,motion_blur,0.777,653.6610000000001,0.75,0.013585136272013187,0.20961225032806396,,,0.007117375265806913,,,0.12436003983020782,,,128,0.3333333333333333,0.023403670638799667,0.023875078186392784,0.34291666666666665
shetland_sheepdog,2,7,motion_blur,0.777,653.6610000000001,0.75,0.013585136272013187,0.20551298558712006,,,0.007436607964336872,,,0.12172975391149521,,,128,0.3333333333333333,0.024897217750549316,0.025266077369451523,0.34291666666666665
breastplate_armor,2,7,superresolution,0.777,653.6610000000001,0.75,0.013585136272013187,0.2650492191314697,,,0.007299130782485008,,,0.12376312911510468,,,128,0.3333333333333333,0.023563753813505173,0.023953422904014587,0.34291666666666665
crane_structure,2,7,superresolution,0.777,653.6610000000001,0.75,0.013585136272013187,0.267074316740036,,,0.009713965468108654,,,0.125180184841156,,,128,0.3333333333333333,0.029106616973876953,0.02958008274435997,0.34291666666666665
ibex_horns,2,7,superresolution,0.777,653.6610000000001,0.75,0.013585136272013187,0.26373565196990967,,,0.014715127646923065,,,0.12650176882743835,,,128,0.3333333333333333,0.0461905263364315,0.04656343162059784,0.34291666666666665
junco,2,7,superresolution,0.777,653.6610000000001,0.75,0.013585136272013187,0.26741334795951843,,,0.005263419821858406,,,0.12282731384038925,,,128,0.3333333333333333,0.0172724649310112,0.017786219716072083,0.34291666666666665
lakeside_beach,2,7,superresolution,0.777,653.6610000000001,0.75,0.013585136272013187,0.2612496316432953,,,0.003344861324876547,,,0.12043580412864685,,,128,0.3333333333333333,0.011122507974505424,0.011616922914981842,0.34291666666666665
sea_anemone,2,7,superresolution,0.777,653.6610000000001,0.75,0.013585136272013187,0.26641273498535156,,,0.007117375265806913,,,0.12436003983020782,,,128,0.3333333333333333,0.023403670638799667,0.023875078186392784,0.34291666666666665
shetland_sheepdog,2,7,superresolution,0.777,653.6610000000001,0.75,0.013585136272013187,0.2603197991847992,,,0.007436607964336872,,,0.12172975391149521,,,128,0.3333333333333333,0.024897217750549316,0.025266077369451523,0.34291666666666665
breastplate_armor,2,8,box_inpainting,0.888,686.184,0.75,0.014856654219329357,0.05241554230451584,0.18857939541339874,0.007027591113001108,0.006105414591729641,0.006114245858043432,0.006102470681071281,0.12183339893817902,0.12229899317026138,0.1216781958937645,128,0.3333333333333333,0.031814660876989365,0.03257700800895691,0.2966666666666667
crane_structure,2,8,box_inpainting,0.888,686.184,0.75,0.014856654219329357,0.06728102266788483,0.21297848224639893,0.01871519349515438,0.007457140367478132,0.0111641064286232,0.006221484392881393,0.12212574481964111,0.12544579803943634,0.12101905792951584,128,0.3333333333333333,0.03557468205690384,0.03645428270101547,0.2966666666666667
ibex_horns,2,8,box_inpainting,0.888,686.184,0.75,0.014856654219329357,0.05626801773905754,0.18757057189941406,0.012500503100454807,0.012066029012203217,0.014585916884243488,0.011226066388189793,0.12222127616405487,0.12295106798410416,0.12197799235582352,128,0.3333333333333333,0.06072966381907463,0.061399124562740326,0.2966666666666667
junco,2,8,box_inpainting,0.888,686.184,0.75,0.014856654219329357,0.05058151111006737,0.19161425530910492,0.0035705971531569958,0.004320954903960228,0.005188687238842249,0.0040317103266716,0.12122766673564911,0.12161051481962204,0.121100053191185,128,0.3333333333333333,0.02253330498933792,0.023438384756445885,0.2966666666666667
lakeside_beach,2,8,box_inpainting,0.888,686.184,0.75,0.014856654219329357,0.04803045094013214,0.188116192817688,0.001335203880444169,0.002784647513180971,0.004318905528634787,0.002273228019475937,0.11943316459655762,0.1199355497956276,0.11926569044589996,128,0.3333333333333333,0.014752967283129692,0.01563015766441822,0.2966666666666667
sea_anemone,2,8,box_inpainting,0.888,686.184,0.75,0.014856654219329357,0.051233481615781784,0.18786828219890594,0.005688550882041454,0.006000745575875044,0.005870840046554804,0.006044046953320503,0.12233893573284149,0.12063048034906387,0.12290840595960617,128,0.3333333333333333,0.03157629072666168,0.03247954696416855,0.2966666666666667
shetland_sheepdog,2,8,box_inpainting,0.888,686.184,0.75,0.014856654219329357,0.048334769904613495,0.18523645401000977,0.0027008794713765383,0.006349228322505951,0.006247985642403364,0.006382976192981005,0.11962303519248962,0.11910054832696915,0.11979719996452332,128,0.3333333333333333,0.03373515605926514,0.03435368463397026,0.2966666666666667
breastplate_armor,2,8,random_inpainting,0.888,686.184,0.75,0.014856654219329357,0.06199280545115471,0.07754691690206528,0.024992048740386963,0.006105414591729641,0.006061393767595291,0.006210132967680693,0.12183339893817902,0.12264655530452728,0.11989901214838028,128,0.3333333333333333,0.031814660876989365,0.03257700800895691,0.2966666666666667
crane_structure,2,8,random_inpainting,0.888,686.184,0.75,0.014856654219329357,0.11603441089391708,0.14158187806606293,0.05586209148168564,0.007457140367478132,0.00739356130361557,0.007606887724250555,0.12212574481964111,0.12177782505750656,0.12294522672891617,128,0.3333333333333333,0.03557468205690384,0.03645428270101547,0.2966666666666667
ibex_horns,2,8,random_inpainting,0.888,686.184,0.75,0.014856654219329357,0.08952070772647858,0.11078798025846481,0.039121340960264206,0.012066029012203217,0.01211340632289648,0.011953751556575298,0.12222127616405487,0.12261656671762466,0.12128446996212006,128,0.3333333333333333,0.06072966381907463,0.061399124562740326,0.2966666666666667
junco,2,8,random_inpainting,0.888,686.184,0.75,0.014856654219329357,0.034636422991752625,0.04486585408449173,0.010745528154075146,0.004320954903960228,0.004377456381917,0.004188993945717812,0.12122766673564911,0.1209389939904213,0.12190184742212296,128,0.3333333333333333,0.02253330498933792,0.023438384756445885,0.2966666666666667
lakeside_beach,2,8,random_inpainting,0.888,686.184,0.75,0.014856654219329357,0.03321000188589096,0.043510645627975464,0.008927504532039165,0.002784647513180971,0.0027928627096116543,0.002765280893072486,0.11943316459655762,0.11931540817022324,0.11971072107553482,128,0.3333333333333333,0.014752967283129692,0.01563015766441822,0.2966666666666667
sea_anemone,2,8,random_inpainting,0.888,686.184,0.75,0.014856654219329357,0.05011008307337761,0.06346029043197632,0.018463417887687683,0.006000745575875044,0.005981093738228083,0.0060473293997347355,0.12233893573284149,0.12265759706497192,0.12158352136611938,128,0.3333333333333333,0.03157629072666168,0.03247954696416855,0.2966666666666667
shetland_sheepdog,2,8,random_inpainting,0.888,686.184,0.75,0.014856654219329357,0.028578627854585648,0.03767325356602669,0.008085018023848534,0.006349228322505951,0.006271209567785263,0.006525034084916115,0.11962303519248962,0.11981315910816193,0.11919461190700531,128,0.3333333333333333,0.03373515605926514,0.03435368463397026,0.2966666666666667
breastplate_armor,2,8,gaussian_blur,0.888,686.184,0.75,0.014856654219329357,0.16014835238456726,,,0.006105414591729641,,,0.12183339893817902,,,128,0.3333333333333333,0.031814660876989365,0.03257700800895691,0.2966666666666667
crane_structure,2,8,gaussian_blur,0.888,686.184,0.75,0.014856654219329357,0.16112679243087769,,,0.007457140367478132,,,0.12212574481964111,,,128,0.3333333333333333,0.03557468205690384,0.03645428270101547,0.2966666666666667
ibex_horns,2,8,gaussian_blur,0.888,686.184,0.75,0.014856654219329357,0.15924835205078125,,,0.012066029012203217,,,0.12222127616405487,,,128,0.3333333333333333,0.06072966381907463,0.061399124562740326,0.2966666666666667
junco,2,8,gaussian_blur,0.888,686.184,0.75,0.014856654219329357,0.16059131920337677,,,0.004320954903960228,,,0.12122766673564911,,,128,0.3333333333333333,0.02253330498933792,0.023438384756445885,0.2966666666666667
lakeside_beach,2,8,gaussian_blur,0.888,686.184,0.75,0.014856654219329357,0.1579093337059021,,,0.002784647513180971,,,0.11943316459655762,,,128,0.3333333333333333,0.014752967283129692,0.01563015766441822,0.2966666666666667
sea_anemone,2,8,gaussian_blur,0.888,686.184,0.75,0.014856654219329357,0.16108590364456177,,,0.006000745575875044,,,0.12233893573284149,,,128,0.3333333333333333,0.03157629072666168,0.03247954696416855,0.2966666666666667
shetland_sheepdog,2,8,gaussian_blur,0.888,686.184,0.75,0.014856654219329357,0.15725332498550415,,,0.006349228322505951,,,0.11962303519248962,,,128,0.3333333333333333,0.03373515605926514,0.03435368463397026,0.2966666666666667
breastplate_armor,2,8,motion_blur,0.888,686.184,0.75,0.014856654219329357,0.13601712882518768,,,0.006105414591729641,,,0.12183339893817902,,,128,0.3333333333333333,0.031814660876989365,0.03257700800895691,0.2966666666666667
crane_structure,2,8,motion_blur,0.888,686.184,0.75,0.014856654219329357,0.13732752203941345,,,0.007457140367478132,,,0.12212574481964111,,,128,0.3333333333333333,0.03557468205690384,0.03645428270101547,0.2966666666666667
ibex_horns,2,8,motion_blur,0.888,686.184,0.75,0.014856654219329357,0.13511858880519867,,,0.012066029012203217,,,0.12222127616405487,,,128,0.3333333333333333,0.06072966381907463,0.061399124562740326,0.2966666666666667
junco,2,8,motion_blur,0.888,686.184,0.75,0.014856654219329357,0.13515621423721313,,,0.004320954903960228,,,0.12122766673564911,,,128,0.3333333333333333,0.02253330498933792,0.023438384756445885,0.2966666666666667
lakeside_beach,2,8,motion_blur,0.888,686.184,0.75,0.014856654219329357,0.13269874453544617,,,0.002784647513180971,,,0.11943316459655762,,,128,0.3333333333333333,0.014752967283129692,0.01563015766441822,0.2966666666666667
sea_anemone,2,8,motion_blur,0.888,686.184,0.75,0.014856654219329357,0.135051891207695,,,0.006000745575875044,,,0.12233893573284149,,,128,0.3333333333333333,0.03157629072666168,0.03247954696416855,0.2966666666666667
shetland_sheepdog,2,8,motion_blur,0.888,686.184,0.75,0.014856654219329357,0.13220688700675964,,,0.006349228322505951,,,0.11962303519248962,,,128,0.3333333333333333,0.03373515605926514,0.03435368463397026,0.2966666666666667
breastplate_armor,2,8,superresolution,0.888,686.184,0.75,0.014856654219329357,0.15510854125022888,,,0.006105414591729641,,,0.12183339893817902,,,128,0.3333333333333333,0.031814660876989365,0.03257700800895691,0.2966666666666667
crane_structure,2,8,superresolution,0.888,686.184,0.75,0.014856654219329357,0.156663179397583,,,0.007457140367478132,,,0.12212574481964111,,,128,0.3333333333333333,0.03557468205690384,0.03645428270101547,0.2966666666666667
ibex_horns,2,8,superresolution,0.888,686.184,0.75,0.014856654219329357,0.15456104278564453,,,0.012066029012203217,,,0.12222127616405487,,,128,0.3333333333333333,0.06072966381907463,0.061399124562740326,0.2966666666666667
junco,2,8,superresolution,0.888,686.184,0.75,0.014856654219329357,0.15642555058002472,,,0.004320954903960228,,,0.12122766673564911,,,128,0.3333333333333333,0.02253330498933792,0.023438384756445885,0.2966666666666667
lakeside_beach,2,8,superresolution,0.888,686.184,0.75,0.014856654219329357,0.15287363529205322,,,0.002784647513180971,,,0.11943316459655762,,,128,0.3333333333333333,0.014752967283129692,0.01563015766441822,0.2966666666666667
sea_anemone,2,8,superresolution,0.888,686.184,0.75,0.014856654219329357,0.15590113401412964,,,0.006000745575875044,,,0.12233893573284149,,,128,0.3333333333333333,0.03157629072666168,0.03247954696416855,0.2966666666666667
shetland_sheepdog,2,8,superresolution,0.888,686.184,0.75,0.014856654219329357,0.1523764431476593,,,0.006349228322505951,,,0.11962303519248962,,,128,0.3333333333333333,0.03373515605926514,0.03435368463397026,0.2966666666666667
breastplate_armor,2,9,box_inpainting,0.999,718.707,0.75,0.016559859737753868,0.03251390904188156,0.10948657989501953,0.006856353022158146,0.004995401948690414,0.005017864052206278,0.004987915046513081,0.11944194883108139,0.11958140879869461,0.11939546465873718,128,0.3333333333333333,0.04345957189798355,0.04500317573547363,0.2504166666666667
crane_structure,2,9,box_inpainting,0.999,718.707,0.75,0.016559859737753868,0.04514557123184204,0.12598098814487457,0.01820043846964836,0.005629870109260082,0.008359923027455807,0.004719851538538933,0.11922841519117355,0.12101247161626816,0.11863371729850769,128,0.3333333333333333,0.04314117878675461,0.044940024614334106,0.2504166666666667
ibex_horns,2,9,box_inpainting,0.999,718.707,0.75,0.016559859737753868,0.036270782351493835,0.10847622901201248,0.012202296406030655,0.009684829972684383,0.011506336741149426,0.009077661670744419,0.11759116500616074,0.11754181236028671,0.11760760843753815,128,0.3333333333333333,0.08091447502374649,0.08223549276590347,0.2504166666666667
junco,2,9,box_inpainting,0.999,718.707,0.75,0.016559859737753868,0.030478231608867645,0.11144556850194931,0.003489120863378048,0.003396144136786461,0.004292923491448164,0.0030972177628427744,0.11942699551582336,0.1190330982208252,0.11955830454826355,128,0.3333333333333333,0.029037922620773315,0.030873319134116173,0.2504166666666667
lakeside_beach,2,9,box_inpainting,0.999,718.707,0.75,0.016559859737753868,0.028432419523596764,0.10974099487066269,0.0013295578537508845,0.002276873216032982,0.0034292342606931925,0.0018927529454231262,0.11827277392148972,0.11844832450151443,0.11821424961090088,128,0.3333333333333333,0.019942861050367355,0.021558230742812157,0.2504166666666667
sea_anemone,2,9,box_inpainting,0.999,718.707,0.75,0.016559859737753868,0.031332846730947495,0.10866714268922806,0.005554743576794863,0.004899537190794945,0.004823579918593168,0.004924855660647154,0.11978992074728012,0.11817105859518051,0.12032953649759293,128,0.3333333333333333,0.04300704598426819,0.04465947672724724,0.2504166666666667
shetland_sheepdog,2,9,box_inpainting,0.999,718.707,0.75,0.016559859737753868,0.028792699798941612,0.10715493559837341,0.0026719565503299236,0.005249422043561935,0.005162161309272051,0.0052785081788897514,0.11722355335950851,0.11666319519281387,0.1174103319644928,128,0.3333333333333333,0.045924942940473557,0.04705594480037689,0.2504166666666667
breastplate_armor,2,9,random_inpainting,0.999,718.707,0.75,0.016559859737753868,0.04371790215373039,0.053248919546604156,0.02104513719677925,0.004995401948690414,0.004950413480401039,0.005102424882352352,0.11944194883108139,0.12020386755466461,0.11762948334217072,128,0.3333333333333333,0.04345957189798355,0.04500317573547363,0.2504166666666667
crane_structure,2,9,random_inpainting,0.999,718.707,0.75,0.016559859737753868,0.08273211866617203,0.0976475328207016,0.047601617872714996,0.005629870109260082,0.005568337626755238,0.005774796009063721,0.11922841519117355,0.11896277964115143,0.11985406279563904,128,0.3333333333333333,0.04314117878675461,0.044940024614334106,0.2504166666666667
ibex_horns,2,9,random_inpainting,0.999,718.707,0.75,0.016559859737753868,0.06309032440185547,0.07563323527574539,0.03336604684591293,0.009684829972684383,0.009706124663352966,0.009634367190301418,0.11759116500616074,0.1179889440536499,0.11664846539497375,128,0.3333333333333333,0.08091447502374649,0.08223549276590347,0.2504166666666667
junco,2,9,random_inpainting,0.999,718.707,0.75,0.016559859737753868,0.02478783391416073,0.03152058646082878,0.00906345248222351,0.003396144136786461,0.0034573636949062347,0.0032531653996556997,0.11942699551582336,0.11914335191249847,0.12008944153785706,128,0.3333333333333333,0.029037922620773315,0.030873319134116173,0.2504166666666667
lakeside_beach,2,9,random_inpainting,0.999,718.707,0.75,0.016559859737753868,0.023285623639822006,0.030027836561203003,0.007391683757305145,0.002276873216032982,0.0022881922777742147,0.002250189892947674,0.11827277392148972,0.11818713694810867,0.11847464740276337,128,0.3333333333333333,0.019942861050367355,0.021558230742812157,0.2504166666666667
sea_anemone,2,9,random_inpainting,0.999,718.707,0.75,0.016559859737753868,0.0351688489317894,0.04349048063158989,0.015442421659827232,0.004899537190794945,0.004881565924733877,0.004942136351019144,0.11978992074728012,0.12006564438343048,0.1191362589597702,128,0.3333333333333333,0.04300704598426819,0.04465947672724724,0.2504166666666667
shetland_sheepdog,2,9,random_inpainting,0.999,718.707,0.75,0.016559859737753868,0.020476996898651123,0.026529237627983093,0.006839020177721977,0.005249422043561935,0.005184622015804052,0.005395439453423023,0.11722355335950851,0.11742846667766571,0.11676180362701416,128,0.3333333333333333,0.045924942940473557,0.04705594480037689,0.2504166666666667
breastplate_armor,2,9,gaussian_blur,0.999,718.707,0.75,0.016559859737753868,0.09340798854827881,,,0.004995401948690414,,,0.11944194883108139,,,128,0.3333333333333333,0.04345957189798355,0.04500317573547363,0.2504166666666667
crane_structure,2,9,gaussian_blur,0.999,718.707,0.75,0.016559859737753868,0.09399676322937012,,,0.005629870109260082,,,0.11922841519117355,,,128,0.3333333333333333,0.04314117878675461,0.044940024614334106,0.2504166666666667
ibex_horns,2,9,gaussian_blur,0.999,718.707,0.75,0.016559859737753868,0.09299298375844955,,,0.009684829972684383,,,0.11759116500616074,,,128,0.3333333333333333,0.08091447502374649,0.08223549276590347,0.2504166666666667
junco,2,9,gaussian_blur,0.999,718.707,0.75,0.016559859737753868,0.09364237636327744,,,0.003396144136786461,,,0.11942699551582336,,,128,0.3333333333333333,0.029037922620773315,0.030873319134116173,0.2504166666666667
lakeside_beach,2,9,gaussian_blur,0.999,718.707,0.75,0.016559859737753868,0.09205889701843262,,,0.002276873216032982,,,0.11827277392148972,,,128,0.3333333333333333,0.019942861050367355,0.021558230742812157,0.2504166666666667
sea_anemone,2,9,gaussian_blur,0.999,718.707,0.75,0.016559859737753868,0.09400327503681183,,,0.004899537190794945,,,0.11978992074728012,,,128,0.3333333333333333,0.04300704598426819,0.04465947672724724,0.2504166666666667
shetland_sheepdog,2,9,gaussian_blur,0.999,718.707,0.75,0.016559859737753868,0.09172256290912628,,,0.005249422043561935,,,0.11722355335950851,,,128,0.3333333333333333,0.045924942940473557,0.04705594480037689,0.2504166666666667
breastplate_armor,2,9,motion_blur,0.999,718.707,0.75,0.016559859737753868,0.0846061259508133,,,0.004995401948690414,,,0.11944194883108139,,,128,0.3333333333333333,0.04345957189798355,0.04500317573547363,0.2504166666666667
crane_structure,2,9,motion_blur,0.999,718.707,0.75,0.016559859737753868,0.08564703911542892,,,0.005629870109260082,,,0.11922841519117355,,,128,0.3333333333333333,0.04314117878675461,0.044940024614334106,0.2504166666666667
ibex_horns,2,9,motion_blur,0.999,718.707,0.75,0.016559859737753868,0.08408786356449127,,,0.009684829972684383,,,0.11759116500616074,,,128,0.3333333333333333,0.08091447502374649,0.08223549276590347,0.2504166666666667
junco,2,9,motion_blur,0.999,718.707,0.75,0.016559859737753868,0.08395849168300629,,,0.003396144136786461,,,0.11942699551582336,,,128,0.3333333333333333,0.029037922620773315,0.030873319134116173,0.2504166666666667
lakeside_beach,2,9,motion_blur,0.999,718.707,0.75,0.016559859737753868,0.08252879232168198,,,0.002276873216032982,,,0.11827277392148972,,,128,0.3333333333333333,0.019942861050367355,0.021558230742812157,0.2504166666666667
sea_anemone,2,9,motion_blur,0.999,718.707,0.75,0.016559859737753868,0.0841190442442894,,,0.004899537190794945,,,0.11978992074728012,,,128,0.3333333333333333,0.04300704598426819,0.04465947672724724,0.2504166666666667
shetland_sheepdog,2,9,motion_blur,0.999,718.707,0.75,0.016559859737753868,0.08225090801715851,,,0.005249422043561935,,,0.11722355335950851,,,128,0.3333333333333333,0.045924942940473557,0.04705594480037689,0.2504166666666667
breastplate_armor,2,9,superresolution,0.999,718.707,0.75,0.016559859737753868,0.08977510035037994,,,0.004995401948690414,,,0.11944194883108139,,,128,0.3333333333333333,0.04345957189798355,0.04500317573547363,0.2504166666666667
crane_structure,2,9,superresolution,0.999,718.707,0.75,0.016559859737753868,0.09090042114257812,,,0.005629870109260082,,,0.11922841519117355,,,128,0.3333333333333333,0.04314117878675461,0.044940024614334106,0.2504166666666667
ibex_horns,2,9,superresolution,0.999,718.707,0.75,0.016559859737753868,0.08960996568202972,,,0.009684829972684383,,,0.11759116500616074,,,128,0.3333333333333333,0.08091447502374649,0.08223549276590347,0.2504166666666667
junco,2,9,superresolution,0.999,718.707,0.75,0.016559859737753868,0.09045632183551788,,,0.003396144136786461,,,0.11942699551582336,,,128,0.3333333333333333,0.029037922620773315,0.030873319134116173,0.2504166666666667
lakeside_beach,2,9,superresolution,0.999,718.707,0.75,0.016559859737753868,0.08845070004463196,,,0.002276873216032982,,,0.11827277392148972,,,128,0.3333333333333333,0.019942861050367355,0.021558230742812157,0.2504166666666667
sea_anemone,2,9,superresolution,0.999,718.707,0.75,0.016559859737753868,0.09020620584487915,,,0.004899537190794945,,,0.11978992074728012,,,128,0.3333333333333333,0.04300704598426819,0.04465947672724724,0.2504166666666667
shetland_sheepdog,2,9,superresolution,0.999,718.707,0.75,0.016559859737753868,0.0882020816206932,,,0.005249422043561935,,,0.11722355335950851,,,128,0.3333333333333333,0.045924942940473557,0.04705594480037689,0.2504166666666667
breastplate_armor,3,0,box_inpainting,0.0,719.0,1.0,0.009431982412934303,0.11011453717947006,0.4404164254665375,1.391528348904103e-05,0.01070193387567997,0.012560625560581684,0.010082369670271873,0.010700508020818233,0.012440052814781666,0.01012065913528204,256,0.6000000000000001,0.024079352617263794,0.024050867184996605,0.3999999999999999
crane_structure,3,0,box_inpainting,0.0,719.0,1.0,0.009431982412934303,0.11130797863006592,0.44519004225730896,1.3958853742224164e-05,0.01085508894175291,0.014688231982290745,0.009577374905347824,0.010891497135162354,0.014616806991398335,0.009649727493524551,256,0.6000000000000001,0.024423953145742416,0.024477392435073853,0.3999999999999999
ibex_horns,3,0,box_inpainting,0.0,719.0,1.0,0.009431982412934303,0.11069206893444061,0.4427264630794525,1.3937005860498175e-05,0.018851108849048615,0.024723360314965248,0.016893692314624786,0.018656868487596512,0.024299124255776405,0.016776112839579582,256,0.6000000000000001,0.04241500049829483,0.041976869106292725,0.3999999999999999
junco,3,0,box_inpainting,0.0,719.0,1.0,0.009431982412934303,0.11139386892318726,0.4455338418483734,1.388086639053654e-05,0.005455455742776394,0.006860215682536364,0.0049872025847435,0.005603477358818054,0.006980078760534525,0.005144610535353422,256,0.6000000000000001,0.01227477751672268,0.012564255855977535,0.3999999999999999
lakeside_beach,3,0,box_inpainting,0.0,719.0,1.0,0.009431982412934303,0.11002369970083237,0.4400530755519867,1.390195575368125e-05,0.004074672237038612,0.006550072226673365,0.0032495383638888597,0.004269257187843323,0.006689203903079033,0.0034626079723238945,256,0.6000000000000001,0.00916801206767559,0.009556609205901623,0.3999999999999999
sea_anemone,3,0,box_inpainting,0.0,719.0,1.0,0.009431982412934303,0.11064602434635162,0.44254234433174133,1.3905047126172576e-05,0.009521909058094025,0.007961875759065151,0.010041918605566025,0.00953856110572815,0.008063097484409809,0.010030381381511688,256,0.6000000000000001,0.021424291655421257,0.021433904767036438,0.3999999999999999
shetland_sheepdog,3,0,box_inpainting,0.0,719.0,1.0,0.009431982412934303,0.11077996343374252,0.4430778920650482,1.39839576149825e-05,0.006563700735569,0.006273741368204355,0.006660353392362595,0.006742621771991253,0.006452561821788549,0.006839307490736246,256,0.6000000000000001,0.014768327586352825,0.015123225748538971,0.3999999999999999
breastplate_armor,3,0,random_inpainting,0.0,719.0,1.0,0.009431982412934303,0.3112030029296875,0.44301697611808777,1.392173635395011e-05,0.01070193387567997,0.010636347346007824,0.010856774635612965,0.010700508020818233,0.010643936693668365,0.010834063403308392,256,0.6000000000000001,0.024079352617263794,0.024050867184996605,0.3999999999999999
crane_structure,3,0,random_inpainting,0.0,719.0,1.0,0.009431982412934303,0.3116397261619568,0.4457201659679413,1.3957254850538447e-05,0.01085508894175291,0.01072956994175911,0.011146818287670612,0.010891497135162354,0.010769807733595371,0.011174325831234455,256,0.6000000000000001,0.024423953145742416,0.024477392435073853,0.3999999999999999
ibex_horns,3,0,random_inpainting,0.0,719.0,1.0,0.009431982412934303,0.3093712031841278,0.4434336721897125,1.4006895071361214e-05,0.018851108849048615,0.018785398453474045,0.01900274120271206,0.018656868487596512,0.018597006797790527,0.01879500038921833,256,0.6000000000000001,0.04241500049829483,0.041976869106292725,0.3999999999999999
junco,3,0,random_inpainting,0.0,719.0,1.0,0.009431982412934303,0.3098286986351013,0.44276273250579834,1.3986806152388453e-05,0.005455455742776394,0.005504420027136803,0.005341339856386185,0.005603477358818054,0.005647680256515741,0.00550045957788825,256,0.6000000000000001,0.01227477751672268,0.012564255855977535,0.3999999999999999
lakeside_beach,3,0,random_inpainting,0.0,719.0,1.0,0.009431982412934303,0.31176793575286865,0.44461315870285034,1.3761905393039342e-05,0.004074672237038612,0.0040942104533314705,0.004028819967061281,0.004269257187843323,0.004293557722121477,0.004212229512631893,256,0.6000000000000001,0.00916801206767559,0.009556609205901623,0.3999999999999999
sea_anemone,3,0,random_inpainting,0.0,719.0,1.0,0.009431982412934303,0.31193944811820984,0.44379541277885437,1.3895120900997426e-05,0.009521909058094025,0.009422044269740582,0.009758152067661285,0.00953856110572815,0.00943880807608366,0.009774538688361645,256,0.6000000000000001,0.021424291655421257,0.021433904767036438,0.3999999999999999
shetland_sheepdog,3,0,random_inpainting,0.0,719.0,1.0,0.009431982412934303,0.31049612164497375,0.44566988945007324,1.3967998711450491e-05,0.006563700735569,0.006594935432076454,0.0064919558353722095,0.006742621771991253,0.00676695117726922,0.006686736363917589,256,0.6000000000000001,0.014768327586352825,0.015123225748538971,0.3999999999999999
breastplate_armor,3,0,gaussian_blur,0.0,719.0,1.0,0.009431982412934303,0.4227033257484436,,,0.01070193387567997,,,0.010700508020818233,,,256,0.6000000000000001,0.024079352617263794,0.024050867184996605,0.3999999999999999
crane_structure,3,0,gaussian_blur,0.0,719.0,1.0,0.009431982412934303,0.4248461425304413,,,0.01085508894175291,,,0.010891497135162354,,,256,0.6000000000000001,0.024423953145742416,0.024477392435073853,0.3999999999999999
ibex_horns,3,0,gaussian_blur,0.0,719.0,1.0,0.009431982412934303,0.42425763607025146,,,0.018851108849048615,,,0.018656868487596512,,,256,0.6000000000000001,0.04241500049829483,0.041976869106292725,0.3999999999999999
junco,3,0,gaussian_blur,0.0,719.0,1.0,0.009431982412934303,0.42302536964416504,,,0.005455455742776394,,,0.005603477358818054,,,256,0.6000000000000001,0.01227477751672268,0.012564255855977535,0.3999999999999999
lakeside_beach,3,0,gaussian_blur,0.0,719.0,1.0,0.009431982412934303,0.4222285747528076,,,0.004074672237038612,,,0.004269257187843323,,,256,0.6000000000000001,0.00916801206767559,0.009556609205901623,0.3999999999999999
sea_anemone,3,0,gaussian_blur,0.0,719.0,1.0,0.009431982412934303,0.4227471351623535,,,0.009521909058094025,,,0.00953856110572815,,,256,0.6000000000000001,0.021424291655421257,0.021433904767036438,0.3999999999999999
shetland_sheepdog,3,0,gaussian_blur,0.0,719.0,1.0,0.009431982412934303,0.424877405166626,,,0.006563700735569,,,0.006742621771991253,,,256,0.6000000000000001,0.014768327586352825,0.015123225748538971,0.3999999999999999
breastplate_armor,3,0,motion_blur,0.0,719.0,1.0,0.009431982412934303,0.36561521887779236,,,0.01070193387567997,,,0.010700508020818233,,,256,0.6000000000000001,0.024079352617263794,0.024050867184996605,0.3999999999999999
crane_structure,3,0,motion_blur,0.0,719.0,1.0,0.009431982412934303,0.3677513301372528,,,0.01085508894175291,,,0.010891497135162354,,,256,0.6000000000000001,0.024423953145742416,0.024477392435073853,0.3999999999999999
ibex_horns,3,0,motion_blur,0.0,719.0,1.0,0.009431982412934303,0.3671041429042816,,,0.018851108849048615,,,0.018656868487596512,,,256,0.6000000000000001,0.04241500049829483,0.041976869106292725,0.3999999999999999
junco,3,0,motion_blur,0.0,719.0,1.0,0.009431982412934303,0.3657706677913666,,,0.005455455742776394,,,0.005603477358818054,,,256,0.6000000000000001,0.01227477751672268,0.012564255855977535,0.3999999999999999
lakeside_beach,3,0,motion_blur,0.0,719.0,1.0,0.009431982412934303,0.3652607798576355,,,0.004074672237038612,,,0.004269257187843323,,,256,0.6000000000000001,0.00916801206767559,0.009556609205901623,0.3999999999999999
sea_anemone,3,0,motion_blur,0.0,719.0,1.0,0.009431982412934303,0.36581748723983765,,,0.009521909058094025,,,0.00953856110572815,,,256,0.6000000000000001,0.021424291655421257,0.021433904767036438,0.3999999999999999
shetland_sheepdog,3,0,motion_blur,0.0,719.0,1.0,0.009431982412934303,0.368017315864563,,,0.006563700735569,,,0.006742621771991253,,,256,0.6000000000000001,0.014768327586352825,0.015123225748538971,0.3999999999999999
breastplate_armor,3,0,superresolution,0.0,719.0,1.0,0.009431982412934303,0.4193972051143646,,,0.01070193387567997,,,0.010700508020818233,,,256,0.6000000000000001,0.024079352617263794,0.024050867184996605,0.3999999999999999
crane_structure,3,0,superresolution,0.0,719.0,1.0,0.009431982412934303,0.4215676784515381,,,0.01085508894175291,,,0.010891497135162354,,,256,0.6000000000000001,0.024423953145742416,0.024477392435073853,0.3999999999999999
ibex_horns,3,0,superresolution,0.0,719.0,1.0,0.009431982412934303,0.4211936891078949,,,0.018851108849048615,,,0.018656868487596512,,,256,0.6000000000000001,0.04241500049829483,0.041976869106292725,0.3999999999999999
junco,3,0,superresolution,0.0,719.0,1.0,0.009431982412934303,0.4197402596473694,,,0.005455455742776394,,,0.005603477358818054,,,256,0.6000000000000001,0.01227477751672268,0.012564255855977535,0.3999999999999999
lakeside_beach,3,0,superresolution,0.0,719.0,1.0,0.009431982412934303,0.41890305280685425,,,0.004074672237038612,,,0.004269257187843323,,,256,0.6000000000000001,0.00916801206767559,0.009556609205901623,0.3999999999999999
sea_anemone,3,0,superresolution,0.0,719.0,1.0,0.009431982412934303,0.4199252128601074,,,0.009521909058094025,,,0.00953856110572815,,,256,0.6000000000000001,0.021424291655421257,0.021433904767036438,0.3999999999999999
shetland_sheepdog,3,0,superresolution,0.0,719.0,1.0,0.009431982412934303,0.4217955470085144,,,0.006563700735569,,,0.006742621771991253,,,256,0.6000000000000001,0.014768327586352825,0.015123225748538971,0.3999999999999999
breastplate_armor,3,1,box_inpainting,0.111,750.1111111111111,1.0,0.01087617315351963,0.07548147439956665,0.30186524987220764,2.0205541659379378e-05,0.010115689598023891,0.012084737420082092,0.009459340013563633,0.010165566578507423,0.01201587449759245,0.009548796340823174,256,0.6000000000000001,0.033218737691640854,0.03341368958353996,0.3555999999999999
crane_structure,3,1,box_inpainting,0.111,750.1111111111111,1.0,0.01087617315351963,0.07629980891942978,0.3051384389400482,2.026884067163337e-05,0.011583326384425163,0.016402335837483406,0.009976988658308983,0.011517736129462719,0.016208956018090248,0.009953995235264301,256,0.6000000000000001,0.03803827241063118,0.03784956410527229,0.3555999999999999
ibex_horns,3,1,box_inpainting,0.111,750.1111111111111,1.0,0.01087617315351963,0.0758775994181633,0.30344969034194946,2.0236846467014402e-05,0.015883885324001312,0.020095182582736015,0.01448011863976717,0.01579064130783081,0.01986073888838291,0.014433941803872585,256,0.6000000000000001,0.052160799503326416,0.051869720220565796,0.3555999999999999
junco,3,1,box_inpainting,0.111,750.1111111111111,1.0,0.01087617315351963,0.07635840773582458,0.3053731620311737,2.0155230231466703e-05,0.004571873228996992,0.005821081344038248,0.00415547052398324,0.004726908169686794,0.005953870713710785,0.004317920189350843,256,0.6000000000000001,0.015013493597507477,0.01556344237178564,0.3555999999999999
lakeside_beach,3,1,box_inpainting,0.111,750.1111111111111,1.0,0.01087617315351963,0.07541938871145248,0.30161693692207336,2.0186147594358772e-05,0.0042419470846652985,0.006893175188452005,0.0033582039177417755,0.00437493622303009,0.006967220455408096,0.003510841401293874,256,0.6000000000000001,0.013930054381489754,0.014406080357730389,0.3555999999999999
sea_anemone,3,1,box_inpainting,0.111,750.1111111111111,1.0,0.01087617315351963,0.07584559172391891,0.3033217787742615,2.0190482246107422e-05,0.008068043738603592,0.006868591997772455,0.008467861451208591,0.008140461519360542,0.007002515252679586,0.008519777096807957,256,0.6000000000000001,0.026494506746530533,0.02676371857523918,0.3555999999999999
shetland_sheepdog,3,1,box_inpainting,0.111,750.1111111111111,1.0,0.01087617315351963,0.07593764364719391,0.3036896288394928,2.0304927602410316e-05,0.005704901181161404,0.005357731133699417,0.005820624530315399,0.0058737448416650295,0.00552370073273778,0.00599042559042573,256,0.6000000000000001,0.018734224140644073,0.01933078095316887,0.3555999999999999
breastplate_armor,3,1,random_inpainting,0.111,750.1111111111111,1.0,0.01087617315351963,0.2133045792579651,0.30364790558815,2.0216353732394055e-05,0.010115689598023891,0.010034381411969662,0.010307644493877888,0.010165566578507423,0.010091525502502918,0.010340360924601555,256,0.6000000000000001,0.033218737691640854,0.03341368958353996,0.3555999999999999
crane_structure,3,1,random_inpainting,0.111,750.1111111111111,1.0,0.01087617315351963,0.21360425651073456,0.30550119280815125,2.026744550676085e-05,0.011583326384425163,0.011410198174417019,0.011985705234110355,0.011517736129462719,0.01134759932756424,0.011913160793483257,256,0.6000000000000001,0.03803827241063118,0.03784956410527229,0.3555999999999999
ibex_horns,3,1,random_inpainting,0.111,750.1111111111111,1.0,0.01087617315351963,0.21204940974712372,0.3039339482784271,2.0335546651040204e-05,0.015883885324001312,0.015816448256373405,0.016039501875638962,0.01579064130783081,0.01572742499411106,0.01593651995062828,256,0.6000000000000001,0.052160799503326416,0.051869720220565796,0.3555999999999999
junco,3,1,random_inpainting,0.111,750.1111111111111,1.0,0.01087617315351963,0.21236275136470795,0.3034738004207611,2.0309234969317913e-05,0.004571873228996992,0.004631154239177704,0.004433713853359222,0.004726908169686794,0.004780432675033808,0.004602163098752499,256,0.6000000000000001,0.015013493597507477,0.01556344237178564,0.3555999999999999
lakeside_beach,3,1,random_inpainting,0.111,750.1111111111111,1.0,0.01087617315351963,0.21369203925132751,0.30474233627319336,1.9982440790045075e-05,0.0042419470846652985,0.004282423295080662,0.004146960098296404,0.00437493622303009,0.0044150506146252155,0.004280796740204096,256,0.6000000000000001,0.013930054381489754,0.014406080357730389,0.3555999999999999
sea_anemone,3,1,random_inpainting,0.111,750.1111111111111,1.0,0.01087617315351963,0.21380925178527832,0.30418136715888977,2.017530641751364e-05,0.008068043738603592,0.00794154405593872,0.008367299102246761,0.008140461519360542,0.008016281761229038,0.008434227667748928,256,0.6000000000000001,0.026494506746530533,0.02676371857523918,0.3555999999999999
shetland_sheepdog,3,1,random_inpainting,0.111,750.1111111111111,1.0,0.01087617315351963,0.21282029151916504,0.3054664433002472,2.028226481343154e-05,0.005704901181161404,0.0057298047468066216,0.005647699814289808,0.0058737448416650295,0.00589221715927124,0.005831313785165548,256,0.6000000000000001,0.018734224140644073,0.01933078095316887,0.3555999999999999
breastplate_armor,3,1,gaussian_blur,0.111,750.1111111111111,1.0,0.01087617315351963,0.2907223701477051,,,0.010115689598023891,,,0.010165566578507423,,,256,0.6000000000000001,0.033218737691640854,0.03341368958353996,0.3555999999999999
crane_structure,3,1,gaussian_blur,0.111,750.1111111111111,1.0,0.01087617315351963,0.29223498702049255,,,0.011583326384425163,,,0.011517736129462719,,,256,0.6000000000000001,0.03803827241063118,0.03784956410527229,0.3555999999999999
ibex_horns,3,1,gaussian_blur,0.111,750.1111111111111,1.0,0.01087617315351963,0.2917972803115845,,,0.015883885324001312,,,0.01579064130783081,,,256,0.6000000000000001,0.052160799503326416,0.051869720220565796,0.3555999999999999
junco,3,1,gaussian_blur,0.111,750.1111111111111,1.0,0.01087617315351963,0.29093894362449646,,,0.004571873228996992,,,0.004726908169686794,,,256,0.6000000000000001,0.015013493597507477,0.01556344237178564,0.3555999999999999
lakeside_beach,3,1,gaussian_blur,0.111,750.1111111111111,1.0,0.01087617315351963,0.2904484272003174,,,0.0042419470846652985,,,0.00437493622303009,,,256,0.6000000000000001,0.013930054381489754,0.014406080357730389,0.3555999999999999
sea_anemone,3,1,gaussian_blur,0.111,750.1111111111111,1.0,0.01087617315351963,0.29075148701667786,,,0.008068043738603592,,,0.008140461519360542,,,256,0.6000000000000001,0.026494506746530533,0.02676371857523918,0.3555999999999999
shetland_sheepdog,3,1,gaussian_blur,0.111,750.1111111111111,1.0,0.01087617315351963,0.29222941398620605,,,0.005704901181161404,,,0.0058737448416650295,,,256,0.6000000000000001,0.018734224140644073,0.01933078095316887,0.3555999999999999
breastplate_armor,3,1,motion_blur,0.111,750.1111111111111,1.0,0.01087617315351963,0.259375661611557,,,0.010115689598023891,,,0.010165566578507423,,,256,0.6000000000000001,0.033218737691640854,0.03341368958353996,0.3555999999999999
crane_structure,3,1,motion_blur,0.111,750.1111111111111,1.0,0.01087617315351963,0.2608662247657776,,,0.011583326384425163,,,0.011517736129462719,,,256,0.6000000000000001,0.03803827241063118,0.03784956410527229,0.3555999999999999
ibex_horns,3,1,motion_blur,0.111,750.1111111111111,1.0,0.01087617315351963,0.26045507192611694,,,0.015883885324001312,,,0.01579064130783081,,,256,0.6000000000000001,0.052160799503326416,0.051869720220565796,0.3555999999999999
junco,3,1,motion_blur,0.111,750.1111111111111,1.0,0.01087617315351963,0.2595248520374298,,,0.004571873228996992,,,0.004726908169686794,,,256,0.6000000000000001,0.015013493597507477,0.01556344237178564,0.3555999999999999
lakeside_beach,3,1,motion_blur,0.111,750.1111111111111,1.0,0.01087617315351963,0.2591235637664795,,,0.0042419470846652985,,,0.00437493622303009,,,256,0.6000000000000001,0.013930054381489754,0.014406080357730389,0.3555999999999999
sea_anemone,3,1,motion_blur,0.111,750.1111111111111,1.0,0.01087617315351963,0.25954923033714294,,,0.008068043738603592,,,0.008140461519360542,,,256,0.6000000000000001,0.026494506746530533,0.02676371857523918,0.3555999999999999
shetland_sheepdog,3,1,motion_blur,0.111,750.1111111111111,1.0,0.01087617315351963,0.2610335350036621,,,0.005704901181161404,,,0.0058737448416650295,,,256,0.6000000000000001,0.018734224140644073,0.01933078095316887,0.3555999999999999
breastplate_armor,3,1,superresolution,0.111,750.1111111111111,1.0,0.01087617315351963,0.28826969861984253,,,0.010115689598023891,,,0.010165566578507423,,,256,0.6000000000000001,0.033218737691640854,0.03341368958353996,0.3555999999999999
crane_structure,3,1,superresolution,0.111,750.1111111111111,1.0,0.01087617315351963,0.2897895574569702,,,0.011583326384425163,,,0.011517736129462719,,,256,0.6000000000000001,0.03803827241063118,0.03784956410527229,0.3555999999999999
ibex_horns,3,1,superresolution,0.111,750.1111111111111,1.0,0.01087617315351963,0.28951483964920044,,,0.015883885324001312,,,0.01579064130783081,,,256,0.6000000000000001,0.052160799503326416,0.051869720220565796,0.3555999999999999
junco,3,1,superresolution,0.111,750.1111111111111,1.0,0.01087617315351963,0.2885203957557678,,,0.004571873228996992,,,0.004726908169686794,,,256,0.6000000000000001,0.015013493597507477,0.01556344237178564,0.3555999999999999
lakeside_beach,3,1,superresolution,0.111,750.1111111111111,1.0,0.01087617315351963,0.287930965423584,,,0.0042419470846652985,,,0.00437493622303009,,,256,0.6000000000000001,0.013930054381489754,0.014406080357730389,0.3555999999999999
sea_anemone,3,1,superresolution,0.111,750.1111111111111,1.0,0.01087617315351963,0.28863418102264404,,,0.008068043738603592,,,0.008140461519360542,,,256,0.6000000000000001,0.026494506746530533,0.02676371857523918,0.3555999999999999
shetland_sheepdog,3,1,superresolution,0.111,750.1111111111111,1.0,0.01087617315351963,0.28992894291877747,,,0.005704901181161404,,,0.0058737448416650295,,,256,0.6000000000000001,0.018734224140644073,0.01933078095316887,0.3555999999999999
breastplate_armor,3,2,box_inpainting,0.222,781.2222222222222,1.0,0.013747267425060272,0.050608813762664795,0.20234555006027222,2.9903054382884875e-05,0.009310394525527954,0.01143740862607956,0.00860139075666666,0.009410941042006016,0.01141948252916336,0.008741426281630993,256,0.6000000000000001,0.04561159014701843,0.04646599292755127,0.3111999999999999
crane_structure,3,2,box_inpainting,0.222,781.2222222222222,1.0,0.013747267425060272,0.051157396286726,0.20453958213329315,2.9996845114510506e-05,0.014667630195617676,0.021495848894119263,0.012391558848321438,0.014395113103091717,0.020997395738959312,0.012194354087114334,256,0.6000000000000001,0.07185667008161545,0.07053648680448532,0.3111999999999999
ibex_horns,3,2,box_inpainting,0.222,781.2222222222222,1.0,0.013747267425060272,0.050874337553977966,0.20340751111507416,2.9951512260595337e-05,0.014773383736610413,0.019307361915707588,0.013262057676911354,0.014851322397589684,0.019345764070749283,0.01335317362099886,256,0.6000000000000001,0.07237476110458374,0.0730915367603302,0.3111999999999999
junco,3,2,box_inpainting,0.222,781.2222222222222,1.0,0.013747267425060272,0.05119659751653671,0.2046968936920166,2.9828654078301042e-05,0.00390934944152832,0.005228731781244278,0.0034695551730692387,0.004077888559550047,0.005372591316699982,0.003646321129053831,256,0.6000000000000001,0.01915188878774643,0.020408067852258682,0.3111999999999999
lakeside_beach,3,2,box_inpainting,0.222,781.2222222222222,1.0,0.013747267425060272,0.05056717246770859,0.20217907428741455,2.9874625397496857e-05,0.0036656351294368505,0.006140641402453184,0.0028406332712620497,0.0038299881853163242,0.00625571608543396,0.0030214120633900166,256,0.6000000000000001,0.017957933247089386,0.019190475344657898,0.3111999999999999
sea_anemone,3,2,box_inpainting,0.222,781.2222222222222,1.0,0.013747267425060272,0.05085287615656853,0.20332185924053192,2.9881119189667515e-05,0.007062441669404507,0.005935706198215485,0.007438019849359989,0.007181478198617697,0.006089013069868088,0.007545633241534233,256,0.6000000000000001,0.03459887579083443,0.03556022793054581,0.3111999999999999
shetland_sheepdog,3,2,box_inpainting,0.222,781.2222222222222,1.0,0.013747267425060272,0.050914641469717026,0.20356841385364532,3.0050112400203943e-05,0.0048581622540950775,0.004494087770581245,0.004979520570486784,0.005051927641034126,0.004683576058596373,0.005174711346626282,256,0.6000000000000001,0.023800119757652283,0.02520369365811348,0.3111999999999999
breastplate_armor,3,2,random_inpainting,0.222,781.2222222222222,1.0,0.013747267425060272,0.14298664033412933,0.20354045927524567,2.991745168401394e-05,0.009310394525527954,0.009231978096067905,0.009495523758232594,0.009410941042006016,0.009339923039078712,0.009578598663210869,256,0.6000000000000001,0.04561159014701843,0.04646599292755127,0.3111999999999999
crane_structure,3,2,random_inpainting,0.222,781.2222222222222,1.0,0.013747267425060272,0.14318761229515076,0.20478276908397675,2.9994180295034312e-05,0.014667630195617676,0.014566023834049702,0.014903784729540348,0.014395113103091717,0.014297064393758774,0.014622993767261505,256,0.6000000000000001,0.07185667008161545,0.07053648680448532,0.3111999999999999
ibex_horns,3,2,random_inpainting,0.222,781.2222222222222,1.0,0.013747267425060272,0.14214539527893066,0.2037322074174881,3.0095208785496652e-05,0.014773383736610413,0.014714570716023445,0.014909099787473679,0.014851322397589684,0.01479487307369709,0.014981580898165703,256,0.6000000000000001,0.07237476110458374,0.0730915367603302,0.3111999999999999
junco,3,2,random_inpainting,0.222,781.2222222222222,1.0,0.013747267425060272,0.14235538244247437,0.20342373847961426,3.0057068215683103e-05,0.00390934944152832,0.003954293206334114,0.003804603824391961,0.004077888559550047,0.004117165692150593,0.003986349795013666,256,0.6000000000000001,0.01915188878774643,0.020408067852258682,0.3111999999999999
lakeside_beach,3,2,random_inpainting,0.222,781.2222222222222,1.0,0.013747267425060272,0.14324629306793213,0.2042740434408188,2.9573144274763763e-05,0.0036656351294368505,0.003704256843775511,0.003574999747797847,0.0038299881853163242,0.003868355182930827,0.003739949781447649,256,0.6000000000000001,0.017957933247089386,0.019190475344657898,0.3111999999999999
sea_anemone,3,2,random_inpainting,0.222,781.2222222222222,1.0,0.013747267425060272,0.14332488179206848,0.20389799773693085,2.985966239066329e-05,0.007062441669404507,0.006961848586797714,0.007300408091396093,0.007181478198617697,0.007082384079694748,0.007415902800858021,256,0.6000000000000001,0.03459887579083443,0.03556022793054581,0.3111999999999999
shetland_sheepdog,3,2,random_inpainting,0.222,781.2222222222222,1.0,0.013747267425060272,0.14266210794448853,0.20475946366786957,3.0015764423296787e-05,0.0048581622540950775,0.0048742638900876045,0.004821178503334522,0.005051927641034126,0.005062198266386986,0.005028336774557829,256,0.6000000000000001,0.023800119757652283,0.02520369365811348,0.3111999999999999
breastplate_armor,3,2,gaussian_blur,0.222,781.2222222222222,1.0,0.013747267425060272,0.19558051228523254,,,0.009310394525527954,,,0.009410941042006016,,,256,0.6000000000000001,0.04561159014701843,0.04646599292755127,0.3111999999999999
crane_structure,3,2,gaussian_blur,0.222,781.2222222222222,1.0,0.013747267425060272,0.19662898778915405,,,0.014667630195617676,,,0.014395113103091717,,,256,0.6000000000000001,0.07185667008161545,0.07053648680448532,0.3111999999999999
ibex_horns,3,2,gaussian_blur,0.222,781.2222222222222,1.0,0.013747267425060272,0.196311354637146,,,0.014773383736610413,,,0.014851322397589684,,,256,0.6000000000000001,0.07237476110458374,0.0730915367603302,0.3111999999999999
junco,3,2,gaussian_blur,0.222,781.2222222222222,1.0,0.013747267425060272,0.19573377072811127,,,0.00390934944152832,,,0.004077888559550047,,,256,0.6000000000000001,0.01915188878774643,0.020408067852258682,0.3111999999999999
lakeside_beach,3,2,gaussian_blur,0.222,781.2222222222222,1.0,0.013747267425060272,0.19543671607971191,,,0.0036656351294368505,,,0.0038299881853163242,,,256,0.6000000000000001,0.017957933247089386,0.019190475344657898,0.3111999999999999
sea_anemone,3,2,gaussian_blur,0.222,781.2222222222222,1.0,0.013747267425060272,0.19560718536376953,,,0.007062441669404507,,,0.007181478198617697,,,256,0.6000000000000001,0.03459887579083443,0.03556022793054581,0.3111999999999999
shetland_sheepdog,3,2,gaussian_blur,0.222,781.2222222222222,1.0,0.013747267425060272,0.19660750031471252,,,0.0048581622540950775,,,0.005051927641034126,,,256,0.6000000000000001,0.023800119757652283,0.02520369365811348,0.3111999999999999
breastplate_armor,3,2,motion_blur,0.222,781.2222222222222,1.0,0.013747267425060272,0.17923693358898163,,,0.009310394525527954,,,0.009410941042006016,,,256,0.6000000000000001,0.04561159014701843,0.04646599292755127,0.3111999999999999
crane_structure,3,2,motion_blur,0.222,781.2222222222222,1.0,0.013747267425060272,0.18024802207946777,,,0.014667630195617676,,,0.014395113103091717,,,256,0.6000000000000001,0.07185667008161545,0.07053648680448532,0.3111999999999999
ibex_horns,3,2,motion_blur,0.222,781.2222222222222,1.0,0.013747267425060272,0.1800003945827484,,,0.014773383736610413,,,0.014851322397589684,,,256,0.6000000000000001,0.07237476110458374,0.0730915367603302,0.3111999999999999
junco,3,2,motion_blur,0.222,781.2222222222222,1.0,0.013747267425060272,0.1793733835220337,,,0.00390934944152832,,,0.004077888559550047,,,256,0.6000000000000001,0.01915188878774643,0.020408067852258682,0.3111999999999999
lakeside_beach,3,2,motion_blur,0.222,781.2222222222222,1.0,0.013747267425060272,0.17906443774700165,,,0.0036656351294368505,,,0.0038299881853163242,,,256,0.6000000000000001,0.017957933247089386,0.019190475344657898,0.3111999999999999
sea_anemone,3,2,motion_blur,0.222,781.2222222222222,1.0,0.013747267425060272,0.17938284575939178,,,0.007062441669404507,,,0.007181478198617697,,,256,0.6000000000000001,0.03459887579083443,0.03556022793054581,0.3111999999999999
shetland_sheepdog,3,2,motion_blur,0.222,781.2222222222222,1.0,0.013747267425060272,0.18034741282463074,,,0.0048581622540950775,,,0.005051927641034126,,,256,0.6000000000000001,0.023800119757652283,0.02520369365811348,0.3111999999999999
breastplate_armor,3,2,superresolution,0.222,781.2222222222222,1.0,0.013747267425060272,0.19404861330986023,,,0.009310394525527954,,,0.009410941042006016,,,256,0.6000000000000001,0.04561159014701843,0.04646599292755127,0.3111999999999999
crane_structure,3,2,superresolution,0.222,781.2222222222222,1.0,0.013747267425060272,0.19509777426719666,,,0.014667630195617676,,,0.014395113103091717,,,256,0.6000000000000001,0.07185667008161545,0.07053648680448532,0.3111999999999999
ibex_horns,3,2,superresolution,0.222,781.2222222222222,1.0,0.013747267425060272,0.194894477725029,,,0.014773383736610413,,,0.014851322397589684,,,256,0.6000000000000001,0.07237476110458374,0.0730915367603302,0.3111999999999999
junco,3,2,superresolution,0.222,781.2222222222222,1.0,0.013747267425060272,0.19423115253448486,,,0.00390934944152832,,,0.004077888559550047,,,256,0.6000000000000001,0.01915188878774643,0.020408067852258682,0.3111999999999999
lakeside_beach,3,2,superresolution,0.222,781.2222222222222,1.0,0.013747267425060272,0.1938202828168869,,,0.0036656351294368505,,,0.0038299881853163242,,,256,0.6000000000000001,0.017957933247089386,0.019190475344657898,0.3111999999999999
sea_anemone,3,2,superresolution,0.222,781.2222222222222,1.0,0.013747267425060272,0.19429361820220947,,,0.007062441669404507,,,0.007181478198617697,,,256,0.6000000000000001,0.03459887579083443,0.03556022793054581,0.3111999999999999
shetland_sheepdog,3,2,superresolution,0.222,781.2222222222222,1.0,0.013747267425060272,0.19517436623573303,,,0.0048581622540950775,,,0.005051927641034126,,,256,0.6000000000000001,0.023800119757652283,0.02520369365811348,0.3111999999999999
breastplate_armor,3,3,box_inpainting,0.333,812.3333333333334,1.0,0.01540498249232769,0.03284875303506851,0.1312585175037384,4.5500124542741105e-05,0.007579510100185871,0.009232197888195515,0.007028613705188036,0.007727627642452717,0.009283839724957943,0.007208889350295067,256,0.6000000000000001,0.05724194645881653,0.05903307721018791,0.2668
crane_structure,3,3,box_inpainting,0.333,812.3333333333334,1.0,0.01540498249232769,0.03320466727018356,0.132681742310524,4.564271876006387e-05,0.011219351552426815,0.016605904325842857,0.009423832409083843,0.010985996574163437,0.01616223342716694,0.009260584600269794,256,0.6000000000000001,0.08473074436187744,0.08305402100086212,0.2668
ibex_horns,3,3,box_inpainting,0.333,812.3333333333334,1.0,0.01540498249232769,0.03302102908492088,0.1319473832845688,4.557109787128866e-05,0.012905871495604515,0.0173089187592268,0.011438189074397087,0.013067370280623436,0.017439134418964386,0.011610114946961403,256,0.6000000000000001,0.09746768325567245,0.09936945140361786,0.2668
junco,3,3,box_inpainting,0.333,812.3333333333334,1.0,0.01540498249232769,0.03322999179363251,0.13278380036354065,4.538662324193865e-05,0.003270086832344532,0.00446019833907485,0.0028733829967677593,0.003459521336480975,0.004630915354937315,0.003069056896492839,256,0.6000000000000001,0.024696340784430504,0.02687356248497963,0.2668
lakeside_beach,3,3,box_inpainting,0.333,812.3333333333334,1.0,0.01540498249232769,0.03282172977924347,0.13115055859088898,4.545642514131032e-05,0.002934996737167239,0.004900450352579355,0.002279845532029867,0.0031375489197671413,0.00506662018597126,0.002494525397196412,256,0.6000000000000001,0.022165674716234207,0.024463778361678123,0.2668
sea_anemone,3,3,box_inpainting,0.333,812.3333333333334,1.0,0.01540498249232769,0.03300705552101135,0.13189180195331573,4.5466826122719795e-05,0.006022922694683075,0.005018505733460188,0.006357728037983179,0.006182241719216108,0.005208313465118408,0.006506884470582008,256,0.6000000000000001,0.04548630118370056,0.047379568219184875,0.2668
shetland_sheepdog,3,3,box_inpainting,0.333,812.3333333333334,1.0,0.01540498249232769,0.03304723650217056,0.1320517659187317,4.572318721329793e-05,0.0040418049320578575,0.0036590422969311476,0.004169391933828592,0.004254970699548721,0.0038767512887716293,0.004381043836474419,256,0.6000000000000001,0.03052450716495514,0.03291675075888634,0.2668
breastplate_armor,3,3,random_inpainting,0.333,812.3333333333334,1.0,0.01540498249232769,0.09276103973388672,0.13203361630439758,4.552193058771081e-05,0.007579510100185871,0.007530624978244305,0.007694918196648359,0.007727627642452717,0.007683367468416691,0.007832116447389126,256,0.6000000000000001,0.05724194645881653,0.05903307721018791,0.2668
crane_structure,3,3,random_inpainting,0.333,812.3333333333334,1.0,0.01540498249232769,0.09289147704839706,0.13283945620059967,4.563942275126465e-05,0.011219351552426815,0.011150027625262737,0.01138046570122242,0.010985996574163437,0.010919023305177689,0.011141658760607243,256,0.6000000000000001,0.08473074436187744,0.08305402100086212,0.2668
ibex_horns,3,3,random_inpainting,0.333,812.3333333333334,1.0,0.01540498249232769,0.09221550822257996,0.13215801119804382,4.579203232424334e-05,0.012905871495604515,0.012866915203630924,0.01299576461315155,0.013067370280623436,0.013030934147536755,0.013151445426046848,256,0.6000000000000001,0.09746768325567245,0.09936945140361786,0.2668
junco,3,3,random_inpainting,0.333,812.3333333333334,1.0,0.01540498249232769,0.09235167503356934,0.13195794820785522,4.573405749397352e-05,0.003270086832344532,0.0032919535879045725,0.0032191243954002857,0.003459521336480975,0.003476652316749096,0.0034195957705378532,256,0.6000000000000001,0.024696340784430504,0.02687356248497963,0.2668
lakeside_beach,3,3,random_inpainting,0.333,812.3333333333334,1.0,0.01540498249232769,0.09292944520711899,0.1325095146894455,4.49976469099056e-05,0.002934996737167239,0.0029608686454594135,0.0028742817230522633,0.0031375489197671413,0.0031643807888031006,0.0030745812691748142,256,0.6000000000000001,0.022165674716234207,0.024463778361678123,0.2668
sea_anemone,3,3,random_inpainting,0.333,812.3333333333334,1.0,0.01540498249232769,0.09298040717840195,0.13226552307605743,4.54333821835462e-05,0.006022922694683075,0.005952955223619938,0.006188441067934036,0.006182241719216108,0.006112532690167427,0.0063471486791968346,256,0.6000000000000001,0.04548630118370056,0.047379568219184875,0.2668
shetland_sheepdog,3,3,random_inpainting,0.333,812.3333333333334,1.0,0.01540498249232769,0.09255066514015198,0.13282433152198792,4.567157884594053e-05,0.0040418049320578575,0.0040561542846262455,0.004008845426142216,0.004254970699548721,0.004264403134584427,0.0042333053424954414,256,0.6000000000000001,0.03052450716495514,0.03291675075888634,0.2668
breastplate_armor,3,3,gaussian_blur,0.333,812.3333333333334,1.0,0.01540498249232769,0.12736116349697113,,,0.007579510100185871,,,0.007727627642452717,,,256,0.6000000000000001,0.05724194645881653,0.05903307721018791,0.2668
crane_structure,3,3,gaussian_blur,0.333,812.3333333333334,1.0,0.01540498249232769,0.12806683778762817,,,0.011219351552426815,,,0.010985996574163437,,,256,0.6000000000000001,0.08473074436187744,0.08305402100086212,0.2668
ibex_horns,3,3,gaussian_blur,0.333,812.3333333333334,1.0,0.01540498249232769,0.12784400582313538,,,0.012905871495604515,,,0.013067370280623436,,,256,0.6000000000000001,0.09746768325567245,0.09936945140361786,0.2668
junco,3,3,gaussian_blur,0.333,812.3333333333334,1.0,0.01540498249232769,0.12747526168823242,,,0.003270086832344532,,,0.003459521336480975,,,256,0.6000000000000001,0.024696340784430504,0.02687356248497963,0.2668
lakeside_beach,3,3,gaussian_blur,0.333,812.3333333333334,1.0,0.01540498249232769,0.12729626893997192,,,0.002934996737167239,,,0.0031375489197671413,,,256,0.6000000000000001,0.022165674716234207,0.024463778361678123,0.2668
sea_anemone,3,3,gaussian_blur,0.333,812.3333333333334,1.0,0.01540498249232769,0.12738770246505737,,,0.006022922694683075,,,0.006182241719216108,,,256,0.6000000000000001,0.04548630118370056,0.047379568219184875,0.2668
shetland_sheepdog,3,3,gaussian_blur,0.333,812.3333333333334,1.0,0.01540498249232769,0.12804308533668518,,,0.0040418049320578575,,,0.004254970699548721,,,256,0.6000000000000001,0.03052450716495514,0.03291675075888634,0.2668
breastplate_armor,3,3,motion_blur,0.333,812.3333333333334,1.0,0.01540498249232769,0.11942704766988754,,,0.007579510100185871,,,0.007727627642452717,,,256,0.6000000000000001,0.05724194645881653,0.05903307721018791,0.2668
crane_structure,3,3,motion_blur,0.333,812.3333333333334,1.0,0.01540498249232769,0.1200881227850914,,,0.011219351552426815,,,0.010985996574163437,,,256,0.6000000000000001,0.08473074436187744,0.08305402100086212,0.2668
ibex_horns,3,3,motion_blur,0.333,812.3333333333334,1.0,0.01540498249232769,0.11994589865207672,,,0.012905871495604515,,,0.013067370280623436,,,256,0.6000000000000001,0.09746768325567245,0.09936945140361786,0.2668
junco,3,3,motion_blur,0.333,812.3333333333334,1.0,0.01540498249232769,0.11954211443662643,,,0.003270086832344532,,,0.003459521336480975,,,256,0.6000000000000001,0.024696340784430504,0.02687356248497963,0.2668
lakeside_beach,3,3,motion_blur,0.333,812.3333333333334,1.0,0.01540498249232769,0.11931567639112473,,,0.002934996737167239,,,0.0031375489197671413,,,256,0.6000000000000001,0.022165674716234207,0.024463778361678123,0.2668
sea_anemone,3,3,motion_blur,0.333,812.3333333333334,1.0,0.01540498249232769,0.11954201757907867,,,0.006022922694683075,,,0.006182241719216108,,,256,0.6000000000000001,0.04548630118370056,0.047379568219184875,0.2668
shetland_sheepdog,3,3,motion_blur,0.333,812.3333333333334,1.0,0.01540498249232769,0.12014095485210419,,,0.0040418049320578575,,,0.004254970699548721,,,256,0.6000000000000001,0.03052450716495514,0.03291675075888634,0.2668
breastplate_armor,3,3,superresolution,0.333,812.3333333333334,1.0,0.01540498249232769,0.1265779286623001,,,0.007579510100185871,,,0.007727627642452717,,,256,0.6000000000000001,0.05724194645881653,0.05903307721018791,0.2668
crane_structure,3,3,superresolution,0.333,812.3333333333334,1.0,0.01540498249232769,0.12728393077850342,,,0.011219351552426815,,,0.010985996574163437,,,256,0.6000000000000001,0.08473074436187744,0.08305402100086212,0.2668
ibex_horns,3,3,superresolution,0.333,812.3333333333334,1.0,0.01540498249232769,0.12713366746902466,,,0.012905871495604515,,,0.013067370280623436,,,256,0.6000000000000001,0.09746768325567245,0.09936945140361786,0.2668
junco,3,3,superresolution,0.333,812.3333333333334,1.0,0.01540498249232769,0.12670835852622986,,,0.003270086832344532,,,0.003459521336480975,,,256,0.6000000000000001,0.024696340784430504,0.02687356248497963,0.2668
lakeside_beach,3,3,superresolution,0.333,812.3333333333334,1.0,0.01540498249232769,0.12642744183540344,,,0.002934996737167239,,,0.0031375489197671413,,,256,0.6000000000000001,0.022165674716234207,0.024463778361678123,0.2668
sea_anemone,3,3,superresolution,0.333,812.3333333333334,1.0,0.01540498249232769,0.12673556804656982,,,0.006022922694683075,,,0.006182241719216108,,,256,0.6000000000000001,0.04548630118370056,0.047379568219184875,0.2668
shetland_sheepdog,3,3,superresolution,0.333,812.3333333333334,1.0,0.01540498249232769,0.12731827795505524,,,0.0040418049320578575,,,0.004254970699548721,,,256,0.6000000000000001,0.03052450716495514,0.03291675075888634,0.2668
breastplate_armor,3,4,box_inpainting,0.444,843.4444444444445,1.0,0.016522610560059547,0.020326048135757446,0.08108822256326675,7.199167885119095e-05,0.0057574426755309105,0.0068999119102954865,0.005376619752496481,0.0059327008202672005,0.00701523944735527,0.005571853835135698,256,0.6000000000000001,0.07038378715515137,0.07326024770736694,0.22239999999999996
crane_structure,3,4,box_inpainting,0.444,843.4444444444445,1.0,0.016522610560059547,0.02054603025317192,0.08196746557950974,7.221684791147709e-05,0.006866791285574436,0.010250348597764969,0.0057389382272958755,0.006767944898456335,0.009995411150157452,0.005692122969776392,256,0.6000000000000001,0.0839453637599945,0.08303582668304443,0.22239999999999996
ibex_horns,3,4,box_inpainting,0.444,843.4444444444445,1.0,0.016522610560059547,0.020432529971003532,0.08151379972696304,7.2103226557374e-05,0.010042297653853893,0.01338899414986372,0.00892673060297966,0.010234767571091652,0.013530194759368896,0.009136292152106762,256,0.6000000000000001,0.1227654218673706,0.1258666217327118,0.22239999999999996
junco,3,4,box_inpainting,0.444,843.4444444444445,1.0,0.016522610560059547,0.02056148834526539,0.0820305198431015,7.181170803960413e-05,0.0026003974489867687,0.0035436891485005617,0.0022859664168208838,0.002799650654196739,0.003737097606062889,0.0024871681816875935,256,0.6000000000000001,0.031789425760507584,0.035010308027267456,0.22239999999999996
lakeside_beach,3,4,box_inpainting,0.444,843.4444444444445,1.0,0.016522610560059547,0.020309317857027054,0.0810215100646019,7.19221425242722e-05,0.0023260002490133047,0.003770626150071621,0.001844458281993866,0.0025410938542336226,0.00396251305937767,0.00206728745251894,256,0.6000000000000001,0.02843496762216091,0.03187703713774681,0.22239999999999996
sea_anemone,3,4,box_inpainting,0.444,843.4444444444445,1.0,0.016522610560059547,0.020423822104930878,0.08147948235273361,7.193860074039549e-05,0.0048910826444625854,0.004202165175229311,0.0051207211799919605,0.005070187617093325,0.0044031101278960705,0.005292546469718218,256,0.6000000000000001,0.05979267507791519,0.06272178888320923,0.22239999999999996
shetland_sheepdog,3,4,box_inpainting,0.444,843.4444444444445,1.0,0.016522610560059547,0.02044883370399475,0.08157829940319061,7.234423537738621e-05,0.0032701208256185055,0.0028888462111353874,0.0033972118981182575,0.0034949795808643103,0.0031288135796785355,0.0036170349922031164,256,0.6000000000000001,0.039976682513952255,0.043550293892621994,0.22239999999999996
breastplate_armor,3,4,random_inpainting,0.444,843.4444444444445,1.0,0.016522610560059547,0.05731853097677231,0.08156707882881165,7.202611595857888e-05,0.0057574426755309105,0.005741302389651537,0.0057955458760261536,0.0059327008202672005,0.005918338429182768,0.005966607015579939,256,0.6000000000000001,0.07038378715515137,0.07326024770736694,0.22239999999999996
crane_structure,3,4,random_inpainting,0.444,843.4444444444445,1.0,0.016522610560059547,0.05739928409457207,0.08206489682197571,7.221088890219107e-05,0.006866791285574436,0.00682866433635354,0.006955403368920088,0.006767944898456335,0.0067301406525075436,0.006855807267129421,256,0.6000000000000001,0.0839453637599945,0.08303582668304443,0.22239999999999996
ibex_horns,3,4,random_inpainting,0.444,843.4444444444445,1.0,0.016522610560059547,0.05698179453611374,0.08164391666650772,7.245207962114364e-05,0.010042297653853893,0.010014205239713192,0.010107120499014854,0.010234767571091652,0.010208560153841972,0.010295243933796883,256,0.6000000000000001,0.1227654218673706,0.1258666217327118,0.22239999999999996
junco,3,4,random_inpainting,0.444,843.4444444444445,1.0,0.016522610560059547,0.05706580728292465,0.08152032643556595,7.236162491608411e-05,0.0026003974489867687,0.0026083330158144236,0.0025819020811468363,0.002799650654196739,0.0028045119252055883,0.002788320416584611,256,0.6000000000000001,0.031789425760507584,0.035010308027267456,0.22239999999999996
lakeside_beach,3,4,random_inpainting,0.444,843.4444444444445,1.0,0.016522610560059547,0.0574224516749382,0.08186107128858566,7.119639485608786e-05,0.0023260002490133047,0.0023414066527038813,0.00228984490968287,0.0025410938542336226,0.0025584290269762278,0.0025004125200212,256,0.6000000000000001,0.02843496762216091,0.03187703713774681,0.22239999999999996
sea_anemone,3,4,random_inpainting,0.444,843.4444444444445,1.0,0.016522610560059547,0.057454001158475876,0.08171035349369049,7.188552990555763e-05,0.0048910826444625854,0.004836253821849823,0.005020787473767996,0.005070187617093325,0.005015729460865259,0.005199016537517309,256,0.6000000000000001,0.05979267507791519,0.06272178888320923,0.22239999999999996
shetland_sheepdog,3,4,random_inpainting,0.444,843.4444444444445,1.0,0.016522610560059547,0.05718885362148285,0.08205554634332657,7.226274465210736e-05,0.0032701208256185055,0.0032813504803925753,0.0032443259842693806,0.0034949795808643103,0.0035021048970520496,0.0034786134492605925,256,0.6000000000000001,0.039976682513952255,0.043550293892621994,0.22239999999999996
breastplate_armor,3,4,gaussian_blur,0.444,843.4444444444445,1.0,0.016522610560059547,0.07901589572429657,,,0.0057574426755309105,,,0.0059327008202672005,,,256,0.6000000000000001,0.07038378715515137,0.07326024770736694,0.22239999999999996
crane_structure,3,4,gaussian_blur,0.444,843.4444444444445,1.0,0.016522610560059547,0.07946924865245819,,,0.006866791285574436,,,0.006767944898456335,,,256,0.6000000000000001,0.0839453637599945,0.08303582668304443,0.22239999999999996
ibex_horns,3,4,gaussian_blur,0.444,843.4444444444445,1.0,0.016522610560059547,0.079319529235363,,,0.010042297653853893,,,0.010234767571091652,,,256,0.6000000000000001,0.1227654218673706,0.1258666217327118,0.22239999999999996
junco,3,4,gaussian_blur,0.444,843.4444444444445,1.0,0.016522610560059547,0.07910227030515671,,,0.0026003974489867687,,,0.002799650654196739,,,256,0.6000000000000001,0.031789425760507584,0.035010308027267456,0.22239999999999996
lakeside_beach,3,4,gaussian_blur,0.444,843.4444444444445,1.0,0.016522610560059547,0.07899348437786102,,,0.0023260002490133047,,,0.0025410938542336226,,,256,0.6000000000000001,0.02843496762216091,0.03187703713774681,0.22239999999999996
sea_anemone,3,4,gaussian_blur,0.444,843.4444444444445,1.0,0.016522610560059547,0.07904031872749329,,,0.0048910826444625854,,,0.005070187617093325,,,256,0.6000000000000001,0.05979267507791519,0.06272178888320923,0.22239999999999996
shetland_sheepdog,3,4,gaussian_blur,0.444,843.4444444444445,1.0,0.016522610560059547,0.07945054024457932,,,0.0032701208256185055,,,0.0034949795808643103,,,256,0.6000000000000001,0.039976682513952255,0.043550293892621994,0.22239999999999996
breastplate_armor,3,4,motion_blur,0.444,843.4444444444445,1.0,0.016522610560059547,0.07553498446941376,,,0.0057574426755309105,,,0.0059327008202672005,,,256,0.6000000000000001,0.07038378715515137,0.07326024770736694,0.22239999999999996
crane_structure,3,4,motion_blur,0.444,843.4444444444445,1.0,0.016522610560059547,0.075945645570755,,,0.006866791285574436,,,0.006767944898456335,,,256,0.6000000000000001,0.0839453637599945,0.08303582668304443,0.22239999999999996
ibex_horns,3,4,motion_blur,0.444,843.4444444444445,1.0,0.016522610560059547,0.07586625218391418,,,0.010042297653853893,,,0.010234767571091652,,,256,0.6000000000000001,0.1227654218673706,0.1258666217327118,0.22239999999999996
junco,3,4,motion_blur,0.444,843.4444444444445,1.0,0.016522610560059547,0.07562150806188583,,,0.0026003974489867687,,,0.002799650654196739,,,256,0.6000000000000001,0.031789425760507584,0.035010308027267456,0.22239999999999996
lakeside_beach,3,4,motion_blur,0.444,843.4444444444445,1.0,0.016522610560059547,0.07546723634004593,,,0.0023260002490133047,,,0.0025410938542336226,,,256,0.6000000000000001,0.02843496762216091,0.03187703713774681,0.22239999999999996
sea_anemone,3,4,motion_blur,0.444,843.4444444444445,1.0,0.016522610560059547,0.07561564445495605,,,0.0048910826444625854,,,0.005070187617093325,,,256,0.6000000000000001,0.05979267507791519,0.06272178888320923,0.22239999999999996
shetland_sheepdog,3,4,motion_blur,0.444,843.4444444444445,1.0,0.016522610560059547,0.0759676843881607,,,0.0032701208256185055,,,0.0034949795808643103,,,256,0.6000000000000001,0.039976682513952255,0.043550293892621994,0.22239999999999996
breastplate_armor,3,4,superresolution,0.444,843.4444444444445,1.0,0.016522610560059547,0.07875517010688782,,,0.0057574426755309105,,,0.0059327008202672005,,,256,0.6000000000000001,0.07038378715515137,0.07326024770736694,0.22239999999999996
crane_structure,3,4,superresolution,0.444,843.4444444444445,1.0,0.016522610560059547,0.07920926064252853,,,0.006866791285574436,,,0.006767944898456335,,,256,0.6000000000000001,0.0839453637599945,0.08303582668304443,0.22239999999999996
ibex_horns,3,4,superresolution,0.444,843.4444444444445,1.0,0.016522610560059547,0.07910075038671494,,,0.010042297653853893,,,0.010234767571091652,,,256,0.6000000000000001,0.1227654218673706,0.1258666217327118,0.22239999999999996
junco,3,4,superresolution,0.444,843.4444444444445,1.0,0.016522610560059547,0.0788441002368927,,,0.0026003974489867687,,,0.002799650654196739,,,256,0.6000000000000001,0.031789425760507584,0.035010308027267456,0.22239999999999996
lakeside_beach,3,4,superresolution,0.444,843.4444444444445,1.0,0.016522610560059547,0.07865933328866959,,,0.0023260002490133047,,,0.0025410938542336226,,,256,0.6000000000000001,0.02843496762216091,0.03187703713774681,0.22239999999999996
sea_anemone,3,4,superresolution,0.444,843.4444444444445,1.0,0.016522610560059547,0.07884976267814636,,,0.0048910826444625854,,,0.005070187617093325,,,256,0.6000000000000001,0.05979267507791519,0.06272178888320923,0.22239999999999996
shetland_sheepdog,3,4,superresolution,0.444,843.4444444444445,1.0,0.016522610560059547,0.07921852171421051,,,0.0032701208256185055,,,0.0034949795808643103,,,256,0.6000000000000001,0.039976682513952255,0.043550293892621994,0.22239999999999996
breastplate_armor,3,5,box_inpainting,0.555,874.5555555555555,1.0,0.01827741414308548,0.011710995808243752,0.04648332670331001,0.00012021901056868955,0.004142323974519968,0.004865129943937063,0.0039013889618217945,0.0043210675939917564,0.005009964574128389,0.004091435112059116,256,0.6000000000000001,0.08833803236484528,0.09263971447944641,0.17799999999999994
crane_structure,3,5,box_inpainting,0.555,874.5555555555555,1.0,0.01827741414308548,0.011837284080684185,0.046987343579530716,0.00012059566506650299,0.0039004888385534286,0.005831066519021988,0.0032569626346230507,0.003899666480720043,0.0057181729935109615,0.003293497720733285,256,0.6000000000000001,0.08318071812391281,0.08347975462675095,0.17799999999999994
ibex_horns,3,5,box_inpainting,0.555,874.5555555555555,1.0,0.01827741414308548,0.011772125959396362,0.04672728478908539,0.0001204049913212657,0.007233842276036739,0.009393495507538319,0.006513957399874926,0.007421684451401234,0.009519767947494984,0.006722323130816221,256,0.6000000000000001,0.1542668640613556,0.15876547992229462,0.17799999999999994
junco,3,5,box_inpainting,0.555,874.5555555555555,1.0,0.01827741414308548,0.011845811270177364,0.04702348634600639,0.00011991921928711236,0.0019646096043288708,0.002688869135454297,0.0017231893725693226,0.002165816957131028,0.0028897912707179785,0.0019244919531047344,256,0.6000000000000001,0.041896700859069824,0.046708911657333374,0.17799999999999994
lakeside_beach,3,5,box_inpainting,0.555,874.5555555555555,1.0,0.01827741414308548,0.011701351031661034,0.0464450865983963,0.00012010364298475906,0.0018014063825830817,0.002813543425872922,0.0014640273293480277,0.002016633516177535,0.0030159514863044024,0.0016835273709148169,256,0.6000000000000001,0.03841627761721611,0.043543945997953415,0.17799999999999994
sea_anemone,3,5,box_inpainting,0.555,874.5555555555555,1.0,0.01827741414308548,0.011766999959945679,0.046707604080438614,0.00012013049854431301,0.003756188554689288,0.0033725916873663664,0.003884054720401764,0.003942066803574562,0.0035700739827007055,0.0040660640224814415,256,0.6000000000000001,0.08010341972112656,0.08456167578697205,0.17799999999999994
shetland_sheepdog,3,5,box_inpainting,0.555,874.5555555555555,1.0,0.01827741414308548,0.011781666427850723,0.04676423966884613,0.00012080860324203968,0.002536834916099906,0.002213216619566083,0.0026447074487805367,0.0027634110301733017,0.002454260364174843,0.0028664609417319298,256,0.6000000000000001,0.05409982055425644,0.05947813391685486,0.17799999999999994
breastplate_armor,3,5,random_inpainting,0.555,874.5555555555555,1.0,0.01827741414308548,0.032880984246730804,0.04675782099366188,0.00012027812044834718,0.004142323974519968,0.004142771475017071,0.004141267389059067,0.0043210675939917564,0.004321451764553785,0.004320160485804081,256,0.6000000000000001,0.08833803236484528,0.09263971447944641,0.17799999999999994
crane_structure,3,5,random_inpainting,0.555,874.5555555555555,1.0,0.01827741414308548,0.032927609980106354,0.047043200582265854,0.00012058592983521521,0.0039004888385534286,0.0038800258189439774,0.003948049154132605,0.003899666480720043,0.0038790276739746332,0.003947634715586901,256,0.6000000000000001,0.08318071812391281,0.08347975462675095,0.17799999999999994
ibex_horns,3,5,random_inpainting,0.555,874.5555555555555,1.0,0.01827741414308548,0.032688479870557785,0.0468018613755703,0.00012098886509193107,0.007233842276036739,0.007215157151222229,0.007276955991983414,0.007421684451401234,0.0074044400826096535,0.007461476605385542,256,0.6000000000000001,0.1542668640613556,0.15876547992229462,0.17799999999999994
junco,3,5,random_inpainting,0.555,874.5555555555555,1.0,0.01827741414308548,0.03273644298315048,0.04673101380467415,0.00012083737237844616,0.0019646096043288708,0.0019690594635903835,0.001954238396137953,0.002165816957131028,0.002168382750824094,0.0021598367020487785,256,0.6000000000000001,0.041896700859069824,0.046708911657333374,0.17799999999999994
lakeside_beach,3,5,random_inpainting,0.555,874.5555555555555,1.0,0.01827741414308548,0.03294038772583008,0.046926338225603104,0.00011889159213751554,0.0018014063825830817,0.0018091844394803047,0.0017831528093665838,0.002016633516177535,0.002026667119935155,0.0019930864218622446,256,0.6000000000000001,0.03841627761721611,0.043543945997953415,0.17799999999999994
sea_anemone,3,5,random_inpainting,0.555,874.5555555555555,1.0,0.01827741414308548,0.03295857459306717,0.04683995246887207,0.00012004241580143571,0.003756188554689288,0.0037102671340107918,0.0038648226764053106,0.003942066803574562,0.0038970571476966143,0.004048544447869062,256,0.6000000000000001,0.08010341972112656,0.08456167578697205,0.17799999999999994
shetland_sheepdog,3,5,random_inpainting,0.555,874.5555555555555,1.0,0.01827741414308548,0.03280719742178917,0.04703783988952637,0.00012067249190295115,0.002536834916099906,0.002544129965826869,0.002520078793168068,0.0027634110301733017,0.0027673174627125263,0.002754438202828169,256,0.6000000000000001,0.05409982055425644,0.05947813391685486,0.17799999999999994
breastplate_armor,3,5,gaussian_blur,0.555,874.5555555555555,1.0,0.01827741414308548,0.045515697449445724,,,0.004142323974519968,,,0.0043210675939917564,,,256,0.6000000000000001,0.08833803236484528,0.09263971447944641,0.17799999999999994
crane_structure,3,5,gaussian_blur,0.555,874.5555555555555,1.0,0.01827741414308548,0.04578600451350212,,,0.0039004888385534286,,,0.003899666480720043,,,256,0.6000000000000001,0.08318071812391281,0.08347975462675095,0.17799999999999994
ibex_horns,3,5,gaussian_blur,0.555,874.5555555555555,1.0,0.01827741414308548,0.04569126293063164,,,0.007233842276036739,,,0.007421684451401234,,,256,0.6000000000000001,0.1542668640613556,0.15876547992229462,0.17799999999999994
junco,3,5,gaussian_blur,0.555,874.5555555555555,1.0,0.01827741414308548,0.04557804390788078,,,0.0019646096043288708,,,0.002165816957131028,,,256,0.6000000000000001,0.041896700859069824,0.046708911657333374,0.17799999999999994
lakeside_beach,3,5,gaussian_blur,0.555,874.5555555555555,1.0,0.01827741414308548,0.04551119729876518,,,0.0018014063825830817,,,0.002016633516177535,,,256,0.6000000000000001,0.03841627761721611,0.043543945997953415,0.17799999999999994
sea_anemone,3,5,gaussian_blur,0.555,874.5555555555555,1.0,0.01827741414308548,0.04553450271487236,,,0.003756188554689288,,,0.003942066803574562,,,256,0.6000000000000001,0.08010341972112656,0.08456167578697205,0.17799999999999994
shetland_sheepdog,3,5,gaussian_blur,0.555,874.5555555555555,1.0,0.01827741414308548,0.045774322003126144,,,0.002536834916099906,,,0.0027634110301733017,,,256,0.6000000000000001,0.05409982055425644,0.05947813391685486,0.17799999999999994
breastplate_armor,3,5,motion_blur,0.555,874.5555555555555,1.0,0.01827741414308548,0.04420078918337822,,,0.004142323974519968,,,0.0043210675939917564,,,256,0.6000000000000001,0.08833803236484528,0.09263971447944641,0.17799999999999994
crane_structure,3,5,motion_blur,0.555,874.5555555555555,1.0,0.01827741414308548,0.04443724453449249,,,0.0039004888385534286,,,0.003899666480720043,,,256,0.6000000000000001,0.08318071812391281,0.08347975462675095,0.17799999999999994
ibex_horns,3,5,motion_blur,0.555,874.5555555555555,1.0,0.01827741414308548,0.04439259693026543,,,0.007233842276036739,,,0.007421684451401234,,,256,0.6000000000000001,0.1542668640613556,0.15876547992229462,0.17799999999999994
junco,3,5,motion_blur,0.555,874.5555555555555,1.0,0.01827741414308548,0.044255953282117844,,,0.0019646096043288708,,,0.002165816957131028,,,256,0.6000000000000001,0.041896700859069824,0.046708911657333374,0.17799999999999994
lakeside_beach,3,5,motion_blur,0.555,874.5555555555555,1.0,0.01827741414308548,0.04416146129369736,,,0.0018014063825830817,,,0.002016633516177535,,,256,0.6000000000000001,0.03841627761721611,0.043543945997953415,0.17799999999999994
sea_anemone,3,5,motion_blur,0.555,874.5555555555555,1.0,0.01827741414308548,0.044248759746551514,,,0.003756188554689288,,,0.003942066803574562,,,256,0.6000000000000001,0.08010341972112656,0.08456167578697205,0.17799999999999994
shetland_sheepdog,3,5,motion_blur,0.555,874.5555555555555,1.0,0.01827741414308548,0.044441819190979004,,,0.002536834916099906,,,0.0027634110301733017,,,256,0.6000000000000001,0.05409982055425644,0.05947813391685486,0.17799999999999994
breastplate_armor,3,5,superresolution,0.555,874.5555555555555,1.0,0.01827741414308548,0.04553822800517082,,,0.004142323974519968,,,0.0043210675939917564,,,256,0.6000000000000001,0.08833803236484528,0.09263971447944641,0.17799999999999994
crane_structure,3,5,superresolution,0.555,874.5555555555555,1.0,0.01827741414308548,0.045807790011167526,,,0.0039004888385534286,,,0.003899666480720043,,,256,0.6000000000000001,0.08318071812391281,0.08347975462675095,0.17799999999999994
ibex_horns,3,5,superresolution,0.555,874.5555555555555,1.0,0.01827741414308548,0.045734208077192307,,,0.007233842276036739,,,0.007421684451401234,,,256,0.6000000000000001,0.1542668640613556,0.15876547992229462,0.17799999999999994
junco,3,5,superresolution,0.555,874.5555555555555,1.0,0.01827741414308548,0.04559343308210373,,,0.0019646096043288708,,,0.002165816957131028,,,256,0.6000000000000001,0.041896700859069824,0.046708911657333374,0.17799999999999994
lakeside_beach,3,5,superresolution,0.555,874.5555555555555,1.0,0.01827741414308548,0.04548082500696182,,,0.0018014063825830817,,,0.002016633516177535,,,256,0.6000000000000001,0.03841627761721611,0.043543945997953415,0.17799999999999994
sea_anemone,3,5,superresolution,0.555,874.5555555555555,1.0,0.01827741414308548,0.045589253306388855,,,0.003756188554689288,,,0.003942066803574562,,,256,0.6000000000000001,0.08010341972112656,0.08456167578697205,0.17799999999999994
shetland_sheepdog,3,5,superresolution,0.555,874.5555555555555,1.0,0.01827741414308548,0.04580584168434143,,,0.002536834916099906,,,0.0027634110301733017,,,256,0.6000000000000001,0.05409982055425644,0.05947813391685486,0.17799999999999994
breastplate_armor,3,6,box_inpainting,0.666,905.6666666666667,1.0,0.021496202796697617,0.006054256111383438,0.02357093058526516,0.00021536480926442891,0.0027704271487891674,0.0031583725940436125,0.00264111184515059,0.0029396573081612587,0.0033100254368036985,0.002816201187670231,256,0.6000000000000001,0.11651201546192169,0.12309449911117554,0.13359999999999997
crane_structure,3,6,box_inpainting,0.666,905.6666666666667,1.0,0.021496202796697617,0.006118658930063248,0.023826515302062035,0.00021604006178677082,0.0021084777545183897,0.003153713420033455,0.0017600657884031534,0.0021720421500504017,0.0031353505328297615,0.001850939472205937,256,0.6000000000000001,0.08867333829402924,0.09097848832607269,0.13359999999999997
ibex_horns,3,6,box_inpainting,0.666,905.6666666666667,1.0,0.021496202796697617,0.00608543585985899,0.02369464747607708,0.00021569861564785242,0.00472019799053669,0.005904695484787226,0.004325365647673607,0.0048888870514929295,0.00601226044818759,0.004514428786933422,256,0.6000000000000001,0.19851085543632507,0.20511536300182343,0.13359999999999997
junco,3,6,box_inpainting,0.666,905.6666666666667,1.0,0.021496202796697617,0.006122331600636244,0.02384484000504017,0.0002148282655980438,0.0013777584536001086,0.001897703274153173,0.0012044435134157538,0.001574491849169135,0.0020971980411559343,0.001400256296619773,256,0.6000000000000001,0.057942479848861694,0.06561236083507538,0.13359999999999997
lakeside_beach,3,6,box_inpainting,0.666,905.6666666666667,1.0,0.021496202796697617,0.006049255840480328,0.023551544174551964,0.00021515856496989727,0.001309787854552269,0.001961466856300831,0.0010925616370514035,0.001520636840723455,0.00216506770811975,0.001305826473981142,256,0.6000000000000001,0.05508394166827202,0.06332718580961227,0.13359999999999997
sea_anemone,3,6,box_inpainting,0.666,905.6666666666667,1.0,0.021496202796697617,0.0060825711116194725,0.023684659972786903,0.00021520724112633616,0.0026816637255251408,0.0024798333179205656,0.0027489406056702137,0.0028625125996768475,0.0026677269488573074,0.00292744068428874,256,0.6000000000000001,0.11277902126312256,0.11982505768537521,0.13359999999999997
shetland_sheepdog,3,6,box_inpainting,0.666,905.6666666666667,1.0,0.021496202796697617,0.006090662442147732,0.023713385686278343,0.00021642146748490632,0.0018178982427343726,0.0015711551532149315,0.0019001460168510675,0.002043724525719881,0.0018055043183267117,0.002123130951076746,256,0.6000000000000001,0.07645283639431,0.08530917763710022,0.13359999999999997
breastplate_armor,3,6,random_inpainting,0.666,905.6666666666667,1.0,0.021496202796697617,0.016719376668334007,0.02371012419462204,0.00021547070355154574,0.0027704271487891674,0.00277587934397161,0.0027575541753321886,0.0029396573081612587,0.0029441583901643753,0.0029290311504155397,256,0.6000000000000001,0.11651201546192169,0.12309449911117554,0.13359999999999997
crane_structure,3,6,random_inpainting,0.666,905.6666666666667,1.0,0.021496202796697617,0.01674364134669304,0.02385483682155609,0.00021602254128083587,0.0021084777545183897,0.0020953549537807703,0.0021389778703451157,0.0021720421500504017,0.0021594553254544735,0.002201296156272292,256,0.6000000000000001,0.08867333829402924,0.09097848832607269,0.13359999999999997
ibex_horns,3,6,random_inpainting,0.666,905.6666666666667,1.0,0.021496202796697617,0.01662277802824974,0.023732462897896767,0.00021674406889360398,0.00472019799053669,0.004712125286459923,0.0047388263046741486,0.0048888870514929295,0.0048813531175255775,0.004906272049993277,256,0.6000000000000001,0.19851085543632507,0.20511536300182343,0.13359999999999997
junco,3,6,random_inpainting,0.666,905.6666666666667,1.0,0.021496202796697617,0.016646716743707657,0.0236965361982584,0.00021647302492056042,0.0013777584536001086,0.0013821114553138614,0.0013676133239641786,0.001574491849169135,0.0015774391358718276,0.0015676222974434495,256,0.6000000000000001,0.057942479848861694,0.06561236083507538,0.13359999999999997
lakeside_beach,3,6,random_inpainting,0.666,905.6666666666667,1.0,0.021496202796697617,0.016749156638979912,0.02379557676613331,0.00021298736101016402,0.001309787854552269,0.0013131968444213271,0.0013017881428822875,0.001520636840723455,0.0015266035916283727,0.0015066344058141112,256,0.6000000000000001,0.05508394166827202,0.06332718580961227,0.13359999999999997
sea_anemone,3,6,random_inpainting,0.666,905.6666666666667,1.0,0.021496202796697617,0.01675856113433838,0.023751771077513695,0.00021504846517927945,0.0026816637255251408,0.002646444132551551,0.002764980774372816,0.0028625125996768475,0.0028294879011809826,0.0029406368266791105,256,0.6000000000000001,0.11277902126312256,0.11982505768537521,0.13359999999999997
shetland_sheepdog,3,6,random_inpainting,0.666,905.6666666666667,1.0,0.021496202796697617,0.016683002933859825,0.023852119222283363,0.00021617760648950934,0.0018178982427343726,0.00182238535489887,0.001807592110708356,0.002043724525719881,0.002045395551249385,0.002039885614067316,256,0.6000000000000001,0.07645283639431,0.08530917763710022,0.13359999999999997
breastplate_armor,3,6,gaussian_blur,0.666,905.6666666666667,1.0,0.021496202796697617,0.02321392297744751,,,0.0027704271487891674,,,0.0029396573081612587,,,256,0.6000000000000001,0.11651201546192169,0.12309449911117554,0.13359999999999997
crane_structure,3,6,gaussian_blur,0.666,905.6666666666667,1.0,0.021496202796697617,0.02335619553923607,,,0.0021084777545183897,,,0.0021720421500504017,,,256,0.6000000000000001,0.08867333829402924,0.09097848832607269,0.13359999999999997
ibex_horns,3,6,gaussian_blur,0.666,905.6666666666667,1.0,0.021496202796697617,0.023301823064684868,,,0.00472019799053669,,,0.0048888870514929295,,,256,0.6000000000000001,0.19851085543632507,0.20511536300182343,0.13359999999999997
junco,3,6,gaussian_blur,0.666,905.6666666666667,1.0,0.021496202796697617,0.02325296401977539,,,0.0013777584536001086,,,0.001574491849169135,,,256,0.6000000000000001,0.057942479848861694,0.06561236083507538,0.13359999999999997
lakeside_beach,3,6,gaussian_blur,0.666,905.6666666666667,1.0,0.021496202796697617,0.02321339212357998,,,0.001309787854552269,,,0.001520636840723455,,,256,0.6000000000000001,0.05508394166827202,0.06332718580961227,0.13359999999999997
sea_anemone,3,6,gaussian_blur,0.666,905.6666666666667,1.0,0.021496202796697617,0.023225117474794388,,,0.0026816637255251408,,,0.0028625125996768475,,,256,0.6000000000000001,0.11277902126312256,0.11982505768537521,0.13359999999999997
shetland_sheepdog,3,6,gaussian_blur,0.666,905.6666666666667,1.0,0.021496202796697617,0.02335003763437271,,,0.0018178982427343726,,,0.002043724525719881,,,256,0.6000000000000001,0.07645283639431,0.08530917763710022,0.13359999999999997
breastplate_armor,3,6,motion_blur,0.666,905.6666666666667,1.0,0.021496202796697617,0.022822678089141846,,,0.0027704271487891674,,,0.0029396573081612587,,,256,0.6000000000000001,0.11651201546192169,0.12309449911117554,0.13359999999999997
crane_structure,3,6,motion_blur,0.666,905.6666666666667,1.0,0.021496202796697617,0.022943027317523956,,,0.0021084777545183897,,,0.0021720421500504017,,,256,0.6000000000000001,0.08867333829402924,0.09097848832607269,0.13359999999999997
ibex_horns,3,6,motion_blur,0.666,905.6666666666667,1.0,0.021496202796697617,0.02291785180568695,,,0.00472019799053669,,,0.0048888870514929295,,,256,0.6000000000000001,0.19851085543632507,0.20511536300182343,0.13359999999999997
junco,3,6,motion_blur,0.666,905.6666666666667,1.0,0.021496202796697617,0.022850286215543747,,,0.0013777584536001086,,,0.001574491849169135,,,256,0.6000000000000001,0.057942479848861694,0.06561236083507538,0.13359999999999997
lakeside_beach,3,6,motion_blur,0.666,905.6666666666667,1.0,0.021496202796697617,0.022801464423537254,,,0.001309787854552269,,,0.001520636840723455,,,256,0.6000000000000001,0.05508394166827202,0.06332718580961227,0.13359999999999997
sea_anemone,3,6,motion_blur,0.666,905.6666666666667,1.0,0.021496202796697617,0.02284521982073784,,,0.0026816637255251408,,,0.0028625125996768475,,,256,0.6000000000000001,0.11277902126312256,0.11982505768537521,0.13359999999999997
shetland_sheepdog,3,6,motion_blur,0.666,905.6666666666667,1.0,0.021496202796697617,0.02294105850160122,,,0.0018178982427343726,,,0.002043724525719881,,,256,0.6000000000000001,0.07645283639431,0.08530917763710022,0.13359999999999997
breastplate_armor,3,6,superresolution,0.666,905.6666666666667,1.0,0.021496202796697617,0.023314666002988815,,,0.0027704271487891674,,,0.0029396573081612587,,,256,0.6000000000000001,0.11651201546192169,0.12309449911117554,0.13359999999999997
crane_structure,3,6,superresolution,0.666,905.6666666666667,1.0,0.021496202796697617,0.02345343492925167,,,0.0021084777545183897,,,0.0021720421500504017,,,256,0.6000000000000001,0.08867333829402924,0.09097848832607269,0.13359999999999997
ibex_horns,3,6,superresolution,0.666,905.6666666666667,1.0,0.021496202796697617,0.02340945601463318,,,0.00472019799053669,,,0.0048888870514929295,,,256,0.6000000000000001,0.19851085543632507,0.20511536300182343,0.13359999999999997
junco,3,6,superresolution,0.666,905.6666666666667,1.0,0.021496202796697617,0.02334361895918846,,,0.0013777584536001086,,,0.001574491849169135,,,256,0.6000000000000001,0.057942479848861694,0.06561236083507538,0.13359999999999997
lakeside_beach,3,6,superresolution,0.666,905.6666666666667,1.0,0.021496202796697617,0.023284342139959335,,,0.001309787854552269,,,0.001520636840723455,,,256,0.6000000000000001,0.05508394166827202,0.06332718580961227,0.13359999999999997
sea_anemone,3,6,superresolution,0.666,905.6666666666667,1.0,0.021496202796697617,0.023338165134191513,,,0.0026816637255251408,,,0.0028625125996768475,,,256,0.6000000000000001,0.11277902126312256,0.11982505768537521,0.13359999999999997
shetland_sheepdog,3,6,superresolution,0.666,905.6666666666667,1.0,0.021496202796697617,0.023449718952178955,,,0.0018178982427343726,,,0.002043724525719881,,,256,0.6000000000000001,0.07645283639431,0.08530917763710022,0.13359999999999997
breastplate_armor,3,7,box_inpainting,0.777,936.7777777777778,1.0,0.02786899358034134,0.002684706589207053,0.009507895447313786,0.000410310341976583,0.0016001322073861957,0.0017468659207224846,0.0015512208919972181,0.001763685024343431,0.0019003194756805897,0.0017181403236463666,256,0.6000000000000001,0.16682925820350647,0.1787174940109253,0.08919999999999997
crane_structure,3,7,box_inpainting,0.777,936.7777777777778,1.0,0.02786899358034134,0.0027114450931549072,0.00961099099367857,0.0004115967603866011,0.0010299745481461287,0.0015268059214577079,0.0008643639739602804,0.0011384068056941032,0.0015750789316371083,0.0009928493527695537,256,0.6000000000000001,0.10738479346036911,0.114105224609375,0.08919999999999997
ibex_horns,3,7,box_inpainting,0.777,936.7777777777778,1.0,0.02786899358034134,0.0026976591907441616,0.009557797573506832,0.000410946347983554,0.0025801812298595905,0.0030700068455189466,0.0024169054813683033,0.0027215606532990932,0.0031617183703929186,0.002574841259047389,256,0.6000000000000001,0.2690088152885437,0.2792641222476959,0.08919999999999997
junco,3,7,box_inpainting,0.777,936.7777777777778,1.0,0.02786899358034134,0.002711561508476734,0.009618382900953293,0.0004092878079973161,0.0008402550593018532,0.0011470419121906161,0.0007379928138107061,0.0010298211127519608,0.0013393521076068282,0.0009266439010389149,256,0.6000000000000001,0.08760472387075424,0.10154908895492554,0.08919999999999997
lakeside_beach,3,7,box_inpainting,0.777,936.7777777777778,1.0,0.02786899358034134,0.002682456746697426,0.00950007513165474,0.00040991720743477345,0.0008355057216249406,0.0011926862644031644,0.0007164455601014197,0.0010369288502261043,0.0013840444153174758,0.0009212236036546528,256,0.6000000000000001,0.08710955828428268,0.1021294891834259,0.08919999999999997
sea_anemone,3,7,box_inpainting,0.777,936.7777777777778,1.0,0.02786899358034134,0.002695950213819742,0.009553768672049046,0.0004100102523807436,0.0016828358639031649,0.001572308479808271,0.0017196782864630222,0.0018498788122087717,0.001749916933476925,0.001883199205622077,256,0.6000000000000001,0.17545191943645477,0.1876741349697113,0.08919999999999997
shetland_sheepdog,3,7,box_inpainting,0.777,936.7777777777778,1.0,0.02786899358034134,0.0027005821466445923,0.00956535805016756,0.0004123235121369362,0.0011323943035677075,0.0009737469372339547,0.0011852767784148455,0.0013445657677948475,0.0011902623809874058,0.0013960001524537802,256,0.6000000000000001,0.1180630549788475,0.13413956761360168,0.08919999999999997
breastplate_armor,3,7,random_inpainting,0.777,936.7777777777778,1.0,0.02786899358034134,0.006840442307293415,0.009564041160047054,0.0004105120897293091,0.0016001322073861957,0.0016036565648391843,0.0015918116550892591,0.001763685024343431,0.0017661359161138535,0.0017578989500179887,256,0.6000000000000001,0.16682925820350647,0.1787174940109253,0.08919999999999997
crane_structure,3,7,random_inpainting,0.777,936.7777777777778,1.0,0.02786899358034134,0.006851542741060257,0.009622416459023952,0.0004115634073968977,0.0010299745481461287,0.0010203840211033821,0.0010522645898163319,0.0011384068056941032,0.0011303415521979332,0.0011571516515687108,256,0.6000000000000001,0.10738479346036911,0.114105224609375,0.08919999999999997
ibex_horns,3,7,random_inpainting,0.777,936.7777777777778,1.0,0.02786899358034134,0.006803605239838362,0.009573051705956459,0.0004129383887629956,0.0025801812298595905,0.002578525571152568,0.002584000350907445,0.0027215606532990932,0.0027193177957087755,0.002726735780015588,256,0.6000000000000001,0.2690088152885437,0.2792641222476959,0.08919999999999997
junco,3,7,random_inpainting,0.777,936.7777777777778,1.0,0.02786899358034134,0.0068124583922326565,0.009558560326695442,0.00041242153383791447,0.0008402550593018532,0.000843438901938498,0.0008328349213115871,0.0010298211127519608,0.0010317672276869416,0.001025285222567618,256,0.6000000000000001,0.08760472387075424,0.10154908895492554,0.08919999999999997
lakeside_beach,3,7,random_inpainting,0.777,936.7777777777778,1.0,0.02786899358034134,0.006851746700704098,0.009598513133823872,0.0004057805344928056,0.0008355057216249406,0.0008391496376134455,0.0008269543177448213,0.0010369288502261043,0.001042602234520018,0.0010236145462840796,256,0.6000000000000001,0.08710955828428268,0.1021294891834259,0.08919999999999997
sea_anemone,3,7,random_inpainting,0.777,936.7777777777778,1.0,0.02786899358034134,0.006855920888483524,0.009580839425325394,0.00040970786358229816,0.0016828358639031649,0.0016648852033540606,0.0017253007972612977,0.0018498788122087717,0.0018342725234106183,0.0018867978360503912,256,0.6000000000000001,0.17545191943645477,0.1876741349697113,0.08919999999999997
shetland_sheepdog,3,7,random_inpainting,0.777,936.7777777777778,1.0,0.02786899358034134,0.006827958859503269,0.00962131842970848,0.0004118588985875249,0.0011323943035677075,0.0011340519413352013,0.0011285865912213922,0.0013445657677948475,0.0013441055780276656,0.001345622818917036,256,0.6000000000000001,0.1180630549788475,0.13413956761360168,0.08919999999999997
breastplate_armor,3,7,gaussian_blur,0.777,936.7777777777778,1.0,0.02786899358034134,0.00943124108016491,,,0.0016001322073861957,,,0.001763685024343431,,,256,0.6000000000000001,0.16682925820350647,0.1787174940109253,0.08919999999999997
crane_structure,3,7,gaussian_blur,0.777,936.7777777777778,1.0,0.02786899358034134,0.009490527212619781,,,0.0010299745481461287,,,0.0011384068056941032,,,256,0.6000000000000001,0.10738479346036911,0.114105224609375,0.08919999999999997
ibex_horns,3,7,gaussian_blur,0.777,936.7777777777778,1.0,0.02786899358034134,0.009464984759688377,,,0.0025801812298595905,,,0.0027215606532990932,,,256,0.6000000000000001,0.2690088152885437,0.2792641222476959,0.08919999999999997
junco,3,7,gaussian_blur,0.777,936.7777777777778,1.0,0.02786899358034134,0.009449189528822899,,,0.0008402550593018532,,,0.0010298211127519608,,,256,0.6000000000000001,0.08760472387075424,0.10154908895492554,0.08919999999999997
lakeside_beach,3,7,gaussian_blur,0.777,936.7777777777778,1.0,0.02786899358034134,0.00942980870604515,,,0.0008355057216249406,,,0.0010369288502261043,,,256,0.6000000000000001,0.08710955828428268,0.1021294891834259,0.08919999999999997
sea_anemone,3,7,gaussian_blur,0.777,936.7777777777778,1.0,0.02786899358034134,0.009435692802071571,,,0.0016828358639031649,,,0.0018498788122087717,,,256,0.6000000000000001,0.17545191943645477,0.1876741349697113,0.08919999999999997
shetland_sheepdog,3,7,gaussian_blur,0.777,936.7777777777778,1.0,0.02786899358034134,0.00948762521147728,,,0.0011323943035677075,,,0.0013445657677948475,,,256,0.6000000000000001,0.1180630549788475,0.13413956761360168,0.08919999999999997
breastplate_armor,3,7,motion_blur,0.777,936.7777777777778,1.0,0.02786899358034134,0.009356711059808731,,,0.0016001322073861957,,,0.001763685024343431,,,256,0.6000000000000001,0.16682925820350647,0.1787174940109253,0.08919999999999997
crane_structure,3,7,motion_blur,0.777,936.7777777777778,1.0,0.02786899358034134,0.009405103512108326,,,0.0010299745481461287,,,0.0011384068056941032,,,256,0.6000000000000001,0.10738479346036911,0.114105224609375,0.08919999999999997
ibex_horns,3,7,motion_blur,0.777,936.7777777777778,1.0,0.02786899358034134,0.009392685256898403,,,0.0025801812298595905,,,0.0027215606532990932,,,256,0.6000000000000001,0.2690088152885437,0.2792641222476959,0.08919999999999997
junco,3,7,motion_blur,0.777,936.7777777777778,1.0,0.02786899358034134,0.009366218000650406,,,0.0008402550593018532,,,0.0010298211127519608,,,256,0.6000000000000001,0.08760472387075424,0.10154908895492554,0.08919999999999997
lakeside_beach,3,7,motion_blur,0.777,936.7777777777778,1.0,0.02786899358034134,0.009347392246127129,,,0.0008355057216249406,,,0.0010369288502261043,,,256,0.6000000000000001,0.08710955828428268,0.1021294891834259,0.08919999999999997
sea_anemone,3,7,motion_blur,0.777,936.7777777777778,1.0,0.02786899358034134,0.009364040568470955,,,0.0016828358639031649,,,0.0018498788122087717,,,256,0.6000000000000001,0.17545191943645477,0.1876741349697113,0.08919999999999997
shetland_sheepdog,3,7,motion_blur,0.777,936.7777777777778,1.0,0.02786899358034134,0.009403548203408718,,,0.0011323943035677075,,,0.0013445657677948475,,,256,0.6000000000000001,0.1180630549788475,0.13413956761360168,0.08919999999999997
breastplate_armor,3,7,superresolution,0.777,936.7777777777778,1.0,0.02786899358034134,0.009490754455327988,,,0.0016001322073861957,,,0.001763685024343431,,,256,0.6000000000000001,0.16682925820350647,0.1787174940109253,0.08919999999999997
crane_structure,3,7,superresolution,0.777,936.7777777777778,1.0,0.02786899358034134,0.00954568013548851,,,0.0010299745481461287,,,0.0011384068056941032,,,256,0.6000000000000001,0.10738479346036911,0.114105224609375,0.08919999999999997
ibex_horns,3,7,superresolution,0.777,936.7777777777778,1.0,0.02786899358034134,0.00952506810426712,,,0.0025801812298595905,,,0.0027215606532990932,,,256,0.6000000000000001,0.2690088152885437,0.2792641222476959,0.08919999999999997
junco,3,7,superresolution,0.777,936.7777777777778,1.0,0.02786899358034134,0.009502077475190163,,,0.0008402550593018532,,,0.0010298211127519608,,,256,0.6000000000000001,0.08760472387075424,0.10154908895492554,0.08919999999999997
lakeside_beach,3,7,superresolution,0.777,936.7777777777778,1.0,0.02786899358034134,0.009478558786213398,,,0.0008355057216249406,,,0.0010369288502261043,,,256,0.6000000000000001,0.08710955828428268,0.1021294891834259,0.08919999999999997
sea_anemone,3,7,superresolution,0.777,936.7777777777778,1.0,0.02786899358034134,0.009499101899564266,,,0.0016828358639031649,,,0.0018498788122087717,,,256,0.6000000000000001,0.17545191943645477,0.1876741349697113,0.08919999999999997
shetland_sheepdog,3,7,superresolution,0.777,936.7777777777778,1.0,0.02786899358034134,0.009544044733047485,,,0.0011323943035677075,,,0.0013445657677948475,,,256,0.6000000000000001,0.1180630549788475,0.13413956761360168,0.08919999999999997
breastplate_armor,3,8,box_inpainting,0.888,967.8888888888889,1.0,0.044657252728939056,0.0010123040992766619,0.002180560491979122,0.0006228853017091751,0.0006168727995827794,0.000637608056422323,0.0006099610473029315,0.000763596675824374,0.0007762648165225983,0.0007593739428557456,256,0.6000000000000001,0.28043243288993835,0.3073938488960266,0.044799999999999986
crane_structure,3,8,box_inpainting,0.888,967.8888888888889,1.0,0.044657252728939056,0.0010196795919910073,0.0022042046766728163,0.0006248378194868565,0.0003874378162436187,0.0005511821364052594,0.0003328563179820776,0.0005268134409561753,0.0006507970974780619,0.00048548553604632616,256,0.6000000000000001,0.17613045871257782,0.19707903265953064,0.044799999999999986
ibex_horns,3,8,box_inpainting,0.888,967.8888888888889,1.0,0.044657252728939056,0.001015889341942966,0.002192004816606641,0.0006238507339730859,0.0009142339113168418,0.0010120789520442486,0.000881618820130825,0.0010248009348288178,0.0010944809764623642,0.001001574331894517,256,0.6000000000000001,0.4156137704849243,0.4345402419567108,0.044799999999999986
junco,3,8,box_inpainting,0.888,967.8888888888889,1.0,0.044657252728939056,0.001017474802210927,0.00220589991658926,0.0006213329033926129,0.00036887178430333734,0.0004776786081492901,0.0003326028527226299,0.0005431241588667035,0.0006454490940086544,0.0005090158665552735,256,0.6000000000000001,0.16769036650657654,0.20036432147026062,0.044799999999999986
lakeside_beach,3,8,box_inpainting,0.888,967.8888888888889,1.0,0.044657252728939056,0.0010114081669598818,0.002178766531869769,0.000622288731392473,0.0003828970657195896,0.0005000134115107358,0.00034385829349048436,0.00056059705093503,0.0006605628877878189,0.0005272750277072191,256,0.6000000000000001,0.17406629025936127,0.20818941295146942,0.044799999999999986
sea_anemone,3,8,box_inpainting,0.888,967.8888888888889,1.0,0.044657252728939056,0.0010145925916731358,0.0021910816431045532,0.0006224296521395445,0.0007508813869208097,0.0007001500925980508,0.0007677918765693903,0.0008917833911255002,0.0008501605479978025,0.0009056575945578516,256,0.6000000000000001,0.34135323762893677,0.3682660758495331,0.044799999999999986
shetland_sheepdog,3,8,box_inpainting,0.888,967.8888888888889,1.0,0.044657252728939056,0.0010178907541558146,0.002193738706409931,0.0006259414367377758,0.0005000687669962645,0.00043227383866906166,0.0005226671346463263,0.0006741536781191826,0.0006118474411778152,0.0006949224625714123,256,0.6000000000000001,0.2273329496383667,0.2617478370666504,0.044799999999999986
breastplate_armor,3,8,random_inpainting,0.888,967.8888888888889,1.0,0.044657252728939056,0.0017262161709368229,0.0021934371907263994,0.0006231913575902581,0.0006168727995827794,0.000617224199231714,0.0006160432239994407,0.000763596675824374,0.0007634987123310566,0.0007638277020305395,256,0.6000000000000001,0.28043243288993835,0.3073938488960266,0.044799999999999986
crane_structure,3,8,random_inpainting,0.888,967.8888888888889,1.0,0.044657252728939056,0.00173090526368469,0.0022068247199058533,0.0006247874116525054,0.0003874378162436187,0.00038552272599190474,0.00039188863593153656,0.0005268134409561753,0.0005253377021290362,0.0005302433273755014,256,0.6000000000000001,0.17613045871257782,0.19707903265953064,0.044799999999999986
ibex_horns,3,8,random_inpainting,0.888,967.8888888888889,1.0,0.044657252728939056,0.0017212480306625366,0.002195503795519471,0.0006268748547881842,0.0009142339113168418,0.000913530879188329,0.0009158560424111784,0.0010248009348288178,0.001023335731588304,0.0010281819850206375,256,0.6000000000000001,0.4156137704849243,0.4345402419567108,0.044799999999999986
junco,3,8,random_inpainting,0.888,967.8888888888889,1.0,0.044657252728939056,0.0017219658475369215,0.002192179672420025,0.0006260904483497143,0.00036887178430333734,0.0003706568095367402,0.00036471165367402136,0.0005431241588667035,0.0005435836501419544,0.0005420534289442003,256,0.6000000000000001,0.16769036650657654,0.20036432147026062,0.044799999999999986
lakeside_beach,3,8,random_inpainting,0.888,967.8888888888889,1.0,0.044657252728939056,0.001727648894302547,0.0022013431880623102,0.0006160087650641799,0.0003828970657195896,0.00038554423372261226,0.0003766848240047693,0.00056059705093503,0.0005640700692310929,0.0005524465814232826,256,0.6000000000000001,0.17406629025936127,0.20818941295146942,0.044799999999999986
sea_anemone,3,8,random_inpainting,0.888,967.8888888888889,1.0,0.044657252728939056,0.0017292326083406806,0.0021972900722175837,0.0006219706265255809,0.0007508813869208097,0.0007457580068148673,0.0007630014442838728,0.0008917833911255002,0.0008883282425813377,0.0008999569108709693,256,0.6000000000000001,0.34135323762893677,0.3682660758495331,0.044799999999999986
shetland_sheepdog,3,8,random_inpainting,0.888,967.8888888888889,1.0,0.044657252728939056,0.0017269313102588058,0.0022065734956413507,0.0006252359598875046,0.0005000687669962645,0.0004998563672415912,0.0005005566636100411,0.0006741536781191826,0.0006730144959874451,0.0006767704617232084,256,0.6000000000000001,0.2273329496383667,0.2617478370666504,0.044799999999999986
breastplate_armor,3,8,gaussian_blur,0.888,967.8888888888889,1.0,0.044657252728939056,0.0021822741255164146,,,0.0006168727995827794,,,0.000763596675824374,,,256,0.6000000000000001,0.28043243288993835,0.3073938488960266,0.044799999999999986
crane_structure,3,8,gaussian_blur,0.888,967.8888888888889,1.0,0.044657252728939056,0.0021957815624773502,,,0.0003874378162436187,,,0.0005268134409561753,,,256,0.6000000000000001,0.17613045871257782,0.19707903265953064,0.044799999999999986
ibex_horns,3,8,gaussian_blur,0.888,967.8888888888889,1.0,0.044657252728939056,0.0021889994386583567,,,0.0009142339113168418,,,0.0010248009348288178,,,256,0.6000000000000001,0.4156137704849243,0.4345402419567108,0.044799999999999986
junco,3,8,gaussian_blur,0.888,967.8888888888889,1.0,0.044657252728939056,0.0021859630942344666,,,0.00036887178430333734,,,0.0005431241588667035,,,256,0.6000000000000001,0.16769036650657654,0.20036432147026062,0.044799999999999986
lakeside_beach,3,8,gaussian_blur,0.888,967.8888888888889,1.0,0.044657252728939056,0.00218095351010561,,,0.0003828970657195896,,,0.00056059705093503,,,256,0.6000000000000001,0.17406629025936127,0.20818941295146942,0.044799999999999986
sea_anemone,3,8,gaussian_blur,0.888,967.8888888888889,1.0,0.044657252728939056,0.002183107193559408,,,0.0007508813869208097,,,0.0008917833911255002,,,256,0.6000000000000001,0.34135323762893677,0.3682660758495331,0.044799999999999986
shetland_sheepdog,3,8,gaussian_blur,0.888,967.8888888888889,1.0,0.044657252728939056,0.0021950476802885532,,,0.0005000687669962645,,,0.0006741536781191826,,,256,0.6000000000000001,0.2273329496383667,0.2617478370666504,0.044799999999999986
breastplate_armor,3,8,motion_blur,0.888,967.8888888888889,1.0,0.044657252728939056,0.0021779099479317665,,,0.0006168727995827794,,,0.000763596675824374,,,256,0.6000000000000001,0.28043243288993835,0.3073938488960266,0.044799999999999986
crane_structure,3,8,motion_blur,0.888,967.8888888888889,1.0,0.044657252728939056,0.0021888683550059795,,,0.0003874378162436187,,,0.0005268134409561753,,,256,0.6000000000000001,0.17613045871257782,0.19707903265953064,0.044799999999999986
ibex_horns,3,8,motion_blur,0.888,967.8888888888889,1.0,0.044657252728939056,0.0021850804332643747,,,0.0009142339113168418,,,0.0010248009348288178,,,256,0.6000000000000001,0.4156137704849243,0.4345402419567108,0.044799999999999986
junco,3,8,motion_blur,0.888,967.8888888888889,1.0,0.044657252728939056,0.0021798936650156975,,,0.00036887178430333734,,,0.0005431241588667035,,,256,0.6000000000000001,0.16769036650657654,0.20036432147026062,0.044799999999999986
lakeside_beach,3,8,motion_blur,0.888,967.8888888888889,1.0,0.044657252728939056,0.0021758456714451313,,,0.0003828970657195896,,,0.00056059705093503,,,256,0.6000000000000001,0.17406629025936127,0.20818941295146942,0.044799999999999986
sea_anemone,3,8,motion_blur,0.888,967.8888888888889,1.0,0.044657252728939056,0.0021791737526655197,,,0.0007508813869208097,,,0.0008917833911255002,,,256,0.6000000000000001,0.34135323762893677,0.3682660758495331,0.044799999999999986
shetland_sheepdog,3,8,motion_blur,0.888,967.8888888888889,1.0,0.044657252728939056,0.0021889277268201113,,,0.0005000687669962645,,,0.0006741536781191826,,,256,0.6000000000000001,0.2273329496383667,0.2617478370666504,0.044799999999999986
breastplate_armor,3,8,superresolution,0.888,967.8888888888889,1.0,0.044657252728939056,0.0021909200586378574,,,0.0006168727995827794,,,0.000763596675824374,,,256,0.6000000000000001,0.28043243288993835,0.3073938488960266,0.044799999999999986
crane_structure,3,8,superresolution,0.888,967.8888888888889,1.0,0.044657252728939056,0.002202850766479969,,,0.0003874378162436187,,,0.0005268134409561753,,,256,0.6000000000000001,0.17613045871257782,0.19707903265953064,0.044799999999999986
ibex_horns,3,8,superresolution,0.888,967.8888888888889,1.0,0.044657252728939056,0.0021975149866193533,,,0.0009142339113168418,,,0.0010248009348288178,,,256,0.6000000000000001,0.4156137704849243,0.4345402419567108,0.044799999999999986
junco,3,8,superresolution,0.888,967.8888888888889,1.0,0.044657252728939056,0.002193319145590067,,,0.00036887178430333734,,,0.0005431241588667035,,,256,0.6000000000000001,0.16769036650657654,0.20036432147026062,0.044799999999999986
lakeside_beach,3,8,superresolution,0.888,967.8888888888889,1.0,0.044657252728939056,0.00218838918954134,,,0.0003828970657195896,,,0.00056059705093503,,,256,0.6000000000000001,0.17406629025936127,0.20818941295146942,0.044799999999999986
sea_anemone,3,8,superresolution,0.888,967.8888888888889,1.0,0.044657252728939056,0.0021925782784819603,,,0.0007508813869208097,,,0.0008917833911255002,,,256,0.6000000000000001,0.34135323762893677,0.3682660758495331,0.044799999999999986
shetland_sheepdog,3,8,superresolution,0.888,967.8888888888889,1.0,0.044657252728939056,0.0022027248051017523,,,0.0005000687669962645,,,0.0006741536781191826,,,256,0.6000000000000001,0.2273329496383667,0.2617478370666504,0.044799999999999986
breastplate_armor,3,9,box_inpainting,0.999,999.0,1.0,0.14477470517158508,nan,nan,nan,1.4395163816516288e-07,1.421120572331347e-07,1.4456483654612384e-07,1.4799403288634494e-05,1.539789627713617e-05,1.4599905625800602e-05,256,0.6000000000000001,nan,nan,0.0004000000000000003
crane_structure,3,9,box_inpainting,0.999,999.0,1.0,0.14477470517158508,nan,nan,nan,1.4819531202192593e-07,1.5894210037004086e-07,1.446130255544631e-07,2.0766812667716295e-05,2.0526904336293228e-05,2.0846784536843188e-05,256,0.6000000000000001,nan,nan,0.0004000000000000003
ibex_horns,3,9,box_inpainting,0.999,999.0,1.0,0.14477470517158508,nan,nan,nan,1.631432269277866e-07,1.665797384475809e-07,1.6199770414004888e-07,8.639606676297262e-06,1.0843387826753315e-05,7.905013262643479e-06,256,0.6000000000000001,nan,nan,0.0004000000000000003
junco,3,9,box_inpainting,0.999,999.0,1.0,0.14477470517158508,nan,nan,nan,1.2449626751731557e-07,1.3057073999789282e-07,1.224714196723653e-07,3.85727544198744e-05,3.368025863892399e-05,4.0203583921538666e-05,256,0.6000000000000001,nan,nan,0.0004000000000000003
lakeside_beach,3,9,box_inpainting,0.999,999.0,1.0,0.14477470517158508,nan,nan,nan,1.2801960735941975e-07,1.3302006607318617e-07,1.2635277357730956e-07,2.7956539270235226e-05,2.096715797961224e-05,3.028633182111662e-05,256,0.6000000000000001,nan,nan,0.0004000000000000003
sea_anemone,3,9,box_inpainting,0.999,999.0,1.0,0.14477470517158508,nan,nan,nan,1.608423048082841e-07,1.593823384382631e-07,1.613289555280062e-07,3.2264269975712523e-06,2.5762080895219697e-06,3.44316663358768e-06,256,0.6000000000000001,nan,nan,0.0004000000000000003
shetland_sheepdog,3,9,box_inpainting,0.999,999.0,1.0,0.14477470517158508,nan,nan,nan,1.4477640775112377e-07,1.4138156245735445e-07,1.459080181120953e-07,1.4932548765500542e-05,1.5020234968687873e-05,1.4903319424774963e-05,256,0.6000000000000001,nan,nan,0.0004000000000000003
breastplate_armor,3,9,random_inpainting,0.999,999.0,1.0,0.14477470517158508,nan,nan,nan,1.4395163816516288e-07,1.4381110702288424e-07,1.442834189901987e-07,1.4799403288634494e-05,1.4634450053563341e-05,1.5188828911050223e-05,256,0.6000000000000001,nan,nan,0.0004000000000000003
crane_structure,3,9,random_inpainting,0.999,999.0,1.0,0.14477470517158508,nan,nan,nan,1.4819531202192593e-07,1.4816502869052783e-07,1.482656699636209e-07,2.0766812667716295e-05,2.0730067262775265e-05,2.0852221496170387e-05,256,0.6000000000000001,nan,nan,0.0004000000000000003
ibex_horns,3,9,random_inpainting,0.999,999.0,1.0,0.14477470517158508,nan,nan,nan,1.631432269277866e-07,1.627807080240018e-07,1.6397973467974225e-07,8.639606676297262e-06,8.634760888526216e-06,8.650790732644964e-06,256,0.6000000000000001,nan,nan,0.0004000000000000003
junco,3,9,random_inpainting,0.999,999.0,1.0,0.14477470517158508,nan,nan,nan,1.2449626751731557e-07,1.243081158008863e-07,1.2493472922869842e-07,3.85727544198744e-05,3.8309932278934866e-05,3.9185277273645625e-05,256,0.6000000000000001,nan,nan,0.0004000000000000003
lakeside_beach,3,9,random_inpainting,0.999,999.0,1.0,0.14477470517158508,nan,nan,nan,1.2801960735941975e-07,1.283364667870046e-07,1.2727598175388266e-07,2.7956539270235226e-05,2.8056798328179866e-05,2.7721254809875973e-05,256,0.6000000000000001,nan,nan,0.0004000000000000003
sea_anemone,3,9,random_inpainting,0.999,999.0,1.0,0.14477470517158508,nan,nan,nan,1.608423048082841e-07,1.608330535418645e-07,1.6086414689198136e-07,3.2264269975712523e-06,3.2049697438196745e-06,3.277187715866603e-06,256,0.6000000000000001,nan,nan,0.0004000000000000003
shetland_sheepdog,3,9,random_inpainting,0.999,999.0,1.0,0.14477470517158508,nan,nan,nan,1.4477640775112377e-07,1.4464104935996147e-07,1.4508729861972824e-07,1.4932548765500542e-05,1.50484120240435e-05,1.4666417882835958e-05,256,0.6000000000000001,nan,nan,0.0004000000000000003
breastplate_armor,3,9,gaussian_blur,0.999,999.0,1.0,0.14477470517158508,nan,,,1.4395163816516288e-07,,,1.4799403288634494e-05,,,256,0.6000000000000001,nan,nan,0.0004000000000000003
crane_structure,3,9,gaussian_blur,0.999,999.0,1.0,0.14477470517158508,nan,,,1.4819531202192593e-07,,,2.0766812667716295e-05,,,256,0.6000000000000001,nan,nan,0.0004000000000000003
ibex_horns,3,9,gaussian_blur,0.999,999.0,1.0,0.14477470517158508,nan,,,1.631432269277866e-07,,,8.639606676297262e-06,,,256,0.6000000000000001,nan,nan,0.0004000000000000003
junco,3,9,gaussian_blur,0.999,999.0,1.0,0.14477470517158508,nan,,,1.2449626751731557e-07,,,3.85727544198744e-05,,,256,0.6000000000000001,nan,nan,0.0004000000000000003
lakeside_beach,3,9,gaussian_blur,0.999,999.0,1.0,0.14477470517158508,nan,,,1.2801960735941975e-07,,,2.7956539270235226e-05,,,256,0.6000000000000001,nan,nan,0.0004000000000000003
sea_anemone,3,9,gaussian_blur,0.999,999.0,1.0,0.14477470517158508,nan,,,1.608423048082841e-07,,,3.2264269975712523e-06,,,256,0.6000000000000001,nan,nan,0.0004000000000000003
shetland_sheepdog,3,9,gaussian_blur,0.999,999.0,1.0,0.14477470517158508,nan,,,1.4477640775112377e-07,,,1.4932548765500542e-05,,,256,0.6000000000000001,nan,nan,0.0004000000000000003
breastplate_armor,3,9,motion_blur,0.999,999.0,1.0,0.14477470517158508,nan,,,1.4395163816516288e-07,,,1.4799403288634494e-05,,,256,0.6000000000000001,nan,nan,0.0004000000000000003
crane_structure,3,9,motion_blur,0.999,999.0,1.0,0.14477470517158508,nan,,,1.4819531202192593e-07,,,2.0766812667716295e-05,,,256,0.6000000000000001,nan,nan,0.0004000000000000003
ibex_horns,3,9,motion_blur,0.999,999.0,1.0,0.14477470517158508,nan,,,1.631432269277866e-07,,,8.639606676297262e-06,,,256,0.6000000000000001,nan,nan,0.0004000000000000003
junco,3,9,motion_blur,0.999,999.0,1.0,0.14477470517158508,nan,,,1.2449626751731557e-07,,,3.85727544198744e-05,,,256,0.6000000000000001,nan,nan,0.0004000000000000003
lakeside_beach,3,9,motion_blur,0.999,999.0,1.0,0.14477470517158508,nan,,,1.2801960735941975e-07,,,2.7956539270235226e-05,,,256,0.6000000000000001,nan,nan,0.0004000000000000003
sea_anemone,3,9,motion_blur,0.999,999.0,1.0,0.14477470517158508,nan,,,1.608423048082841e-07,,,3.2264269975712523e-06,,,256,0.6000000000000001,nan,nan,0.0004000000000000003
shetland_sheepdog,3,9,motion_blur,0.999,999.0,1.0,0.14477470517158508,nan,,,1.4477640775112377e-07,,,1.4932548765500542e-05,,,256,0.6000000000000001,nan,nan,0.0004000000000000003
breastplate_armor,3,9,superresolution,0.999,999.0,1.0,0.14477470517158508,nan,,,1.4395163816516288e-07,,,1.4799403288634494e-05,,,256,0.6000000000000001,nan,nan,0.0004000000000000003
crane_structure,3,9,superresolution,0.999,999.0,1.0,0.14477470517158508,nan,,,1.4819531202192593e-07,,,2.0766812667716295e-05,,,256,0.6000000000000001,nan,nan,0.0004000000000000003
ibex_horns,3,9,superresolution,0.999,999.0,1.0,0.14477470517158508,nan,,,1.631432269277866e-07,,,8.639606676297262e-06,,,256,0.6000000000000001,nan,nan,0.0004000000000000003
junco,3,9,superresolution,0.999,999.0,1.0,0.14477470517158508,nan,,,1.2449626751731557e-07,,,3.85727544198744e-05,,,256,0.6000000000000001,nan,nan,0.0004000000000000003
lakeside_beach,3,9,superresolution,0.999,999.0,1.0,0.14477470517158508,nan,,,1.2801960735941975e-07,,,2.7956539270235226e-05,,,256,0.6000000000000001,nan,nan,0.0004000000000000003
sea_anemone,3,9,superresolution,0.999,999.0,1.0,0.14477470517158508,nan,,,1.608423048082841e-07,,,3.2264269975712523e-06,,,256,0.6000000000000001,nan,nan,0.0004000000000000003
shetland_sheepdog,3,9,superresolution,0.999,999.0,1.0,0.14477470517158508,nan,,,1.4477640775112377e-07,,,1.4932548765500542e-05,,,256,0.6000000000000001,nan,nan,0.0004000000000000003
